Date,Close,High,Low,Open,Volume
,AAPL,AAPL,AAPL,AAPL,AAPL
1980-12-12,0.10,0.10,0.10,0.10,469033600
1980-12-15,0.09,0.09,0.09,0.09,175884800
1980-12-16,0.09,0.09,0.09,0.09,105728000
1980-12-17,0.09,0.09,0.09,0.09,86441600
1980-12-18,0.09,0.09,0.09,0.09,73449600
1980-12-19,0.10,0.10,0.10,0.10,48630400
1980-12-22,0.10,0.10,0.10,0.10,37363200
1980-12-23,0.11,0.11,0.11,0.11,46950400
1980-12-24,0.11,0.11,0.11,0.11,48003200
1980-12-26,0.12,0.12,0.12,0.12,55574400
1980-12-29,0.12,0.12,0.12,0.12,93161600
1980-12-30,0.12,0.12,0.12,0.12,68880000
1980-12-31,0.12,0.12,0.12,0.12,35750400
1981-01-02,0.12,0.12,0.12,0.12,21660800
1981-01-05,0.12,0.12,0.12,0.12,35728000
1981-01-06,0.11,0.11,0.11,0.11,45158400
1981-01-07,0.11,0.11,0.11,0.11,55686400
1981-01-08,0.10,0.10,0.10,0.10,39827200
1981-01-09,0.11,0.11,0.11,0.11,21504000
1981-01-12,0.11,0.11,0.11,0.11,23699200
1981-01-13,0.10,0.10,0.10,0.10,23049600
1981-01-14,0.10,0.10,0.10,0.10,14291200
1981-01-15,0.11,0.11,0.11,0.11,14067200
1981-01-16,0.11,0.11,0.11,0.11,13395200
1981-01-19,0.11,0.11,0.11,0.11,41574400
1981-01-20,0.11,0.11,0.11,0.11,30083200
1981-01-21,0.11,0.11,0.11,0.11,15904000
1981-01-22,0.11,0.11,0.11,0.11,35548800
1981-01-23,0.11,0.11,0.11,0.11,11222400
1981-01-26,0.11,0.11,0.11,0.11,24640000
1981-01-27,0.11,0.11,0.11,0.11,23699200
1981-01-28,0.11,0.11,0.11,0.11,28156800
1981-01-29,0.10,0.10,0.10,0.10,43904000
1981-01-30,0.10,0.10,0.10,0.10,46188800
1981-02-02,0.09,0.09,0.09,0.09,23766400
1981-02-03,0.09,0.09,0.09,0.09,19152000
1981-02-04,0.10,0.10,0.10,0.10,27865600
1981-02-05,0.10,0.10,0.10,0.10,7929600
1981-02-06,0.10,0.10,0.10,0.10,13865600
1981-02-09,0.09,0.09,0.09,0.09,16755200
1981-02-10,0.09,0.09,0.09,0.09,18345600
1981-02-11,0.09,0.09,0.09,0.09,13843200
1981-02-12,0.09,0.09,0.09,0.09,14560000
1981-02-13,0.09,0.09,0.09,0.09,11155200
1981-02-17,0.09,0.09,0.09,0.09,12275200
1981-02-18,0.09,0.09,0.09,0.09,19241600
1981-02-19,0.09,0.09,0.09,0.09,22310400
1981-02-20,0.08,0.08,0.08,0.08,24371200
1981-02-23,0.08,0.08,0.08,0.08,14112000
1981-02-24,0.08,0.08,0.08,0.08,16979200
1981-02-25,0.09,0.09,0.09,0.09,19488000
1981-02-26,0.09,0.09,0.09,0.09,10841600
1981-02-27,0.09,0.09,0.09,0.09,14761600
1981-03-02,0.09,0.09,0.09,0.09,11760000
1981-03-03,0.09,0.09,0.09,0.09,16172800
1981-03-04,0.09,0.09,0.09,0.09,13708800
1981-03-05,0.09,0.09,0.09,0.09,5376000
1981-03-06,0.09,0.09,0.09,0.09,11603200
1981-03-09,0.08,0.08,0.08,0.08,15321600
1981-03-10,0.08,0.08,0.08,0.08,28380800
1981-03-11,0.07,0.07,0.07,0.07,29859200
1981-03-12,0.08,0.08,0.08,0.08,59248000
1981-03-13,0.08,0.08,0.08,0.08,231302400
1981-03-16,0.08,0.08,0.08,0.08,37228800
1981-03-17,0.08,0.08,0.08,0.08,43747200
1981-03-18,0.09,0.09,0.09,0.09,36937600
1981-03-19,0.09,0.09,0.09,0.09,37811200
1981-03-20,0.09,0.09,0.09,0.09,14604800
1981-03-23,0.09,0.09,0.09,0.09,22019200
1981-03-24,0.09,0.09,0.09,0.09,28156800
1981-03-25,0.09,0.09,0.09,0.09,7056000
1981-03-26,0.09,0.09,0.09,0.09,12275200
1981-03-27,0.08,0.08,0.08,0.08,12252800
1981-03-30,0.08,0.09,0.08,0.08,9900800
1981-03-31,0.08,0.08,0.08,0.08,15993600
1981-04-01,0.08,0.08,0.08,0.08,34070400
1981-04-02,0.09,0.09,0.09,0.09,31404800
1981-04-03,0.09,0.09,0.09,0.09,16486400
1981-04-06,0.09,0.09,0.09,0.09,22803200
1981-04-07,0.09,0.09,0.09,0.09,10684800
1981-04-08,0.09,0.09,0.09,0.09,21952000
1981-04-09,0.09,0.09,0.09,0.09,12499200
1981-04-10,0.10,0.10,0.10,0.10,33465600
1981-04-13,0.10,0.10,0.10,0.10,16060800
1981-04-14,0.10,0.10,0.10,0.10,6652800
1981-04-15,0.09,0.09,0.09,0.09,34048000
1981-04-16,0.09,0.09,0.09,0.09,23878400
1981-04-20,0.09,0.09,0.09,0.09,35347200
1981-04-21,0.09,0.09,0.09,0.09,28537600
1981-04-22,0.10,0.10,0.10,0.10,18995200
1981-04-23,0.10,0.10,0.10,0.10,58016000
1981-04-24,0.10,0.10,0.10,0.10,35056000
1981-04-27,0.10,0.10,0.10,0.10,38528000
1981-04-28,0.10,0.10,0.10,0.10,32188800
1981-04-29,0.10,0.10,0.10,0.10,13641600
1981-04-30,0.10,0.10,0.10,0.10,12611200
1981-05-01,0.10,0.10,0.10,0.10,16553600
1981-05-04,0.10,0.10,0.10,0.10,14448000
1981-05-05,0.10,0.10,0.10,0.10,17539200
1981-05-06,0.09,0.09,0.09,0.09,18950400
1981-05-07,0.09,0.10,0.09,0.09,9363200
1981-05-08,0.10,0.10,0.10,0.10,7907200
1981-05-11,0.09,0.09,0.09,0.09,11939200
1981-05-12,0.09,0.09,0.09,0.09,4256000
1981-05-13,0.09,0.09,0.09,0.09,4905600
1981-05-14,0.09,0.09,0.09,0.09,4928000
1981-05-15,0.09,0.10,0.09,0.09,4905600
1981-05-18,0.10,0.10,0.10,0.10,4166400
1981-05-19,0.09,0.09,0.09,0.09,25424000
1981-05-20,0.10,0.10,0.10,0.10,13283200
1981-05-21,0.10,0.10,0.10,0.10,32211200
1981-05-22,0.11,0.11,0.11,0.11,31427200
1981-05-26,0.11,0.11,0.11,0.11,85344000
1981-05-27,0.11,0.11,0.11,0.11,149497600
1981-05-28,0.11,0.11,0.11,0.11,73987200
1981-05-29,0.11,0.11,0.11,0.11,59382400
1981-06-01,0.11,0.11,0.11,0.11,51251200
1981-06-02,0.11,0.11,0.11,0.11,40432000
1981-06-03,0.11,0.11,0.11,0.11,39446400
1981-06-04,0.11,0.11,0.11,0.11,56067200
1981-06-05,0.11,0.11,0.11,0.11,57680000
1981-06-08,0.10,0.10,0.10,0.10,93497600
1981-06-09,0.11,0.11,0.11,0.11,119593600
1981-06-10,0.11,0.11,0.11,0.11,25222400
1981-06-11,0.11,0.11,0.11,0.11,38976000
1981-06-12,0.11,0.11,0.11,0.11,25804800
1981-06-15,0.11,0.11,0.11,0.11,143763200
1981-06-16,0.11,0.11,0.11,0.11,37251200
1981-06-17,0.11,0.11,0.11,0.11,27574400
1981-06-18,0.11,0.11,0.11,0.11,23049600
1981-06-19,0.10,0.10,0.10,0.10,27507200
1981-06-22,0.10,0.10,0.10,0.10,10841600
1981-06-23,0.10,0.10,0.10,0.10,15030400
1981-06-24,0.10,0.10,0.10,0.10,23027200
1981-06-25,0.10,0.10,0.10,0.10,24259200
1981-06-26,0.10,0.10,0.10,0.10,23788800
1981-06-29,0.10,0.10,0.10,0.10,10595200
1981-06-30,0.09,0.09,0.09,0.09,35907200
1981-07-01,0.09,0.09,0.09,0.09,170464000
1981-07-02,0.09,0.09,0.09,0.09,30284800
1981-07-06,0.08,0.09,0.08,0.09,16531200
1981-07-07,0.09,0.09,0.09,0.09,15836800
1981-07-08,0.09,0.09,0.09,0.09,16620800
1981-07-09,0.08,0.08,0.08,0.08,32883200
1981-07-10,0.08,0.08,0.08,0.08,55171200
1981-07-13,0.08,0.08,0.08,0.08,45740800
1981-07-14,0.08,0.08,0.08,0.08,19779200
1981-07-15,0.08,0.08,0.08,0.08,10953600
1981-07-16,0.09,0.09,0.09,0.09,15232000
1981-07-17,0.09,0.09,0.09,0.09,19824000
1981-07-20,0.08,0.08,0.08,0.08,23654400
1981-07-21,0.08,0.08,0.08,0.08,31942400
1981-07-22,0.08,0.08,0.08,0.08,22668800
1981-07-23,0.08,0.08,0.08,0.08,34451200
1981-07-24,0.08,0.08,0.08,0.08,28851200
1981-07-27,0.09,0.09,0.09,0.09,17337600
1981-07-28,0.08,0.08,0.08,0.08,22848000
1981-07-29,0.08,0.08,0.08,0.08,15500800
1981-07-30,0.08,0.08,0.08,0.08,9900800
1981-07-31,0.09,0.09,0.09,0.09,10953600
1981-08-03,0.08,0.09,0.08,0.09,12432000
1981-08-04,0.09,0.09,0.09,0.09,31673600
1981-08-05,0.09,0.09,0.09,0.09,17494400
1981-08-06,0.09,0.09,0.09,0.09,10528000
1981-08-07,0.09,0.09,0.09,0.09,9206400
1981-08-10,0.09,0.09,0.09,0.09,0
1981-08-11,0.08,0.08,0.08,0.08,71456000
1981-08-12,0.08,0.08,0.08,0.08,26275200
1981-08-13,0.08,0.08,0.08,0.08,27484800
1981-08-14,0.08,0.08,0.08,0.08,24192000
1981-08-17,0.08,0.08,0.08,0.08,18905600
1981-08-18,0.07,0.07,0.07,0.07,17001600
1981-08-19,0.07,0.07,0.07,0.07,20675200
1981-08-20,0.07,0.07,0.07,0.07,17113600
1981-08-21,0.07,0.07,0.07,0.07,41910400
1981-08-24,0.06,0.06,0.06,0.06,23072000
1981-08-25,0.07,0.07,0.07,0.07,40700800
1981-08-26,0.06,0.07,0.06,0.07,33600000
1981-08-27,0.07,0.07,0.07,0.07,25916800
1981-08-28,0.07,0.07,0.07,0.07,38035200
1981-08-31,0.07,0.07,0.07,0.07,40947200
1981-09-01,0.07,0.07,0.07,0.07,37027200
1981-09-02,0.07,0.07,0.07,0.07,19376000
1981-09-03,0.07,0.07,0.07,0.07,37475200
1981-09-04,0.07,0.07,0.07,0.07,15254400
1981-09-08,0.07,0.07,0.07,0.07,25446400
1981-09-09,0.07,0.07,0.07,0.07,30531200
1981-09-10,0.07,0.07,0.07,0.07,34809600
1981-09-11,0.07,0.07,0.07,0.07,17539200
1981-09-14,0.06,0.07,0.06,0.07,27686400
1981-09-15,0.06,0.06,0.06,0.06,19510400
1981-09-16,0.06,0.06,0.06,0.06,19353600
1981-09-17,0.06,0.06,0.06,0.06,19376000
1981-09-18,0.06,0.06,0.06,0.06,26320000
1981-09-21,0.06,0.06,0.06,0.06,49033600
1981-09-22,0.06,0.06,0.06,0.06,47420800
1981-09-23,0.06,0.06,0.06,0.06,28201600
1981-09-24,0.06,0.06,0.06,0.06,18300800
1981-09-25,0.05,0.05,0.05,0.05,34608000
1981-09-28,0.05,0.05,0.05,0.05,91728000
1981-09-29,0.05,0.05,0.05,0.05,94684800
1981-09-30,0.05,0.05,0.05,0.05,49996800
1981-10-01,0.05,0.05,0.05,0.05,61129600
1981-10-02,0.06,0.06,0.06,0.06,45046400
1981-10-05,0.06,0.06,0.06,0.06,43097600
1981-10-06,0.06,0.06,0.06,0.06,28358400
1981-10-07,0.06,0.06,0.06,0.06,38841600
1981-10-08,0.06,0.06,0.06,0.06,31091200
1981-10-09,0.06,0.06,0.06,0.06,54521600
1981-10-12,0.07,0.07,0.07,0.07,27350400
1981-10-13,0.07,0.07,0.07,0.07,44195200
1981-10-14,0.06,0.06,0.06,0.06,30979200
1981-10-15,0.06,0.06,0.06,0.06,29433600
1981-10-16,0.06,0.06,0.06,0.06,36467200
1981-10-19,0.06,0.06,0.06,0.06,20585600
1981-10-20,0.07,0.07,0.07,0.07,35728000
1981-10-21,0.07,0.07,0.07,0.07,76899200
1981-10-22,0.07,0.07,0.07,0.07,32278400
1981-10-23,0.06,0.07,0.06,0.07,27910400
1981-10-26,0.06,0.07,0.06,0.06,27283200
1981-10-27,0.07,0.07,0.07,0.07,85590400
1981-10-28,0.07,0.07,0.07,0.07,44172800
1981-10-29,0.07,0.07,0.07,0.07,30486400
1981-10-30,0.07,0.07,0.07,0.07,52729600
1981-11-02,0.07,0.07,0.07,0.07,36915200
1981-11-03,0.07,0.07,0.07,0.07,28380800
1981-11-04,0.07,0.07,0.07,0.07,23811200
1981-11-05,0.06,0.06,0.06,0.06,23363200
1981-11-06,0.06,0.06,0.06,0.06,24595200
1981-11-09,0.06,0.06,0.06,0.06,20384000
1981-11-10,0.06,0.06,0.06,0.06,16755200
1981-11-11,0.06,0.06,0.06,0.06,27440000
1981-11-12,0.07,0.07,0.07,0.07,39916800
1981-11-13,0.06,0.06,0.06,0.06,21011200
1981-11-16,0.06,0.06,0.06,0.06,22556800
1981-11-17,0.06,0.06,0.06,0.06,35414400
1981-11-18,0.06,0.06,0.06,0.06,29142400
1981-11-19,0.06,0.06,0.06,0.06,40006400
1981-11-20,0.06,0.07,0.06,0.06,38102400
1981-11-23,0.06,0.06,0.06,0.06,22960000
1981-11-24,0.06,0.06,0.06,0.06,22153600
1981-11-25,0.06,0.06,0.06,0.06,52550400
1981-11-27,0.06,0.06,0.06,0.06,37251200
1981-11-30,0.06,0.06,0.06,0.06,23968000
1981-12-01,0.06,0.06,0.06,0.06,23385600
1981-12-02,0.06,0.06,0.06,0.06,37564800
1981-12-03,0.06,0.06,0.06,0.06,20428800
1981-12-04,0.06,0.07,0.06,0.06,137155200
1981-12-07,0.07,0.07,0.07,0.07,59292800
1981-12-08,0.06,0.06,0.06,0.06,50624000
1981-12-09,0.06,0.06,0.06,0.06,34272000
1981-12-10,0.06,0.06,0.06,0.06,37408000
1981-12-11,0.06,0.06,0.06,0.06,76092800
1981-12-14,0.06,0.06,0.06,0.06,25244800
1981-12-15,0.06,0.06,0.06,0.06,31315200
1981-12-16,0.07,0.07,0.07,0.07,65452800
1981-12-17,0.07,0.07,0.07,0.07,51452800
1981-12-18,0.08,0.08,0.08,0.08,71724800
1981-12-21,0.07,0.08,0.07,0.08,56403200
1981-12-22,0.08,0.08,0.08,0.08,53827200
1981-12-23,0.07,0.07,0.07,0.07,28896000
1981-12-24,0.07,0.08,0.07,0.07,28918400
1981-12-28,0.07,0.07,0.07,0.07,36579200
1981-12-29,0.07,0.07,0.07,0.07,24236800
1981-12-30,0.08,0.08,0.08,0.08,32188800
1981-12-31,0.08,0.08,0.08,0.08,54656000
1982-01-04,0.08,0.08,0.08,0.08,71254400
1982-01-05,0.07,0.07,0.07,0.07,35840000
1982-01-06,0.07,0.07,0.07,0.07,66080000
1982-01-07,0.06,0.07,0.06,0.07,70044800
1982-01-08,0.07,0.07,0.07,0.07,56604800
1982-01-11,0.06,0.06,0.06,0.06,33331200
1982-01-12,0.06,0.06,0.06,0.06,59920000
1982-01-13,0.06,0.06,0.06,0.06,41753600
1982-01-14,0.06,0.06,0.06,0.06,25715200
1982-01-15,0.07,0.07,0.07,0.07,46704000
1982-01-18,0.07,0.07,0.07,0.07,28000000
1982-01-19,0.07,0.07,0.07,0.07,55507200
1982-01-20,0.07,0.07,0.07,0.07,25827200
1982-01-21,0.07,0.07,0.07,0.07,33331200
1982-01-22,0.07,0.07,0.07,0.07,24259200
1982-01-25,0.07,0.07,0.07,0.07,44710400
1982-01-26,0.07,0.07,0.07,0.07,21212800
1982-01-27,0.07,0.07,0.07,0.07,31360000
1982-01-28,0.07,0.07,0.07,0.07,39603200
1982-01-29,0.07,0.07,0.07,0.07,53155200
1982-02-01,0.07,0.07,0.07,0.07,38528000
1982-02-02,0.07,0.07,0.07,0.07,54275200
1982-02-03,0.07,0.07,0.07,0.07,31472000
1982-02-04,0.07,0.07,0.07,0.07,22041600
1982-02-05,0.07,0.07,0.07,0.07,40297600
1982-02-08,0.06,0.06,0.06,0.06,31696000
1982-02-09,0.06,0.06,0.06,0.06,57904000
1982-02-10,0.06,0.06,0.06,0.06,38796800
1982-02-11,0.06,0.06,0.06,0.06,24528000
1982-02-12,0.06,0.06,0.06,0.06,19644800
1982-02-16,0.06,0.06,0.06,0.06,34316800
1982-02-17,0.06,0.06,0.06,0.06,25580800
1982-02-18,0.06,0.06,0.06,0.06,28380800
1982-02-19,0.06,0.06,0.06,0.06,13596800
1982-02-22,0.06,0.06,0.06,0.06,26633600
1982-02-23,0.06,0.06,0.06,0.06,34540800
1982-02-24,0.06,0.06,0.06,0.06,37945600
1982-02-25,0.06,0.06,0.06,0.06,30800000
1982-02-26,0.06,0.06,0.06,0.06,17427200
1982-03-01,0.06,0.06,0.06,0.06,35302400
1982-03-02,0.06,0.06,0.06,0.06,34809600
1982-03-03,0.06,0.06,0.06,0.06,23654400
1982-03-04,0.06,0.06,0.06,0.06,38371200
1982-03-05,0.06,0.06,0.06,0.06,45315200
1982-03-08,0.06,0.06,0.06,0.06,35145600
1982-03-09,0.06,0.06,0.06,0.06,52505600
1982-03-10,0.06,0.06,0.06,0.06,86934400
1982-03-11,0.06,0.06,0.06,0.06,22579200
1982-03-12,0.05,0.05,0.05,0.05,46547200
1982-03-15,0.05,0.05,0.05,0.05,51363200
1982-03-16,0.05,0.05,0.05,0.05,47152000
1982-03-17,0.05,0.05,0.05,0.05,50489600
1982-03-18,0.05,0.05,0.05,0.05,56336000
1982-03-19,0.06,0.06,0.06,0.06,65811200
1982-03-22,0.06,0.06,0.06,0.06,69193600
1982-03-23,0.06,0.06,0.06,0.06,55955200
1982-03-24,0.06,0.06,0.06,0.06,51609600
1982-03-25,0.06,0.06,0.06,0.06,84112000
1982-03-26,0.06,0.06,0.06,0.06,50780800
1982-03-29,0.06,0.06,0.06,0.06,67603200
1982-03-30,0.06,0.06,0.06,0.06,77952000
1982-03-31,0.06,0.06,0.06,0.06,50153600
1982-04-01,0.06,0.06,0.06,0.06,59136000
1982-04-02,0.06,0.06,0.06,0.06,84806400
1982-04-05,0.06,0.06,0.06,0.06,86643200
1982-04-06,0.06,0.06,0.06,0.06,71590400
1982-04-07,0.06,0.06,0.06,0.06,29097600
1982-04-08,0.06,0.06,0.06,0.06,23990400
1982-04-12,0.06,0.06,0.06,0.06,44307200
1982-04-13,0.05,0.06,0.05,0.06,85299200
1982-04-14,0.06,0.06,0.06,0.06,113590400
1982-04-15,0.06,0.06,0.06,0.06,164281600
1982-04-16,0.06,0.06,0.06,0.06,104048000
1982-04-19,0.06,0.06,0.06,0.06,41283200
1982-04-20,0.05,0.05,0.05,0.05,80550400
1982-04-21,0.05,0.05,0.05,0.05,73024000
1982-04-22,0.05,0.05,0.05,0.05,52595200
1982-04-23,0.05,0.05,0.05,0.05,48294400
1982-04-26,0.05,0.05,0.05,0.05,57926400
1982-04-27,0.05,0.05,0.05,0.05,70268800
1982-04-28,0.05,0.05,0.05,0.05,99232000
1982-04-29,0.05,0.05,0.05,0.05,82230400
1982-04-30,0.05,0.05,0.05,0.05,277401600
1982-05-03,0.05,0.05,0.05,0.05,82700800
1982-05-04,0.05,0.05,0.05,0.05,73987200
1982-05-05,0.05,0.05,0.05,0.05,53939200
1982-05-06,0.05,0.06,0.05,0.05,75465600
1982-05-07,0.06,0.06,0.06,0.06,84716800
1982-05-10,0.05,0.06,0.05,0.06,31606400
1982-05-11,0.05,0.05,0.05,0.05,103017600
1982-05-12,0.05,0.05,0.05,0.05,71008000
1982-05-13,0.05,0.05,0.05,0.05,54454400
1982-05-14,0.05,0.05,0.05,0.05,95737600
1982-05-17,0.05,0.05,0.05,0.05,76204800
1982-05-18,0.05,0.05,0.05,0.05,122035200
1982-05-19,0.05,0.05,0.05,0.05,75286400
1982-05-20,0.05,0.05,0.05,0.05,27619200
1982-05-21,0.05,0.05,0.05,0.05,38841600
1982-05-24,0.05,0.05,0.05,0.05,31987200
1982-05-25,0.05,0.05,0.05,0.05,51564800
1982-05-26,0.05,0.05,0.05,0.05,43276800
1982-05-27,0.05,0.05,0.05,0.05,31248000
1982-05-28,0.05,0.05,0.05,0.05,19196800
1982-06-01,0.05,0.05,0.05,0.05,47600000
1982-06-02,0.05,0.05,0.05,0.05,32905600
1982-06-03,0.05,0.05,0.05,0.05,39760000
1982-06-04,0.04,0.05,0.04,0.05,37676800
1982-06-07,0.04,0.05,0.04,0.04,37161600
1982-06-08,0.04,0.04,0.04,0.04,31404800
1982-06-09,0.04,0.04,0.04,0.04,33846400
1982-06-10,0.04,0.04,0.04,0.04,34406400
1982-06-11,0.05,0.05,0.05,0.05,54633600
1982-06-14,0.05,0.05,0.05,0.05,29993600
1982-06-15,0.05,0.05,0.05,0.05,35212800
1982-06-16,0.05,0.05,0.05,0.05,41731200
1982-06-17,0.04,0.05,0.04,0.05,29164800
1982-06-18,0.04,0.04,0.04,0.04,19868800
1982-06-21,0.04,0.04,0.04,0.04,28537600
1982-06-22,0.05,0.05,0.05,0.05,17561600
1982-06-23,0.05,0.05,0.05,0.05,52752000
1982-06-24,0.05,0.05,0.05,0.05,44150400
1982-06-25,0.05,0.05,0.05,0.05,26678400
1982-06-28,0.04,0.05,0.04,0.05,25155200
1982-06-29,0.04,0.04,0.04,0.04,35817600
1982-06-30,0.04,0.04,0.04,0.04,67625600
1982-07-01,0.04,0.04,0.04,0.04,55731200
1982-07-02,0.04,0.04,0.04,0.04,58105600
1982-07-06,0.04,0.04,0.04,0.04,87696000
1982-07-07,0.04,0.04,0.04,0.04,30374400
1982-07-08,0.04,0.04,0.04,0.04,164326400
1982-07-09,0.04,0.04,0.04,0.04,128419200
1982-07-12,0.04,0.04,0.04,0.04,63392000
1982-07-13,0.04,0.04,0.04,0.04,114374400
1982-07-14,0.04,0.04,0.04,0.04,71120000
1982-07-15,0.04,0.04,0.04,0.04,65788800
1982-07-16,0.05,0.05,0.05,0.05,77011200
1982-07-19,0.05,0.05,0.05,0.05,83776000
1982-07-20,0.05,0.05,0.05,0.05,49705600
1982-07-21,0.05,0.05,0.05,0.05,71702400
1982-07-22,0.05,0.05,0.05,0.05,35212800
1982-07-23,0.05,0.05,0.05,0.05,18300800
1982-07-26,0.05,0.05,0.05,0.05,56851200
1982-07-27,0.05,0.05,0.05,0.05,32323200
1982-07-28,0.04,0.04,0.04,0.04,53513600
1982-07-29,0.05,0.05,0.05,0.05,61868800
1982-07-30,0.05,0.05,0.05,0.05,38617600
1982-08-02,0.05,0.05,0.05,0.05,94393600
1982-08-03,0.04,0.04,0.04,0.04,89868800
1982-08-04,0.04,0.04,0.04,0.04,83865600
1982-08-05,0.04,0.04,0.04,0.04,69753600
1982-08-06,0.04,0.04,0.04,0.04,96835200
1982-08-09,0.04,0.04,0.04,0.04,56112000
1982-08-10,0.04,0.05,0.04,0.04,112246400
1982-08-11,0.05,0.05,0.05,0.05,69888000
1982-08-12,0.04,0.05,0.04,0.05,30620800
1982-08-13,0.04,0.05,0.04,0.04,25961600
1982-08-16,0.05,0.05,0.05,0.05,38416000
1982-08-17,0.05,0.05,0.05,0.05,47734400
1982-08-18,0.05,0.05,0.05,0.05,125059200
1982-08-19,0.05,0.05,0.05,0.05,47622400
1982-08-20,0.05,0.05,0.05,0.05,54857600
1982-08-23,0.05,0.05,0.05,0.05,69686400
1982-08-24,0.06,0.06,0.06,0.06,155769600
1982-08-25,0.06,0.06,0.06,0.06,357078400
1982-08-26,0.06,0.06,0.06,0.06,210582400
1982-08-27,0.06,0.06,0.06,0.06,98649600
1982-08-30,0.06,0.06,0.06,0.06,80438400
1982-08-31,0.06,0.06,0.06,0.06,140560000
1982-09-01,0.06,0.06,0.06,0.06,82566400
1982-09-02,0.06,0.06,0.06,0.06,75420800
1982-09-03,0.06,0.06,0.06,0.06,104540800
1982-09-07,0.06,0.06,0.06,0.06,81379200
1982-09-08,0.06,0.06,0.06,0.06,72329600
1982-09-09,0.06,0.06,0.06,0.06,63593600
1982-09-10,0.06,0.06,0.06,0.06,56067200
1982-09-13,0.06,0.06,0.06,0.06,58889600
1982-09-14,0.06,0.06,0.06,0.06,101494400
1982-09-15,0.06,0.06,0.06,0.06,71747200
1982-09-16,0.06,0.06,0.06,0.06,80371200
1982-09-17,0.06,0.06,0.06,0.06,54051200
1982-09-20,0.06,0.06,0.06,0.06,39132800
1982-09-21,0.06,0.06,0.06,0.06,36668800
1982-09-22,0.06,0.06,0.06,0.06,103376000
1982-09-23,0.06,0.06,0.06,0.06,139820800
1982-09-24,0.06,0.06,0.06,0.06,178192000
1982-09-27,0.06,0.06,0.06,0.06,38147200
1982-09-28,0.06,0.06,0.06,0.06,85523200
1982-09-29,0.06,0.06,0.06,0.06,65564800
1982-09-30,0.06,0.06,0.06,0.06,74681600
1982-10-01,0.06,0.06,0.06,0.06,46256000
1982-10-04,0.06,0.06,0.06,0.06,69328000
1982-10-05,0.06,0.07,0.06,0.06,80236800
1982-10-06,0.07,0.07,0.06,0.06,173532800
1982-10-07,0.07,0.08,0.07,0.07,311673600
1982-10-08,0.08,0.08,0.07,0.07,275542400
1982-10-11,0.08,0.08,0.08,0.08,313734400
1982-10-12,0.08,0.08,0.08,0.08,258944000
1982-10-13,0.08,0.08,0.08,0.08,198844800
1982-10-14,0.08,0.08,0.08,0.08,178662400
1982-10-15,0.08,0.08,0.08,0.08,144614400
1982-10-18,0.08,0.08,0.08,0.08,94348800
1982-10-19,0.08,0.08,0.08,0.08,122841600
1982-10-20,0.09,0.09,0.08,0.08,242099200
1982-10-21,0.09,0.09,0.09,0.09,227516800
1982-10-22,0.09,0.09,0.09,0.09,161683200
1982-10-25,0.08,0.09,0.08,0.09,184934400
1982-10-26,0.08,0.08,0.08,0.08,167753600
1982-10-27,0.09,0.09,0.08,0.08,191161600
1982-10-28,0.09,0.09,0.08,0.09,217683200
1982-10-29,0.09,0.09,0.08,0.09,118115200
1982-11-01,0.09,0.09,0.09,0.09,104361600
1982-11-02,0.10,0.10,0.09,0.09,310844800
1982-11-03,0.10,0.10,0.10,0.10,235132800
1982-11-04,0.11,0.11,0.10,0.10,329078400
1982-11-05,0.10,0.10,0.10,0.10,141500800
1982-11-08,0.10,0.10,0.10,0.10,119190400
1982-11-09,0.10,0.10,0.10,0.10,179782400
1982-11-10,0.11,0.11,0.10,0.10,202787200
1982-11-11,0.11,0.11,0.10,0.11,123155200
1982-11-12,0.11,0.12,0.11,0.11,131107200
1982-11-15,0.11,0.11,0.11,0.11,124588800
1982-11-16,0.10,0.11,0.10,0.11,182022400
1982-11-17,0.11,0.11,0.10,0.10,144144000
1982-11-18,0.11,0.11,0.11,0.11,152678400
1982-11-19,0.11,0.11,0.10,0.11,97305600
1982-11-22,0.10,0.11,0.10,0.11,101248000
1982-11-23,0.10,0.10,0.10,0.10,88502400
1982-11-24,0.10,0.10,0.10,0.10,73740800
1982-11-26,0.10,0.10,0.10,0.10,101987200
1982-11-29,0.10,0.10,0.10,0.10,49952000
1982-11-30,0.11,0.11,0.10,0.10,159196800
1982-12-01,0.11,0.12,0.11,0.11,206841600
1982-12-02,0.11,0.11,0.11,0.11,164729600
1982-12-03,0.11,0.11,0.11,0.11,47577600
1982-12-06,0.11,0.12,0.11,0.11,146585600
1982-12-07,0.12,0.12,0.11,0.11,167283200
1982-12-08,0.11,0.12,0.11,0.12,112313600
1982-12-09,0.11,0.11,0.11,0.11,194656000
1982-12-10,0.10,0.11,0.10,0.11,167484800
1982-12-13,0.10,0.10,0.10,0.10,95379200
1982-12-14,0.10,0.10,0.10,0.10,270054400
1982-12-15,0.10,0.10,0.09,0.10,130793600
1982-12-16,0.10,0.10,0.10,0.10,141164800
1982-12-17,0.10,0.10,0.10,0.10,80729600
1982-12-20,0.10,0.10,0.10,0.10,69776000
1982-12-21,0.10,0.10,0.10,0.10,79945600
1982-12-22,0.11,0.11,0.10,0.10,101225600
1982-12-23,0.11,0.11,0.11,0.11,86979200
1982-12-27,0.11,0.11,0.11,0.11,61868800
1982-12-28,0.11,0.12,0.11,0.11,113366400
1982-12-29,0.11,0.11,0.11,0.11,80707200
1982-12-30,0.10,0.11,0.10,0.11,156867200
1982-12-31,0.10,0.10,0.10,0.10,49660800
1983-01-03,0.10,0.10,0.10,0.10,112828800
1983-01-04,0.10,0.10,0.10,0.10,223708800
1983-01-05,0.10,0.10,0.10,0.10,141545600
1983-01-06,0.10,0.10,0.10,0.10,97798400
1983-01-07,0.09,0.10,0.09,0.10,172054400
1983-01-10,0.10,0.10,0.09,0.09,275340800
1983-01-11,0.10,0.10,0.10,0.10,1388800
1983-01-12,0.10,0.11,0.10,0.10,176982400
1983-01-13,0.10,0.11,0.10,0.10,82275200
1983-01-14,0.11,0.11,0.11,0.11,184643200
1983-01-17,0.12,0.12,0.11,0.11,234864000
1983-01-18,0.11,0.12,0.11,0.12,219788800
1983-01-19,0.11,0.12,0.11,0.11,169657600
1983-01-20,0.13,0.13,0.11,0.11,707840000
1983-01-21,0.13,0.13,0.13,0.13,402595200
1983-01-24,0.12,0.13,0.12,0.13,315414400
1983-01-25,0.12,0.13,0.12,0.12,167036800
1983-01-26,0.13,0.13,0.13,0.13,203212800
1983-01-27,0.14,0.14,0.13,0.13,104316800
1983-01-28,0.14,0.14,0.14,0.14,397734400
1983-01-31,0.14,0.14,0.14,0.14,188003200
1983-02-01,0.14,0.14,0.14,0.14,210963200
1983-02-02,0.15,0.15,0.14,0.14,267052800
1983-02-03,0.15,0.15,0.15,0.15,252537600
1983-02-04,0.15,0.15,0.15,0.15,214345600
1983-02-07,0.14,0.15,0.14,0.15,142912000
1983-02-08,0.14,0.15,0.14,0.14,168112000
1983-02-09,0.14,0.15,0.14,0.14,180812800
1983-02-10,0.15,0.15,0.14,0.14,236723200
1983-02-11,0.16,0.16,0.15,0.15,203548800
1983-02-14,0.16,0.16,0.15,0.16,126179200
1983-02-15,0.15,0.16,0.15,0.16,115180800
1983-02-16,0.15,0.15,0.15,0.15,116569600
1983-02-17,0.15,0.15,0.15,0.15,136169600
1983-02-18,0.15,0.16,0.15,0.15,114889600
1983-02-22,0.16,0.16,0.16,0.16,196784000
1983-02-23,0.16,0.16,0.16,0.16,108035200
1983-02-24,0.16,0.17,0.16,0.16,115494400
1983-02-25,0.16,0.17,0.16,0.16,114688000
1983-02-28,0.16,0.16,0.16,0.16,132294400
1983-03-01,0.16,0.16,0.16,0.16,140268800
1983-03-02,0.16,0.16,0.16,0.16,105952000
1983-03-03,0.15,0.16,0.15,0.16,131532800
1983-03-04,0.15,0.15,0.15,0.15,151804800
1983-03-07,0.15,0.15,0.15,0.15,152678400
1983-03-08,0.14,0.15,0.14,0.15,220640000
1983-03-09,0.15,0.15,0.14,0.14,199337600
1983-03-10,0.15,0.15,0.15,0.15,112604800
1983-03-11,0.14,0.15,0.14,0.15,87763200
1983-03-14,0.14,0.14,0.14,0.14,171875200
1983-03-15,0.14,0.14,0.14,0.14,75062400
1983-03-16,0.14,0.15,0.14,0.14,110969600
1983-03-17,0.14,0.14,0.14,0.14,44150400
1983-03-18,0.15,0.15,0.14,0.14,86128000
1983-03-21,0.15,0.15,0.15,0.15,104025600
1983-03-22,0.15,0.15,0.15,0.15,101001600
1983-03-23,0.14,0.15,0.14,0.15,140761600
1983-03-24,0.15,0.15,0.14,0.14,102457600
1983-03-25,0.15,0.15,0.15,0.15,58060800
1983-03-28,0.15,0.15,0.14,0.15,74569600
1983-03-29,0.15,0.15,0.15,0.15,103734400
1983-03-30,0.15,0.15,0.15,0.15,87808000
1983-03-31,0.14,0.15,0.14,0.15,85142400
1983-04-04,0.14,0.14,0.14,0.14,127388800
1983-04-05,0.14,0.14,0.14,0.14,122102400
1983-04-06,0.14,0.14,0.13,0.14,213987200
1983-04-07,0.14,0.14,0.13,0.14,145510400
1983-04-08,0.13,0.14,0.13,0.14,150259200
1983-04-11,0.14,0.14,0.13,0.13,230473600
1983-04-12,0.15,0.15,0.14,0.14,174048000
1983-04-13,0.15,0.15,0.15,0.15,189772800
1983-04-14,0.15,0.15,0.15,0.15,136371200
1983-04-15,0.16,0.16,0.15,0.15,115001600
1983-04-18,0.16,0.16,0.16,0.16,155568000
1983-04-19,0.16,0.16,0.16,0.16,233878400
1983-04-20,0.17,0.17,0.16,0.16,288332800
1983-04-21,0.18,0.18,0.17,0.17,230048000
1983-04-22,0.17,0.18,0.17,0.18,127187200
1983-04-25,0.17,0.18,0.17,0.17,125708800
1983-04-26,0.17,0.17,0.17,0.17,99433600
1983-04-27,0.17,0.17,0.17,0.17,86038400
1983-04-28,0.17,0.17,0.17,0.17,79408000
1983-04-29,0.17,0.17,0.17,0.17,308313600
1983-05-02,0.17,0.17,0.17,0.17,97081600
1983-05-03,0.17,0.17,0.16,0.17,105996800
1983-05-04,0.18,0.18,0.17,0.17,129113600
1983-05-05,0.19,0.19,0.18,0.18,140492800
1983-05-06,0.19,0.19,0.18,0.19,100150400
1983-05-09,0.19,0.19,0.18,0.19,69171200
1983-05-10,0.19,0.19,0.18,0.19,51900800
1983-05-11,0.18,0.19,0.18,0.19,55260800
1983-05-12,0.18,0.18,0.18,0.18,98425600
1983-05-13,0.18,0.18,0.18,0.18,48966400
1983-05-16,0.18,0.18,0.18,0.18,69193600
1983-05-17,0.18,0.18,0.17,0.18,154358400
1983-05-18,0.18,0.18,0.18,0.18,157001600
1983-05-19,0.18,0.19,0.18,0.18,70291200
1983-05-20,0.19,0.19,0.18,0.18,146092800
1983-05-23,0.20,0.20,0.19,0.19,121744000
1983-05-24,0.21,0.21,0.20,0.20,107699200
1983-05-25,0.20,0.21,0.20,0.21,153731200
1983-05-26,0.20,0.21,0.20,0.20,105571200
1983-05-27,0.20,0.20,0.20,0.20,56627200
1983-05-31,0.20,0.20,0.19,0.20,45539200
1983-06-01,0.20,0.20,0.20,0.20,98089600
1983-06-02,0.20,0.20,0.20,0.20,79430400
1983-06-03,0.21,0.21,0.20,0.20,64534400
1983-06-06,0.21,0.21,0.21,0.21,104092800
1983-06-07,0.21,0.22,0.21,0.21,98179200
1983-06-08,0.20,0.21,0.20,0.21,84044800
1983-06-09,0.20,0.21,0.20,0.20,54790400
1983-06-10,0.20,0.20,0.20,0.20,37430400
1983-06-13,0.20,0.20,0.19,0.20,179267200
1983-06-14,0.19,0.20,0.19,0.20,170531200
1983-06-15,0.19,0.19,0.18,0.19,193356800
1983-06-16,0.20,0.20,0.19,0.19,122886400
1983-06-17,0.19,0.20,0.19,0.20,56044800
1983-06-20,0.18,0.19,0.18,0.19,139574400
1983-06-21,0.18,0.18,0.18,0.18,125462400
1983-06-22,0.19,0.19,0.18,0.18,140963200
1983-06-23,0.18,0.19,0.18,0.19,133996800
1983-06-24,0.18,0.19,0.18,0.18,47644800
1983-06-27,0.17,0.18,0.17,0.18,123043200
1983-06-28,0.16,0.17,0.16,0.17,349171200
1983-06-29,0.17,0.17,0.16,0.16,294380800
1983-06-30,0.17,0.17,0.17,0.17,110566400
1983-07-01,0.17,0.17,0.17,0.17,172256000
1983-07-05,0.16,0.17,0.16,0.17,82051200
1983-07-06,0.16,0.16,0.16,0.16,95916800
1983-07-07,0.16,0.16,0.16,0.16,89443200
1983-07-08,0.16,0.16,0.16,0.16,70179200
1983-07-11,0.16,0.16,0.16,0.16,112918400
1983-07-12,0.16,0.16,0.16,0.16,75196800
1983-07-13,0.16,0.16,0.15,0.16,129001600
1983-07-14,0.16,0.16,0.16,0.16,74905600
1983-07-15,0.15,0.16,0.15,0.16,67961600
1983-07-18,0.15,0.15,0.15,0.15,81625600
1983-07-19,0.15,0.16,0.15,0.15,171136000
1983-07-20,0.14,0.15,0.14,0.15,304886400
1983-07-21,0.15,0.15,0.14,0.14,317385600
1983-07-22,0.15,0.15,0.15,0.15,116435200
1983-07-25,0.15,0.15,0.15,0.15,76428800
1983-07-26,0.13,0.15,0.13,0.15,268979200
1983-07-27,0.12,0.14,0.12,0.13,300316800
1983-07-28,0.12,0.13,0.12,0.12,270480000
1983-07-29,0.12,0.12,0.12,0.12,220326400
1983-08-01,0.12,0.12,0.12,0.12,232444800
1983-08-02,0.12,0.12,0.12,0.12,101651200
1983-08-03,0.12,0.12,0.12,0.12,123827200
1983-08-04,0.11,0.12,0.11,0.12,292118400
1983-08-05,0.12,0.12,0.11,0.11,131420800
1983-08-08,0.12,0.12,0.11,0.12,76809600
1983-08-09,0.12,0.12,0.12,0.12,150371200
1983-08-10,0.12,0.12,0.11,0.12,161974400
1983-08-11,0.12,0.12,0.11,0.12,90182400
1983-08-12,0.11,0.12,0.11,0.12,74636800
1983-08-15,0.12,0.12,0.11,0.11,152275200
1983-08-16,0.12,0.12,0.11,0.12,91369600
1983-08-17,0.11,0.12,0.11,0.12,94438400
1983-08-18,0.11,0.12,0.11,0.11,81737600
1983-08-19,0.12,0.12,0.11,0.11,58598400
1983-08-22,0.11,0.12,0.11,0.12,85366400
1983-08-23,0.11,0.11,0.11,0.11,93587200
1983-08-24,0.10,0.11,0.10,0.11,113299200
1983-08-25,0.10,0.10,0.10,0.10,189772800
1983-08-26,0.11,0.11,0.10,0.10,93184000
1983-08-29,0.11,0.11,0.10,0.11,138297600
1983-08-30,0.11,0.11,0.11,0.11,233945600
1983-08-31,0.13,0.13,0.11,0.11,200233600
1983-09-01,0.12,0.13,0.12,0.13,218131200
1983-09-02,0.13,0.13,0.12,0.12,129337600
1983-09-06,0.13,0.14,0.13,0.13,181686400
1983-09-07,0.12,0.13,0.12,0.13,384854400
1983-09-08,0.11,0.12,0.11,0.12,307059200
1983-09-09,0.10,0.11,0.10,0.11,212688000
1983-09-12,0.10,0.11,0.10,0.10,266313600
1983-09-13,0.11,0.11,0.10,0.10,204176000
1983-09-14,0.11,0.11,0.11,0.11,181529600
1983-09-15,0.10,0.11,0.10,0.11,158838400
1983-09-16,0.10,0.10,0.10,0.10,225747200
1983-09-19,0.11,0.11,0.10,0.10,201980800
1983-09-20,0.11,0.11,0.11,0.11,226419200
1983-09-21,0.11,0.11,0.11,0.11,106355200
1983-09-22,0.11,0.11,0.11,0.11,144121600
1983-09-23,0.08,0.09,0.08,0.09,2832345600
1983-09-26,0.08,0.09,0.08,0.08,768768000
1983-09-27,0.08,0.09,0.08,0.08,417110400
1983-09-28,0.08,0.08,0.08,0.08,373497600
1983-09-29,0.08,0.08,0.08,0.08,282777600
1983-09-30,0.08,0.08,0.08,0.08,117868800
1983-10-03,0.08,0.08,0.08,0.08,152902400
1983-10-04,0.08,0.08,0.08,0.08,169612800
1983-10-05,0.08,0.08,0.08,0.08,190668800
1983-10-06,0.08,0.08,0.07,0.08,232937600
1983-10-07,0.07,0.08,0.07,0.08,246332800
1983-10-10,0.07,0.07,0.06,0.07,517126400
1983-10-11,0.07,0.07,0.07,0.07,252761600
1983-10-12,0.07,0.07,0.07,0.07,472617600
1983-10-13,0.08,0.08,0.07,0.07,420515200
1983-10-14,0.08,0.08,0.08,0.08,279260800
1983-10-17,0.07,0.08,0.07,0.08,219116800
1983-10-18,0.07,0.07,0.06,0.07,382972800
1983-10-19,0.07,0.08,0.07,0.07,287392000
1983-10-20,0.07,0.08,0.07,0.07,131689600
1983-10-21,0.07,0.07,0.07,0.07,157001600
1983-10-24,0.07,0.07,0.06,0.07,259392000
1983-10-25,0.07,0.07,0.07,0.07,168448000
1983-10-26,0.07,0.07,0.07,0.07,128912000
1983-10-27,0.07,0.07,0.07,0.07,97843200
1983-10-28,0.07,0.07,0.07,0.07,81200000
1983-10-31,0.08,0.08,0.07,0.07,173174400
1983-11-01,0.08,0.08,0.07,0.08,328384000
1983-11-02,0.08,0.08,0.08,0.08,202473600
1983-11-03,0.07,0.08,0.07,0.08,286003200
1983-11-04,0.07,0.08,0.07,0.07,146742400
1983-11-07,0.07,0.07,0.07,0.07,152118400
1983-11-08,0.06,0.07,0.06,0.07,1221516800
1983-11-09,0.07,0.07,0.06,0.06,353472000
1983-11-10,0.07,0.07,0.07,0.07,222073600
1983-11-11,0.07,0.07,0.07,0.07,116032000
1983-11-14,0.07,0.07,0.07,0.07,108281600
1983-11-15,0.07,0.07,0.06,0.07,118630400
1983-11-16,0.07,0.07,0.07,0.07,102278400
1983-11-17,0.07,0.07,0.07,0.07,90384000
1983-11-18,0.07,0.07,0.07,0.07,79900800
1983-11-21,0.07,0.07,0.07,0.07,105011200
1983-11-22,0.07,0.07,0.07,0.07,105190400
1983-11-23,0.07,0.07,0.07,0.07,114352000
1983-11-25,0.07,0.07,0.07,0.07,37296000
1983-11-28,0.07,0.07,0.07,0.07,72396800
1983-11-29,0.07,0.07,0.07,0.07,95289600
1983-11-30,0.07,0.07,0.07,0.07,64332800
1983-12-01,0.07,0.07,0.07,0.07,76675200
1983-12-02,0.07,0.07,0.07,0.07,85366400
1983-12-05,0.07,0.07,0.07,0.07,45158400
1983-12-06,0.07,0.07,0.07,0.07,51990400
1983-12-07,0.07,0.07,0.07,0.07,89152000
1983-12-08,0.07,0.08,0.07,0.07,137625600
1983-12-09,0.07,0.08,0.07,0.07,82768000
1983-12-12,0.07,0.07,0.07,0.07,65139200
1983-12-13,0.08,0.08,0.07,0.07,197545600
1983-12-14,0.08,0.08,0.07,0.08,201891200
1983-12-15,0.08,0.08,0.08,0.08,316601600
1983-12-16,0.08,0.09,0.08,0.08,184867200
1983-12-19,0.08,0.09,0.08,0.08,173600000
1983-12-20,0.08,0.08,0.08,0.08,177744000
1983-12-21,0.08,0.08,0.08,0.08,171785600
1983-12-22,0.08,0.08,0.08,0.08,130547200
1983-12-23,0.08,0.08,0.08,0.08,48563200
1983-12-27,0.08,0.09,0.08,0.08,96432000
1983-12-28,0.09,0.09,0.08,0.08,128553600
1983-12-29,0.08,0.09,0.08,0.09,102748800
1983-12-30,0.08,0.09,0.08,0.08,91862400
1984-01-03,0.09,0.09,0.08,0.08,150192000
1984-01-04,0.10,0.10,0.09,0.09,292611200
1984-01-05,0.10,0.10,0.09,0.10,305715200
1984-01-06,0.09,0.10,0.09,0.10,168492800
1984-01-09,0.09,0.09,0.09,0.09,215734400
1984-01-10,0.09,0.09,0.09,0.09,172188800
1984-01-11,0.10,0.10,0.09,0.09,175952000
1984-01-12,0.10,0.10,0.09,0.10,110342400
1984-01-13,0.09,0.10,0.09,0.10,121744000
1984-01-16,0.10,0.10,0.09,0.09,137580800
1984-01-17,0.10,0.10,0.10,0.10,149072000
1984-01-18,0.10,0.10,0.10,0.10,220505600
1984-01-19,0.10,0.10,0.10,0.10,149721600
1984-01-20,0.10,0.10,0.10,0.10,141344000
1984-01-23,0.10,0.10,0.10,0.10,278364800
1984-01-24,0.09,0.10,0.09,0.10,320230400
1984-01-25,0.09,0.10,0.09,0.09,263872000
1984-01-26,0.09,0.10,0.09,0.09,168492800
1984-01-27,0.09,0.09,0.09,0.09,194096000
1984-01-30,0.08,0.09,0.08,0.09,277468800
1984-01-31,0.08,0.09,0.08,0.08,345094400
1984-02-01,0.08,0.09,0.08,0.08,163116800
1984-02-02,0.08,0.09,0.08,0.08,134915200
1984-02-03,0.08,0.09,0.08,0.08,145488000
1984-02-06,0.08,0.08,0.08,0.08,165558400
1984-02-07,0.08,0.08,0.08,0.08,217728000
1984-02-08,0.08,0.08,0.08,0.08,148220800
1984-02-09,0.08,0.08,0.08,0.08,234796800
1984-02-10,0.08,0.09,0.08,0.08,143964800
1984-02-13,0.08,0.08,0.08,0.08,105728000
1984-02-14,0.09,0.09,0.08,0.08,209059200
1984-02-15,0.09,0.09,0.08,0.09,200838400
1984-02-16,0.09,0.09,0.08,0.09,105235200
1984-02-17,0.09,0.09,0.09,0.09,134646400
1984-02-21,0.09,0.09,0.08,0.09,120288000
1984-02-22,0.09,0.09,0.09,0.09,223372800
1984-02-23,0.09,0.09,0.09,0.09,155052800
1984-02-24,0.09,0.09,0.09,0.09,77817600
1984-02-27,0.09,0.09,0.09,0.09,121564800
1984-02-28,0.09,0.09,0.09,0.09,169926400
1984-02-29,0.09,0.09,0.09,0.09,134041600
1984-03-01,0.09,0.09,0.09,0.09,132361600
1984-03-02,0.09,0.10,0.09,0.09,191251200
1984-03-05,0.09,0.09,0.09,0.09,73606400
1984-03-06,0.09,0.09,0.09,0.09,98985600
1984-03-07,0.09,0.09,0.09,0.09,96566400
1984-03-08,0.09,0.09,0.09,0.09,129785600
1984-03-09,0.09,0.09,0.09,0.09,66057600
1984-03-12,0.09,0.09,0.09,0.09,125036800
1984-03-13,0.09,0.09,0.09,0.09,152880000
1984-03-14,0.09,0.09,0.09,0.09,59606400
1984-03-15,0.09,0.09,0.09,0.09,55283200
1984-03-16,0.09,0.09,0.09,0.09,124700800
1984-03-19,0.09,0.09,0.09,0.09,82588800
1984-03-20,0.09,0.09,0.09,0.09,100531200
1984-03-21,0.09,0.09,0.09,0.09,47667200
1984-03-22,0.09,0.09,0.09,0.09,51184000
1984-03-23,0.09,0.09,0.09,0.09,61129600
1984-03-26,0.09,0.09,0.09,0.09,56963200
1984-03-27,0.09,0.09,0.08,0.09,99299200
1984-03-28,0.09,0.09,0.09,0.09,75488000
1984-03-29,0.09,0.09,0.09,0.09,39177600
1984-03-30,0.08,0.09,0.08,0.09,45740800
1984-04-02,0.08,0.09,0.08,0.08,54656000
1984-04-03,0.09,0.09,0.08,0.08,44105600
1984-04-04,0.08,0.09,0.08,0.09,107676800
1984-04-05,0.08,0.08,0.08,0.08,82812800
1984-04-06,0.08,0.08,0.08,0.08,85590400
1984-04-09,0.08,0.08,0.08,0.08,54252800
1984-04-10,0.08,0.08,0.08,0.08,57097600
1984-04-11,0.08,0.09,0.08,0.08,70604800
1984-04-12,0.09,0.09,0.08,0.08,78400000
1984-04-13,0.09,0.09,0.09,0.09,103398400
1984-04-16,0.09,0.09,0.09,0.09,68118400
1984-04-17,0.09,0.10,0.09,0.09,332953600
1984-04-18,0.10,0.10,0.09,0.09,199673600
1984-04-19,0.10,0.10,0.09,0.10,123401600
1984-04-23,0.10,0.10,0.10,0.10,293865600
1984-04-24,0.10,0.10,0.09,0.10,281568000
1984-04-25,0.09,0.10,0.09,0.10,194880000
1984-04-26,0.10,0.10,0.09,0.09,318505600
1984-04-27,0.10,0.10,0.10,0.10,371996800
1984-04-30,0.11,0.11,0.10,0.10,293148800
1984-05-01,0.11,0.11,0.11,0.11,406515200
1984-05-02,0.11,0.11,0.11,0.11,317318400
1984-05-03,0.11,0.11,0.11,0.11,327420800
1984-05-04,0.10,0.11,0.10,0.11,260444800
1984-05-07,0.11,0.11,0.10,0.10,160070400
1984-05-08,0.11,0.11,0.11,0.11,255001600
1984-05-09,0.11,0.12,0.11,0.11,405014400
1984-05-10,0.11,0.11,0.11,0.11,238627200
1984-05-11,0.11,0.11,0.11,0.11,197724800
1984-05-14,0.11,0.11,0.11,0.11,89286400
1984-05-15,0.11,0.11,0.11,0.11,102704000
1984-05-16,0.10,0.11,0.10,0.11,219721600
1984-05-17,0.10,0.10,0.10,0.10,281948800
1984-05-18,0.10,0.10,0.10,0.10,193468800
1984-05-21,0.11,0.11,0.10,0.10,435052800
1984-05-22,0.11,0.11,0.10,0.11,301257600
1984-05-23,0.10,0.11,0.10,0.11,168963200
1984-05-24,0.10,0.10,0.10,0.10,193312000
1984-05-25,0.10,0.10,0.10,0.10,120108800
1984-05-29,0.10,0.10,0.10,0.10,156262400
1984-05-30,0.10,0.10,0.10,0.10,318438400
1984-05-31,0.10,0.10,0.10,0.10,167014400
1984-06-01,0.10,0.10,0.10,0.10,242300800
1984-06-04,0.10,0.10,0.10,0.10,148288000
1984-06-05,0.10,0.10,0.09,0.10,328428800
1984-06-06,0.10,0.10,0.09,0.10,161459200
1984-06-07,0.10,0.10,0.10,0.10,102547200
1984-06-08,0.10,0.10,0.10,0.10,108976000
1984-06-11,0.10,0.10,0.10,0.10,84246400
1984-06-12,0.10,0.10,0.10,0.10,117129600
1984-06-13,0.10,0.10,0.10,0.10,115718400
1984-06-14,0.10,0.10,0.10,0.10,100956800
1984-06-15,0.10,0.10,0.10,0.10,89779200
1984-06-18,0.10,0.10,0.10,0.10,114598400
1984-06-19,0.10,0.10,0.10,0.10,160944000
1984-06-20,0.10,0.10,0.10,0.10,119526400
1984-06-21,0.10,0.10,0.10,0.10,141904000
1984-06-22,0.10,0.10,0.10,0.10,84604800
1984-06-25,0.09,0.10,0.09,0.10,167484800
1984-06-26,0.09,0.09,0.09,0.09,148646400
1984-06-27,0.09,0.09,0.08,0.09,377283200
1984-06-28,0.09,0.09,0.09,0.09,118316800
1984-06-29,0.09,0.09,0.09,0.09,141993600
1984-07-02,0.09,0.09,0.09,0.09,159667200
1984-07-03,0.09,0.09,0.08,0.09,179065600
1984-07-05,0.08,0.09,0.08,0.09,93184000
1984-07-06,0.09,0.09,0.08,0.08,95648000
1984-07-09,0.09,0.09,0.08,0.09,190668800
1984-07-10,0.09,0.09,0.09,0.09,172300800
1984-07-11,0.09,0.09,0.09,0.09,121094400
1984-07-12,0.09,0.09,0.09,0.09,168694400
1984-07-13,0.09,0.09,0.09,0.09,135945600
1984-07-16,0.09,0.09,0.09,0.09,202988800
1984-07-17,0.09,0.09,0.09,0.09,84851200
1984-07-18,0.09,0.09,0.09,0.09,104025600
1984-07-19,0.09,0.09,0.09,0.09,77907200
1984-07-20,0.09,0.09,0.09,0.09,33174400
1984-07-23,0.09,0.09,0.08,0.09,94035200
1984-07-24,0.09,0.09,0.09,0.09,179244800
1984-07-25,0.09,0.09,0.09,0.09,200457600
1984-07-26,0.09,0.09,0.09,0.09,143337600
1984-07-27,0.09,0.09,0.09,0.09,73942400
1984-07-30,0.09,0.09,0.09,0.09,125036800
1984-07-31,0.09,0.09,0.08,0.09,199628800
1984-08-01,0.09,0.09,0.08,0.09,285734400
1984-08-02,0.08,0.09,0.08,0.09,303676800
1984-08-03,0.09,0.09,0.08,0.08,618060800
1984-08-06,0.10,0.10,0.09,0.09,626796800
1984-08-07,0.10,0.10,0.10,0.10,332483200
1984-08-08,0.10,0.10,0.10,0.10,294403200
1984-08-09,0.10,0.10,0.10,0.10,257622400
1984-08-10,0.10,0.11,0.10,0.10,397376000
1984-08-13,0.10,0.10,0.10,0.10,241449600
1984-08-14,0.10,0.10,0.10,0.10,174070400
1984-08-15,0.10,0.10,0.09,0.10,178886400
1984-08-16,0.10,0.10,0.09,0.10,144816000
1984-08-17,0.09,0.10,0.09,0.10,153932800
1984-08-20,0.09,0.09,0.09,0.09,138454400
1984-08-21,0.10,0.10,0.09,0.09,179536000
1984-08-22,0.10,0.10,0.09,0.10,220416000
1984-08-23,0.10,0.10,0.10,0.10,83417600
1984-08-24,0.10,0.10,0.10,0.10,70896000
1984-08-27,0.10,0.10,0.09,0.10,87673600
1984-08-28,0.10,0.10,0.09,0.10,59158400
1984-08-29,0.09,0.10,0.09,0.10,74121600
1984-08-30,0.09,0.10,0.09,0.09,50960000
1984-08-31,0.09,0.09,0.09,0.09,137849600
1984-09-04,0.09,0.09,0.09,0.09,119840000
1984-09-05,0.09,0.09,0.09,0.09,103756800
1984-09-06,0.09,0.09,0.09,0.09,130972800
1984-09-07,0.09,0.09,0.09,0.09,83260800
1984-09-10,0.09,0.09,0.09,0.09,64624000
1984-09-11,0.09,0.09,0.09,0.09,152387200
1984-09-12,0.09,0.09,0.09,0.09,133123200
1984-09-13,0.09,0.09,0.09,0.09,207334400
1984-09-14,0.10,0.10,0.09,0.09,246870400
1984-09-17,0.10,0.10,0.10,0.10,192752000
1984-09-18,0.09,0.10,0.09,0.10,97305600
1984-09-19,0.09,0.10,0.09,0.09,106288000
1984-09-20,0.09,0.09,0.09,0.09,66169600
1984-09-21,0.09,0.10,0.09,0.09,99836800
1984-09-24,0.09,0.09,0.09,0.09,79004800
1984-09-25,0.09,0.09,0.09,0.09,166790400
1984-09-26,0.09,0.09,0.09,0.09,110969600
1984-09-27,0.09,0.09,0.09,0.09,105929600
1984-09-28,0.09,0.09,0.08,0.09,233408000
1984-10-01,0.08,0.09,0.08,0.09,97776000
1984-10-02,0.08,0.09,0.08,0.08,118249600
1984-10-03,0.09,0.09,0.09,0.09,120422400
1984-10-04,0.09,0.09,0.09,0.09,125484800
1984-10-05,0.08,0.09,0.08,0.09,97574400
1984-10-08,0.08,0.09,0.08,0.08,46972800
1984-10-09,0.08,0.09,0.08,0.08,125260800
1984-10-10,0.08,0.08,0.08,0.08,364851200
1984-10-11,0.08,0.08,0.08,0.08,182761600
1984-10-12,0.08,0.08,0.08,0.08,265798400
1984-10-15,0.08,0.08,0.08,0.08,243264000
1984-10-16,0.08,0.08,0.08,0.08,118025600
1984-10-17,0.08,0.09,0.08,0.08,156643200
1984-10-18,0.09,0.09,0.09,0.09,247161600
1984-10-19,0.09,0.09,0.09,0.09,326121600
1984-10-22,0.09,0.09,0.09,0.09,114755200
1984-10-23,0.09,0.09,0.09,0.09,186435200
1984-10-24,0.09,0.09,0.09,0.09,167014400
1984-10-25,0.09,0.09,0.09,0.09,158166400
1984-10-26,0.08,0.09,0.08,0.09,114844800
1984-10-29,0.08,0.08,0.08,0.08,50646400
1984-10-30,0.09,0.09,0.09,0.09,74592000
1984-10-31,0.08,0.09,0.08,0.09,60233600
1984-11-01,0.09,0.09,0.09,0.09,47040000
1984-11-02,0.08,0.09,0.08,0.09,27686400
1984-11-05,0.08,0.09,0.08,0.08,105369600
1984-11-06,0.09,0.09,0.09,0.09,225321600
1984-11-07,0.09,0.09,0.09,0.09,231548800
1984-11-08,0.08,0.09,0.08,0.09,88121600
1984-11-09,0.08,0.08,0.08,0.08,294134400
1984-11-12,0.08,0.08,0.08,0.08,113254400
1984-11-13,0.08,0.08,0.08,0.08,126672000
1984-11-14,0.08,0.08,0.08,0.08,104339200
1984-11-15,0.08,0.08,0.08,0.08,106601600
1984-11-16,0.08,0.08,0.08,0.08,165760000
1984-11-19,0.07,0.08,0.07,0.08,232982400
1984-11-20,0.08,0.08,0.08,0.08,263244800
1984-11-21,0.08,0.08,0.08,0.08,178729600
1984-11-23,0.08,0.08,0.08,0.08,137088000
1984-11-26,0.08,0.08,0.08,0.08,100643200
1984-11-27,0.08,0.08,0.08,0.08,127411200
1984-11-28,0.09,0.09,0.09,0.09,410524800
1984-11-29,0.09,0.09,0.09,0.09,174876800
1984-11-30,0.08,0.09,0.08,0.09,108707200
1984-12-03,0.08,0.08,0.08,0.08,98000000
1984-12-04,0.08,0.09,0.08,0.08,120377600
1984-12-05,0.09,0.09,0.09,0.09,262908800
1984-12-06,0.09,0.09,0.09,0.09,317273600
1984-12-07,0.09,0.10,0.09,0.09,494524800
1984-12-10,0.09,0.09,0.09,0.09,111484800
1984-12-11,0.09,0.09,0.09,0.09,123782400
1984-12-12,0.09,0.09,0.09,0.09,110073600
1984-12-13,0.09,0.09,0.09,0.09,66841600
1984-12-14,0.09,0.09,0.09,0.09,96140800
1984-12-17,0.09,0.09,0.09,0.09,125238400
1984-12-18,0.10,0.10,0.10,0.10,340569600
1984-12-19,0.09,0.10,0.09,0.10,317497600
1984-12-20,0.09,0.10,0.09,0.09,139843200
1984-12-21,0.09,0.09,0.09,0.09,123894400
1984-12-24,0.09,0.09,0.09,0.09,67536000
1984-12-26,0.09,0.10,0.09,0.09,67177600
1984-12-27,0.09,0.10,0.09,0.09,98761600
1984-12-28,0.10,0.10,0.09,0.09,165334400
1984-12-31,0.10,0.10,0.10,0.10,207760000
1985-01-02,0.10,0.10,0.10,0.10,175302400
1985-01-03,0.10,0.10,0.10,0.10,166611200
1985-01-04,0.10,0.10,0.10,0.10,137267200
1985-01-07,0.10,0.10,0.10,0.10,170912000
1985-01-08,0.10,0.10,0.10,0.10,141120000
1985-01-09,0.10,0.10,0.10,0.10,166723200
1985-01-10,0.10,0.10,0.10,0.10,277065600
1985-01-11,0.10,0.10,0.10,0.10,205049600
1985-01-14,0.10,0.11,0.10,0.10,270435200
1985-01-15,0.10,0.11,0.10,0.10,264969600
1985-01-16,0.10,0.10,0.10,0.10,189884800
1985-01-17,0.10,0.10,0.10,0.10,547523200
1985-01-18,0.10,0.10,0.10,0.10,352665600
1985-01-21,0.10,0.10,0.10,0.10,325427200
1985-01-22,0.10,0.10,0.10,0.10,424838400
1985-01-23,0.10,0.10,0.10,0.10,430505600
1985-01-24,0.10,0.10,0.10,0.10,397062400
1985-01-25,0.10,0.10,0.10,0.10,318460800
1985-01-28,0.10,0.10,0.10,0.10,412182400
1985-01-29,0.10,0.10,0.10,0.10,223731200
1985-01-30,0.10,0.10,0.10,0.10,492441600
1985-01-31,0.10,0.10,0.10,0.10,276236800
1985-02-01,0.10,0.10,0.10,0.10,137737600
1985-02-04,0.10,0.10,0.10,0.10,218019200
1985-02-05,0.10,0.10,0.10,0.10,190041600
1985-02-06,0.10,0.10,0.10,0.10,194432000
1985-02-07,0.10,0.10,0.10,0.10,245481600
1985-02-08,0.10,0.10,0.10,0.10,132025600
1985-02-11,0.10,0.10,0.10,0.10,346953600
1985-02-12,0.10,0.10,0.10,0.10,226508800
1985-02-13,0.10,0.10,0.10,0.10,527027200
1985-02-14,0.09,0.10,0.09,0.10,426832000
1985-02-15,0.10,0.10,0.09,0.09,173622400
1985-02-19,0.09,0.10,0.09,0.10,149833600
1985-02-20,0.09,0.09,0.09,0.09,219968000
1985-02-21,0.09,0.09,0.09,0.09,308224000
1985-02-22,0.09,0.10,0.09,0.09,226531200
1985-02-25,0.09,0.09,0.09,0.09,98537600
1985-02-26,0.09,0.09,0.09,0.09,188966400
1985-02-27,0.09,0.09,0.09,0.09,403580800
1985-02-28,0.08,0.09,0.08,0.09,319065600
1985-03-01,0.08,0.08,0.08,0.08,247430400
1985-03-04,0.09,0.09,0.09,0.09,153104000
1985-03-05,0.09,0.09,0.09,0.09,130771200
1985-03-06,0.08,0.09,0.08,0.09,193603200
1985-03-07,0.08,0.08,0.08,0.08,733980800
1985-03-08,0.07,0.08,0.07,0.08,473558400
1985-03-11,0.08,0.08,0.08,0.08,286003200
1985-03-12,0.08,0.08,0.08,0.08,219430400
1985-03-13,0.07,0.08,0.07,0.08,251126400
1985-03-14,0.07,0.07,0.07,0.07,241606400
1985-03-15,0.08,0.08,0.07,0.07,181417600
1985-03-18,0.08,0.08,0.08,0.08,124768000
1985-03-19,0.08,0.08,0.08,0.08,171449600
1985-03-20,0.08,0.08,0.08,0.08,404969600
1985-03-21,0.08,0.08,0.08,0.08,162467200
1985-03-22,0.08,0.08,0.08,0.08,80371200
1985-03-25,0.07,0.08,0.07,0.08,109961600
1985-03-26,0.08,0.08,0.08,0.08,121430400
1985-03-27,0.07,0.08,0.07,0.08,111350400
1985-03-28,0.07,0.08,0.07,0.07,129606400
1985-03-29,0.08,0.08,0.07,0.07,87180800
1985-04-01,0.07,0.08,0.07,0.08,114060800
1985-04-02,0.07,0.07,0.07,0.07,227427200
1985-04-03,0.07,0.07,0.07,0.07,242659200
1985-04-04,0.07,0.07,0.07,0.07,161862400
1985-04-08,0.07,0.07,0.07,0.07,198732800
1985-04-09,0.07,0.07,0.07,0.07,263894400
1985-04-10,0.07,0.07,0.07,0.07,226912000
1985-04-11,0.07,0.08,0.07,0.07,146675200
1985-04-12,0.07,0.07,0.07,0.07,72531200
1985-04-15,0.07,0.07,0.07,0.07,59830400
1985-04-16,0.07,0.07,0.07,0.07,67648000
1985-04-17,0.08,0.08,0.08,0.08,123244800
1985-04-18,0.08,0.08,0.08,0.08,202428800
1985-04-19,0.08,0.08,0.08,0.08,96028800
1985-04-22,0.07,0.08,0.07,0.08,102592000
1985-04-23,0.08,0.08,0.08,0.08,118294400
1985-04-24,0.08,0.08,0.08,0.08,78937600
1985-04-25,0.08,0.08,0.08,0.08,87628800
1985-04-26,0.07,0.08,0.07,0.08,119705600
1985-04-29,0.07,0.08,0.07,0.07,62204800
1985-04-30,0.07,0.07,0.07,0.07,94729600
1985-05-01,0.07,0.07,0.07,0.07,57344000
1985-05-02,0.07,0.07,0.07,0.07,329772800
1985-05-03,0.07,0.07,0.07,0.07,158121600
1985-05-06,0.07,0.07,0.07,0.07,56134400
1985-05-07,0.07,0.07,0.07,0.07,107609600
1985-05-08,0.07,0.07,0.07,0.07,144390400
1985-05-09,0.07,0.07,0.07,0.07,127075200
1985-05-10,0.07,0.07,0.07,0.07,136080000
1985-05-13,0.07,0.07,0.07,0.07,87225600
1985-05-14,0.07,0.07,0.07,0.07,121744000
1985-05-15,0.07,0.07,0.07,0.07,130435200
1985-05-16,0.07,0.08,0.07,0.07,230540800
1985-05-17,0.07,0.08,0.07,0.07,211859200
1985-05-20,0.07,0.08,0.07,0.07,197187200
1985-05-21,0.07,0.07,0.07,0.07,152544000
1985-05-22,0.07,0.07,0.07,0.07,120556800
1985-05-23,0.07,0.07,0.07,0.07,239164800
1985-05-24,0.06,0.07,0.06,0.07,589478400
1985-05-28,0.06,0.06,0.06,0.06,510966400
1985-05-29,0.06,0.06,0.06,0.06,246556800
1985-05-30,0.06,0.06,0.06,0.06,314921600
1985-05-31,0.06,0.06,0.06,0.06,369420800
1985-06-03,0.05,0.06,0.05,0.06,576016000
1985-06-04,0.06,0.06,0.06,0.06,401923200
1985-06-05,0.06,0.06,0.06,0.06,286406400
1985-06-06,0.06,0.06,0.06,0.06,271196800
1985-06-07,0.06,0.06,0.06,0.06,475238400
1985-06-10,0.06,0.06,0.06,0.06,316131200
1985-06-11,0.06,0.06,0.06,0.06,300720000
1985-06-12,0.05,0.06,0.05,0.06,247990400
1985-06-13,0.05,0.05,0.05,0.05,379523200
1985-06-14,0.05,0.05,0.05,0.05,565667200
1985-06-17,0.05,0.05,0.05,0.05,236342400
1985-06-18,0.05,0.05,0.05,0.05,265216000
1985-06-19,0.05,0.05,0.05,0.05,171987200
1985-06-20,0.05,0.05,0.05,0.05,190803200
1985-06-21,0.06,0.06,0.06,0.06,166140800
1985-06-24,0.06,0.06,0.06,0.06,205766400
1985-06-25,0.06,0.06,0.06,0.06,293910400
1985-06-26,0.06,0.06,0.06,0.06,132204800
1985-06-27,0.06,0.06,0.06,0.06,192460800
1985-06-28,0.06,0.06,0.06,0.06,135744000
1985-07-01,0.06,0.06,0.06,0.06,103443200
1985-07-02,0.06,0.06,0.06,0.06,77728000
1985-07-03,0.06,0.06,0.06,0.06,68499200
1985-07-05,0.06,0.06,0.06,0.06,36579200
1985-07-08,0.06,0.06,0.06,0.06,92220800
1985-07-09,0.06,0.06,0.06,0.06,147907200
1985-07-10,0.06,0.06,0.06,0.06,106041600
1985-07-11,0.06,0.06,0.06,0.06,64892800
1985-07-12,0.06,0.06,0.06,0.06,47040000
1985-07-15,0.06,0.06,0.06,0.06,77683200
1985-07-16,0.06,0.06,0.06,0.06,143360000
1985-07-17,0.06,0.06,0.06,0.06,118182400
1985-07-18,0.06,0.06,0.06,0.06,179065600
1985-07-19,0.06,0.06,0.06,0.06,114912000
1985-07-22,0.06,0.06,0.06,0.06,192304000
1985-07-23,0.06,0.06,0.06,0.06,168694400
1985-07-24,0.06,0.06,0.06,0.06,168716800
1985-07-25,0.06,0.06,0.06,0.06,315078400
1985-07-26,0.06,0.06,0.06,0.06,130524800
1985-07-29,0.05,0.06,0.05,0.06,77750400
1985-07-30,0.06,0.06,0.06,0.06,89465600
1985-07-31,0.05,0.06,0.05,0.06,80505600
1985-08-01,0.05,0.06,0.05,0.05,51564800
1985-08-02,0.05,0.05,0.05,0.05,97417600
1985-08-05,0.05,0.05,0.05,0.05,92332800
1985-08-06,0.05,0.05,0.05,0.05,63078400
1985-08-07,0.05,0.05,0.05,0.05,151737600
1985-08-08,0.05,0.05,0.05,0.05,147772800
1985-08-09,0.05,0.05,0.05,0.05,60950400
1985-08-12,0.05,0.05,0.05,0.05,54992000
1985-08-13,0.05,0.05,0.05,0.05,42380800
1985-08-14,0.05,0.05,0.05,0.05,289900800
1985-08-15,0.05,0.05,0.05,0.05,105190400
1985-08-16,0.05,0.05,0.05,0.05,83753600
1985-08-19,0.05,0.05,0.05,0.05,47868800
1985-08-20,0.05,0.05,0.05,0.05,66953600
1985-08-21,0.05,0.05,0.05,0.05,77011200
1985-08-22,0.05,0.05,0.05,0.05,123312000
1985-08-23,0.05,0.05,0.05,0.05,44016000
1985-08-26,0.05,0.05,0.05,0.05,35660800
1985-08-27,0.05,0.05,0.05,0.05,42918400
1985-08-28,0.05,0.05,0.05,0.05,40947200
1985-08-29,0.05,0.05,0.05,0.05,56112000
1985-08-30,0.05,0.05,0.05,0.05,42873600
1985-09-03,0.05,0.05,0.05,0.05,37452800
1985-09-04,0.05,0.05,0.05,0.05,47555200
1985-09-05,0.05,0.05,0.05,0.05,32816000
1985-09-06,0.05,0.05,0.05,0.05,92803200
1985-09-09,0.05,0.05,0.05,0.05,132316800
1985-09-10,0.05,0.05,0.05,0.05,121766400
1985-09-11,0.05,0.05,0.05,0.05,87091200
1985-09-12,0.06,0.06,0.06,0.06,111171200
1985-09-13,0.05,0.06,0.05,0.06,70537600
1985-09-16,0.05,0.05,0.05,0.05,36982400
1985-09-17,0.05,0.05,0.05,0.05,183747200
1985-09-18,0.06,0.06,0.06,0.06,120086400
1985-09-19,0.06,0.06,0.06,0.06,186323200
1985-09-20,0.06,0.06,0.06,0.06,135228800
1985-09-23,0.06,0.06,0.06,0.06,118585600
1985-09-24,0.06,0.06,0.06,0.06,88099200
1985-09-25,0.05,0.06,0.05,0.06,104496000
1985-09-26,0.05,0.05,0.05,0.05,53491200
1985-09-30,0.05,0.05,0.05,0.05,36646400
1985-10-01,0.05,0.05,0.05,0.05,88345600
1985-10-02,0.05,0.05,0.05,0.05,21504000
1985-10-03,0.05,0.05,0.05,0.05,48921600
1985-10-04,0.05,0.05,0.05,0.05,69529600
1985-10-07,0.05,0.05,0.05,0.05,91929600
1985-10-08,0.05,0.05,0.05,0.05,86979200
1985-10-09,0.05,0.05,0.05,0.05,82812800
1985-10-10,0.05,0.05,0.05,0.05,261744000
1985-10-11,0.05,0.06,0.05,0.05,118294400
1985-10-14,0.06,0.06,0.06,0.06,155187200
1985-10-15,0.06,0.06,0.06,0.06,293888000
1985-10-16,0.06,0.06,0.06,0.06,288444800
1985-10-17,0.06,0.07,0.06,0.06,348185600
1985-10-18,0.06,0.06,0.06,0.06,230428800
1985-10-21,0.06,0.06,0.06,0.06,118876800
1985-10-22,0.06,0.06,0.06,0.06,424547200
1985-10-23,0.06,0.06,0.06,0.06,148377600
1985-10-24,0.06,0.06,0.06,0.06,272630400
1985-10-25,0.06,0.06,0.06,0.06,63280000
1985-10-28,0.06,0.06,0.06,0.06,59472000
1985-10-29,0.06,0.06,0.06,0.06,130883200
1985-10-30,0.06,0.06,0.06,0.06,226576000
1985-10-31,0.06,0.07,0.06,0.06,155075200
1985-11-01,0.06,0.06,0.06,0.06,92556800
1985-11-04,0.06,0.07,0.06,0.06,155724800
1985-11-05,0.06,0.07,0.06,0.06,107542400
1985-11-06,0.07,0.07,0.07,0.07,200457600
1985-11-07,0.07,0.07,0.07,0.07,317139200
1985-11-08,0.07,0.07,0.07,0.07,294112000
1985-11-11,0.07,0.07,0.07,0.07,178774400
1985-11-12,0.07,0.07,0.07,0.07,173644800
1985-11-13,0.07,0.07,0.07,0.07,101561600
1985-11-14,0.07,0.07,0.07,0.07,139507200
1985-11-15,0.07,0.07,0.07,0.07,81580800
1985-11-18,0.07,0.07,0.07,0.07,64556800
1985-11-19,0.07,0.07,0.07,0.07,94326400
1985-11-20,0.06,0.07,0.06,0.07,99075200
1985-11-21,0.06,0.07,0.06,0.06,102950400
1985-11-22,0.06,0.07,0.06,0.06,128755200
1985-11-25,0.07,0.07,0.06,0.06,97193600
1985-11-26,0.07,0.07,0.06,0.07,164460800
1985-11-27,0.07,0.07,0.07,0.07,191721600
1985-11-29,0.07,0.07,0.07,0.07,99030400
1985-12-02,0.07,0.07,0.07,0.07,100195200
1985-12-03,0.07,0.07,0.07,0.07,155075200
1985-12-04,0.07,0.07,0.07,0.07,165110400
1985-12-05,0.07,0.07,0.07,0.07,125148800
1985-12-06,0.07,0.07,0.07,0.07,65452800
1985-12-09,0.07,0.07,0.07,0.07,139865600
1985-12-10,0.07,0.07,0.07,0.07,200905600
1985-12-11,0.07,0.07,0.07,0.07,237619200
1985-12-12,0.07,0.07,0.07,0.07,125260800
1985-12-13,0.07,0.07,0.07,0.07,251148800
1985-12-16,0.07,0.07,0.07,0.07,288915200
1985-12-17,0.07,0.07,0.07,0.07,109065600
1985-12-18,0.08,0.08,0.07,0.07,559798400
1985-12-19,0.08,0.08,0.08,0.08,270121600
1985-12-20,0.08,0.08,0.08,0.08,206035200
1985-12-23,0.07,0.08,0.07,0.08,143225600
1985-12-24,0.07,0.08,0.07,0.07,64601600
1985-12-26,0.07,0.08,0.07,0.07,45852800
1985-12-27,0.08,0.08,0.07,0.07,122886400
1985-12-30,0.08,0.08,0.08,0.08,107676800
1985-12-31,0.08,0.08,0.08,0.08,87248000
1986-01-02,0.08,0.08,0.07,0.08,117420800
1986-01-03,0.08,0.08,0.08,0.08,242166400
1986-01-06,0.08,0.08,0.07,0.08,185046400
1986-01-07,0.08,0.08,0.08,0.08,470534400
1986-01-08,0.08,0.08,0.08,0.08,607600000
1986-01-09,0.08,0.08,0.07,0.08,447238400
1986-01-10,0.08,0.08,0.08,0.08,153238400
1986-01-13,0.08,0.08,0.08,0.08,215420800
1986-01-14,0.08,0.08,0.08,0.08,272697600
1986-01-15,0.08,0.08,0.08,0.08,423472000
1986-01-16,0.08,0.08,0.08,0.08,534777600
1986-01-17,0.08,0.08,0.08,0.08,345385600
1986-01-20,0.08,0.08,0.08,0.08,127411200
1986-01-21,0.08,0.08,0.08,0.08,151961600
1986-01-22,0.08,0.08,0.08,0.08,143001600
1986-01-23,0.08,0.08,0.08,0.08,156419200
1986-01-24,0.08,0.08,0.08,0.08,111977600
1986-01-27,0.08,0.08,0.08,0.08,389580800
1986-01-28,0.08,0.08,0.08,0.08,222297600
1986-01-29,0.08,0.08,0.08,0.08,589568000
1986-01-30,0.08,0.08,0.08,0.08,236880000
1986-01-31,0.08,0.08,0.08,0.08,147705600
1986-02-03,0.08,0.08,0.08,0.08,350022400
1986-02-04,0.08,0.08,0.08,0.08,260176000
1986-02-05,0.08,0.08,0.08,0.08,197164800
1986-02-06,0.08,0.08,0.08,0.08,134220800
1986-02-07,0.08,0.08,0.08,0.08,129404800
1986-02-10,0.08,0.08,0.08,0.08,111843200
1986-02-11,0.08,0.08,0.08,0.08,153462400
1986-02-12,0.08,0.08,0.08,0.08,133056000
1986-02-13,0.08,0.08,0.08,0.08,109379200
1986-02-14,0.08,0.08,0.08,0.08,137513600
1986-02-18,0.08,0.08,0.08,0.08,148108800
1986-02-19,0.09,0.09,0.08,0.08,359676800
1986-02-20,0.09,0.09,0.08,0.09,137916800
1986-02-21,0.09,0.09,0.09,0.09,189078400
1986-02-24,0.09,0.09,0.09,0.09,247116800
1986-02-25,0.09,0.09,0.09,0.09,224739200
1986-02-26,0.09,0.09,0.09,0.09,164729600
1986-02-27,0.09,0.09,0.09,0.09,108124800
1986-02-28,0.09,0.09,0.08,0.09,125126400
1986-03-03,0.08,0.09,0.08,0.09,108819200
1986-03-04,0.08,0.09,0.08,0.08,89107200
1986-03-05,0.09,0.09,0.08,0.08,177027200
1986-03-06,0.09,0.09,0.09,0.09,101337600
1986-03-07,0.08,0.09,0.08,0.09,96185600
1986-03-10,0.08,0.08,0.08,0.08,75488000
1986-03-11,0.08,0.08,0.08,0.08,103062400
1986-03-12,0.08,0.09,0.08,0.08,85680000
1986-03-13,0.08,0.09,0.08,0.08,115964800
1986-03-14,0.09,0.09,0.08,0.08,384854400
1986-03-17,0.09,0.09,0.09,0.09,118720000
1986-03-18,0.09,0.09,0.09,0.09,249356800
1986-03-19,0.09,0.09,0.09,0.09,189884800
1986-03-20,0.10,0.10,0.10,0.10,904131200
1986-03-21,0.09,0.10,0.09,0.10,260377600
1986-03-24,0.09,0.09,0.09,0.09,294313600
1986-03-25,0.10,0.10,0.09,0.09,281075200
1986-03-26,0.10,0.10,0.10,0.10,222140800
1986-03-27,0.10,0.10,0.10,0.10,219004800
1986-03-31,0.10,0.10,0.10,0.10,187801600
1986-04-01,0.09,0.10,0.09,0.10,222723200
1986-04-02,0.09,0.09,0.09,0.09,325292800
1986-04-03,0.09,0.09,0.09,0.09,211075200
1986-04-04,0.09,0.09,0.09,0.09,125955200
1986-04-07,0.09,0.09,0.09,0.09,120131200
1986-04-08,0.09,0.09,0.09,0.09,193222400
1986-04-09,0.09,0.09,0.09,0.09,135318400
1986-04-10,0.09,0.09,0.09,0.09,109984000
1986-04-11,0.09,0.09,0.09,0.09,75667200
1986-04-14,0.09,0.09,0.09,0.09,84963200
1986-04-15,0.09,0.09,0.09,0.09,131398400
1986-04-16,0.10,0.10,0.09,0.09,210828800
1986-04-17,0.10,0.10,0.10,0.10,270099200
1986-04-18,0.10,0.10,0.10,0.10,247676800
1986-04-21,0.10,0.10,0.10,0.10,273548800
1986-04-22,0.10,0.11,0.10,0.10,327868800
1986-04-23,0.10,0.10,0.10,0.10,261475200
1986-04-24,0.11,0.11,0.10,0.10,458371200
1986-04-25,0.11,0.11,0.11,0.11,261072000
1986-04-28,0.11,0.11,0.11,0.11,145532800
1986-04-29,0.11,0.11,0.09,0.11,132697600
1986-04-30,0.10,0.11,0.10,0.11,137782400
1986-05-01,0.10,0.10,0.10,0.10,257936000
1986-05-02,0.10,0.11,0.10,0.10,93587200
1986-05-05,0.11,0.11,0.10,0.10,149340800
1986-05-06,0.11,0.11,0.11,0.11,218534400
1986-05-07,0.11,0.11,0.11,0.11,198800000
1986-05-08,0.11,0.11,0.11,0.11,233363200
1986-05-09,0.11,0.11,0.11,0.11,222499200
1986-05-12,0.12,0.12,0.11,0.11,400422400
1986-05-13,0.12,0.12,0.12,0.12,471766400
1986-05-14,0.13,0.13,0.12,0.12,482988800
1986-05-15,0.12,0.13,0.12,0.13,222544000
1986-05-16,0.12,0.12,0.12,0.12,319244800
1986-05-19,0.12,0.12,0.12,0.12,209507200
1986-05-20,0.12,0.12,0.12,0.12,245795200
1986-05-21,0.13,0.13,0.12,0.12,346729600
1986-05-22,0.13,0.13,0.12,0.13,220505600
1986-05-23,0.13,0.13,0.12,0.13,139843200
1986-05-27,0.13,0.13,0.12,0.13,84649600
1986-05-28,0.13,0.13,0.13,0.13,207132800
1986-05-29,0.13,0.13,0.12,0.13,101427200
1986-05-30,0.13,0.13,0.12,0.13,127433600
1986-06-02,0.13,0.13,0.13,0.13,199248000
1986-06-03,0.13,0.13,0.13,0.13,325897600
1986-06-04,0.13,0.13,0.13,0.13,300652800
1986-06-05,0.13,0.13,0.13,0.13,147884800
1986-06-06,0.13,0.13,0.13,0.13,177363200
1986-06-09,0.12,0.13,0.12,0.13,247027200
1986-06-10,0.12,0.12,0.12,0.12,246892800
1986-06-11,0.12,0.12,0.12,0.12,186860800
1986-06-12,0.12,0.12,0.12,0.12,129091200
1986-06-13,0.12,0.12,0.12,0.12,143001600
1986-06-16,0.12,0.13,0.12,0.12,173600000
1986-06-17,0.12,0.12,0.12,0.12,222051200
1986-06-18,0.12,0.12,0.11,0.12,429654400
1986-06-19,0.12,0.12,0.12,0.12,344646400
1986-06-20,0.12,0.12,0.12,0.12,161302400
1986-06-23,0.12,0.12,0.12,0.12,116323200
1986-06-24,0.12,0.12,0.12,0.12,141993600
1986-06-25,0.12,0.12,0.12,0.12,131980800
1986-06-26,0.12,0.12,0.12,0.12,116928000
1986-06-27,0.12,0.13,0.12,0.12,50198400
1986-06-30,0.12,0.12,0.12,0.12,70761600
1986-07-01,0.12,0.12,0.12,0.12,87718400
1986-07-02,0.12,0.12,0.12,0.12,144838400
1986-07-03,0.13,0.13,0.12,0.12,181171200
1986-07-07,0.12,0.13,0.12,0.13,181820800
1986-07-08,0.12,0.12,0.12,0.12,273683200
1986-07-09,0.12,0.12,0.12,0.12,365120000
1986-07-10,0.12,0.12,0.12,0.12,208566400
1986-07-11,0.13,0.13,0.12,0.12,224000000
1986-07-14,0.12,0.13,0.12,0.13,237440000
1986-07-15,0.12,0.12,0.12,0.12,297920000
1986-07-16,0.11,0.12,0.11,0.12,539840000
1986-07-17,0.11,0.12,0.11,0.11,250880000
1986-07-18,0.11,0.11,0.11,0.11,309120000
1986-07-21,0.11,0.12,0.11,0.11,228480000
1986-07-22,0.12,0.12,0.11,0.11,239680000
1986-07-23,0.12,0.12,0.12,0.12,179491200
1986-07-24,0.11,0.12,0.11,0.12,144569600
1986-07-25,0.12,0.12,0.11,0.11,217459200
1986-07-28,0.11,0.12,0.11,0.12,246400000
1986-07-29,0.11,0.11,0.10,0.11,595840000
1986-07-30,0.10,0.11,0.10,0.11,255360000
1986-07-31,0.11,0.11,0.10,0.10,282240000
1986-08-01,0.11,0.11,0.11,0.11,150080000
1986-08-04,0.11,0.11,0.10,0.11,130166400
1986-08-05,0.11,0.11,0.11,0.11,117891200
1986-08-06,0.11,0.11,0.11,0.11,185203200
1986-08-07,0.11,0.11,0.11,0.11,173398400
1986-08-08,0.11,0.11,0.11,0.11,110140800
1986-08-11,0.11,0.11,0.11,0.11,183433600
1986-08-12,0.12,0.12,0.11,0.11,244160000
1986-08-13,0.12,0.12,0.12,0.12,454720000
1986-08-14,0.12,0.13,0.12,0.12,230720000
1986-08-15,0.12,0.12,0.12,0.12,137177600
1986-08-18,0.12,0.12,0.12,0.12,147347200
1986-08-19,0.12,0.12,0.12,0.12,137782400
1986-08-20,0.12,0.12,0.12,0.12,171315200
1986-08-21,0.12,0.12,0.12,0.12,194656000
1986-08-22,0.12,0.12,0.12,0.12,115718400
1986-08-25,0.12,0.13,0.12,0.12,126403200
1986-08-26,0.12,0.13,0.12,0.12,131241600
1986-08-27,0.13,0.13,0.12,0.12,147033600
1986-08-28,0.13,0.13,0.13,0.13,219699200
1986-08-29,0.13,0.13,0.13,0.13,135228800
1986-09-02,0.12,0.13,0.12,0.13,232960000
1986-09-03,0.12,0.12,0.12,0.12,117488000
1986-09-04,0.12,0.12,0.12,0.12,198800000
1986-09-05,0.12,0.12,0.12,0.12,98492800
1986-09-08,0.12,0.12,0.11,0.12,126201600
1986-09-09,0.12,0.12,0.12,0.12,150774400
1986-09-10,0.12,0.12,0.12,0.12,75667200
1986-09-11,0.11,0.12,0.11,0.12,134355200
1986-09-12,0.11,0.11,0.11,0.11,228480000
1986-09-15,0.11,0.11,0.11,0.11,222723200
1986-09-16,0.12,0.12,0.11,0.11,246400000
1986-09-17,0.12,0.12,0.12,0.12,116860800
1986-09-18,0.12,0.12,0.12,0.12,99030400
1986-09-19,0.11,0.12,0.11,0.12,127612800
1986-09-22,0.12,0.12,0.11,0.11,239680000
1986-09-23,0.12,0.12,0.12,0.12,338240000
1986-09-24,0.12,0.12,0.12,0.12,176870400
1986-09-25,0.12,0.12,0.11,0.12,187801600
1986-09-26,0.12,0.12,0.12,0.12,70022400
1986-09-29,0.11,0.12,0.11,0.11,208947200
1986-09-30,0.11,0.12,0.11,0.11,180790400
1986-10-01,0.12,0.12,0.11,0.11,138588800
1986-10-02,0.12,0.12,0.11,0.12,94819200
1986-10-03,0.12,0.12,0.11,0.12,138745600
1986-10-06,0.12,0.12,0.11,0.12,94505600
1986-10-07,0.11,0.12,0.11,0.12,127993600
1986-10-08,0.11,0.11,0.11,0.11,111574400
1986-10-09,0.11,0.11,0.11,0.11,77952000
1986-10-10,0.11,0.11,0.11,0.11,58531200
1986-10-13,0.12,0.12,0.11,0.11,99680000
1986-10-14,0.12,0.12,0.12,0.12,199337600
1986-10-15,0.11,0.11,0.11,0.11,205408000
1986-10-16,0.11,0.12,0.11,0.11,135766400
1986-10-17,0.11,0.12,0.11,0.12,151872000
1986-10-20,0.11,0.11,0.11,0.11,148982400
1986-10-21,0.11,0.11,0.11,0.11,113724800
1986-10-22,0.11,0.11,0.11,0.11,94483200
1986-10-23,0.11,0.11,0.11,0.11,123132800
1986-10-24,0.11,0.11,0.11,0.11,75331200
1986-10-27,0.12,0.12,0.11,0.11,151200000
1986-10-28,0.11,0.12,0.11,0.12,142240000
1986-10-29,0.11,0.11,0.11,0.11,85433600
1986-10-30,0.12,0.12,0.11,0.11,293440000
1986-10-31,0.12,0.12,0.12,0.12,121296000
1986-11-03,0.12,0.12,0.12,0.12,151827200
1986-11-04,0.12,0.12,0.12,0.12,246400000
1986-11-05,0.13,0.13,0.12,0.12,624960000
1986-11-06,0.12,0.13,0.12,0.12,331520000
1986-11-07,0.12,0.12,0.12,0.12,143158400
1986-11-10,0.12,0.12,0.12,0.12,105884800
1986-11-11,0.12,0.12,0.12,0.12,50176000
1986-11-12,0.12,0.12,0.12,0.12,130995200
1986-11-13,0.12,0.12,0.12,0.12,137513600
1986-11-14,0.12,0.12,0.12,0.12,135116800
1986-11-17,0.12,0.13,0.12,0.12,141680000
1986-11-18,0.12,0.13,0.12,0.12,170060800
1986-11-19,0.12,0.12,0.12,0.12,302400000
1986-11-20,0.12,0.12,0.12,0.12,295680000
1986-11-21,0.12,0.12,0.12,0.12,286720000
1986-11-24,0.13,0.13,0.12,0.12,376320000
1986-11-25,0.14,0.14,0.13,0.13,848960000
1986-11-26,0.14,0.14,0.14,0.14,506240000
1986-11-28,0.14,0.14,0.14,0.14,220550400
1986-12-01,0.14,0.14,0.13,0.14,347200000
1986-12-02,0.14,0.14,0.14,0.14,369600000
1986-12-03,0.15,0.15,0.14,0.14,336000000
1986-12-04,0.15,0.15,0.14,0.15,268800000
1986-12-05,0.15,0.15,0.15,0.15,262080000
1986-12-08,0.15,0.15,0.14,0.15,347200000
1986-12-09,0.14,0.15,0.14,0.14,302400000
1986-12-10,0.15,0.15,0.14,0.14,244160000
1986-12-11,0.15,0.15,0.15,0.15,226240000
1986-12-12,0.14,0.15,0.14,0.15,180118400
1986-12-15,0.14,0.14,0.14,0.14,209059200
1986-12-16,0.15,0.15,0.14,0.14,151939200
1986-12-17,0.14,0.15,0.14,0.14,151110400
1986-12-18,0.14,0.14,0.14,0.14,175056000
1986-12-19,0.14,0.15,0.14,0.14,199091200
1986-12-22,0.14,0.15,0.14,0.14,164371200
1986-12-23,0.14,0.14,0.14,0.14,244160000
1986-12-24,0.14,0.14,0.14,0.14,95760000
1986-12-26,0.14,0.14,0.14,0.14,89868800
1986-12-29,0.14,0.14,0.14,0.14,117644800
1986-12-30,0.14,0.14,0.14,0.14,148153600
1986-12-31,0.14,0.14,0.14,0.14,132563200
1987-01-02,0.14,0.14,0.14,0.14,120870400
1987-01-05,0.15,0.15,0.14,0.14,239680000
1987-01-06,0.15,0.15,0.15,0.15,324800000
1987-01-07,0.15,0.15,0.15,0.15,434560000
1987-01-08,0.15,0.15,0.15,0.15,291200000
1987-01-09,0.15,0.16,0.15,0.15,239680000
1987-01-12,0.16,0.16,0.15,0.16,232960000
1987-01-13,0.15,0.15,0.15,0.15,211724800
1987-01-14,0.16,0.16,0.15,0.15,504000000
1987-01-15,0.17,0.18,0.16,0.16,546560000
1987-01-16,0.17,0.17,0.16,0.17,407680000
1987-01-19,0.18,0.18,0.16,0.17,362880000
1987-01-20,0.18,0.19,0.18,0.19,775040000
1987-01-21,0.17,0.17,0.17,0.17,533120000
1987-01-22,0.18,0.18,0.17,0.17,472640000
1987-01-23,0.17,0.18,0.17,0.18,459200000
1987-01-26,0.17,0.17,0.17,0.17,351680000
1987-01-27,0.18,0.18,0.17,0.17,378560000
1987-01-28,0.19,0.19,0.18,0.18,414400000
1987-01-29,0.18,0.20,0.18,0.19,557760000
1987-01-30,0.19,0.19,0.18,0.18,409920000
1987-02-02,0.19,0.19,0.19,0.19,246400000
1987-02-03,0.19,0.19,0.19,0.19,178617600
1987-02-04,0.19,0.19,0.19,0.19,217840000
1987-02-05,0.18,0.19,0.18,0.19,340480000
1987-02-06,0.18,0.18,0.18,0.18,293440000
1987-02-09,0.18,0.18,0.18,0.18,157001600
1987-02-10,0.18,0.18,0.18,0.18,166790400
1987-02-11,0.19,0.19,0.18,0.18,342720000
1987-02-12,0.20,0.20,0.19,0.19,710080000
1987-02-13,0.21,0.21,0.20,0.20,510720000
1987-02-17,0.23,0.23,0.21,0.21,409920000
1987-02-18,0.22,0.23,0.22,0.23,470400000
1987-02-19,0.21,0.22,0.21,0.22,313600000
1987-02-20,0.21,0.21,0.21,0.21,190646400
1987-02-23,0.22,0.22,0.20,0.21,351680000
1987-02-24,0.22,0.23,0.22,0.22,356160000
1987-02-25,0.24,0.24,0.22,0.22,454720000
1987-02-26,0.24,0.24,0.23,0.24,499520000
1987-02-27,0.24,0.24,0.23,0.24,405440000
1987-03-02,0.23,0.24,0.23,0.24,396480000
1987-03-03,0.22,0.23,0.22,0.23,436800000
1987-03-04,0.23,0.23,0.22,0.22,448000000
1987-03-05,0.23,0.24,0.23,0.23,338240000
1987-03-06,0.23,0.23,0.23,0.23,176377600
1987-03-09,0.22,0.23,0.22,0.23,255360000
1987-03-10,0.23,0.23,0.22,0.22,244160000
1987-03-11,0.23,0.23,0.23,0.23,218467200
1987-03-12,0.22,0.23,0.22,0.23,302400000
1987-03-13,0.22,0.23,0.22,0.22,197612800
1987-03-16,0.22,0.22,0.21,0.22,246400000
1987-03-17,0.23,0.23,0.22,0.22,244160000
1987-03-18,0.23,0.23,0.22,0.23,302400000
1987-03-19,0.23,0.23,0.22,0.22,206729600
1987-03-20,0.23,0.24,0.23,0.23,347200000
1987-03-23,0.23,0.23,0.23,0.23,246400000
1987-03-24,0.23,0.23,0.23,0.23,268800000
1987-03-25,0.23,0.23,0.22,0.23,273280000
1987-03-26,0.23,0.23,0.23,0.23,143024000
1987-03-27,0.22,0.23,0.22,0.23,133907200
1987-03-30,0.21,0.22,0.21,0.22,259840000
1987-03-31,0.22,0.22,0.21,0.21,273280000
1987-04-01,0.23,0.23,0.21,0.22,217862400
1987-04-02,0.24,0.24,0.23,0.23,777280000
1987-04-03,0.24,0.25,0.24,0.24,539840000
1987-04-06,0.24,0.25,0.24,0.24,288960000
1987-04-07,0.23,0.24,0.23,0.24,259840000
1987-04-08,0.24,0.24,0.23,0.23,230720000
1987-04-09,0.24,0.24,0.23,0.23,237440000
1987-04-10,0.24,0.24,0.24,0.24,217840000
1987-04-13,0.23,0.24,0.23,0.24,142217600
1987-04-14,0.23,0.24,0.23,0.23,407680000
1987-04-15,0.24,0.24,0.23,0.24,349440000
1987-04-16,0.24,0.25,0.24,0.24,347200000
1987-04-20,0.24,0.25,0.24,0.24,149161600
1987-04-21,0.26,0.26,0.24,0.24,432320000
1987-04-22,0.25,0.26,0.25,0.26,403200000
1987-04-23,0.26,0.26,0.25,0.25,304640000
1987-04-24,0.26,0.26,0.25,0.26,255360000
1987-04-27,0.26,0.26,0.25,0.25,383040000
1987-04-28,0.26,0.27,0.26,0.26,324800000
1987-04-29,0.27,0.27,0.26,0.26,291200000
1987-04-30,0.27,0.27,0.27,0.27,253120000
1987-05-01,0.27,0.27,0.27,0.27,132720000
1987-05-04,0.27,0.27,0.27,0.27,142105600
1987-05-05,0.27,0.28,0.27,0.27,230720000
1987-05-06,0.27,0.28,0.27,0.27,286720000
1987-05-07,0.27,0.28,0.27,0.27,180790400
1987-05-08,0.27,0.28,0.27,0.27,184732800
1987-05-11,0.26,0.27,0.26,0.26,197276800
1987-05-12,0.26,0.26,0.26,0.26,259840000
1987-05-13,0.27,0.27,0.26,0.26,311360000
1987-05-14,0.27,0.27,0.27,0.27,148489600
1987-05-15,0.27,0.27,0.27,0.27,145958400
1987-05-18,0.26,0.27,0.26,0.27,241920000
1987-05-19,0.25,0.26,0.25,0.26,239680000
1987-05-20,0.25,0.26,0.25,0.25,288960000
1987-05-21,0.25,0.26,0.25,0.26,173801600
1987-05-22,0.25,0.26,0.25,0.26,97104000
1987-05-26,0.27,0.27,0.25,0.25,152252800
1987-05-27,0.27,0.27,0.26,0.27,180700800
1987-05-28,0.27,0.27,0.27,0.27,151222400
1987-05-29,0.27,0.28,0.27,0.27,92601600
1987-06-01,0.27,0.27,0.26,0.27,83305600
1987-06-02,0.26,0.27,0.26,0.26,137491200
1987-06-03,0.27,0.27,0.26,0.26,171315200
1987-06-04,0.27,0.27,0.26,0.27,153596800
1987-06-05,0.27,0.27,0.27,0.27,130928000
1987-06-08,0.27,0.27,0.26,0.27,201846400
1987-06-09,0.27,0.27,0.26,0.26,127052800
1987-06-10,0.27,0.27,0.27,0.27,146227200
1987-06-11,0.27,0.27,0.27,0.27,125372800
1987-06-12,0.27,0.27,0.27,0.27,101763200
1987-06-15,0.27,0.27,0.26,0.27,259840000
1987-06-16,0.28,0.29,0.26,0.28,342720000
1987-06-17,0.28,0.29,0.27,0.28,297920000
1987-06-18,0.28,0.29,0.27,0.28,229600000
1987-06-19,0.28,0.29,0.28,0.28,125440000
1987-06-22,0.29,0.29,0.28,0.28,169120000
1987-06-23,0.28,0.29,0.28,0.29,80852800
1987-06-24,0.29,0.30,0.28,0.28,118720000
1987-06-25,0.28,0.29,0.28,0.29,120960000
1987-06-26,0.28,0.28,0.27,0.28,127680000
1987-06-29,0.28,0.28,0.27,0.28,101304000
1987-06-30,0.28,0.28,0.27,0.28,144480000
1987-07-01,0.27,0.28,0.27,0.28,94830400
1987-07-02,0.28,0.28,0.27,0.27,81558400
1987-07-06,0.28,0.29,0.28,0.28,85489600
1987-07-07,0.27,0.28,0.26,0.28,203840000
1987-07-08,0.25,0.27,0.25,0.27,341600000
1987-07-09,0.26,0.26,0.25,0.25,239680000
1987-07-10,0.26,0.27,0.26,0.26,156800000
1987-07-13,0.28,0.28,0.26,0.27,255360000
1987-07-14,0.29,0.29,0.28,0.28,257600000
1987-07-15,0.30,0.31,0.29,0.29,271040000
1987-07-16,0.30,0.30,0.30,0.30,94584000
1987-07-17,0.30,0.31,0.29,0.30,92198400
1987-07-20,0.29,0.30,0.28,0.29,124320000
1987-07-21,0.28,0.29,0.28,0.29,110992000
1987-07-22,0.29,0.29,0.28,0.28,60928000
1987-07-23,0.29,0.30,0.28,0.29,74737600
1987-07-24,0.29,0.29,0.28,0.28,117600000
1987-07-27,0.29,0.29,0.29,0.29,56638400
1987-07-28,0.29,0.29,0.29,0.29,74289600
1987-07-29,0.28,0.29,0.28,0.29,98828800
1987-07-30,0.28,0.28,0.28,0.28,104294400
1987-07-31,0.28,0.29,0.28,0.28,73046400
1987-08-03,0.28,0.28,0.28,0.28,63358400
1987-08-04,0.29,0.29,0.27,0.28,120960000
1987-08-05,0.30,0.30,0.29,0.29,129920000
1987-08-06,0.32,0.32,0.29,0.30,252000000
1987-08-07,0.32,0.32,0.31,0.32,152320000
1987-08-10,0.33,0.33,0.31,0.33,77996800
1987-08-11,0.34,0.34,0.33,0.34,271040000
1987-08-12,0.33,0.34,0.33,0.34,161280000
1987-08-13,0.34,0.34,0.33,0.33,196000000
1987-08-14,0.34,0.34,0.33,0.33,104854400
1987-08-17,0.34,0.34,0.33,0.34,145600000
1987-08-18,0.33,0.34,0.33,0.34,237440000
1987-08-19,0.34,0.34,0.34,0.34,66875200
1987-08-20,0.35,0.36,0.34,0.34,175840000
1987-08-21,0.36,0.37,0.35,0.35,140000000
1987-08-24,0.36,0.37,0.36,0.36,120960000
1987-08-25,0.36,0.36,0.36,0.36,136640000
1987-08-26,0.36,0.37,0.36,0.36,196000000
1987-08-27,0.36,0.36,0.35,0.36,124320000
1987-08-28,0.36,0.36,0.35,0.36,95816000
1987-08-31,0.37,0.37,0.35,0.36,150080000
1987-09-01,0.36,0.38,0.36,0.37,138880000
1987-09-02,0.36,0.36,0.35,0.36,229600000
1987-09-03,0.35,0.36,0.34,0.36,184800000
1987-09-04,0.35,0.35,0.34,0.35,108438400
1987-09-08,0.34,0.35,0.33,0.34,175840000
1987-09-09,0.36,0.36,0.34,0.34,157920000
1987-09-10,0.37,0.37,0.36,0.36,140000000
1987-09-11,0.37,0.38,0.36,0.37,124320000
1987-09-14,0.36,0.38,0.36,0.37,81905600
1987-09-15,0.35,0.36,0.35,0.36,104608000
1987-09-16,0.35,0.36,0.35,0.35,168000000
1987-09-17,0.36,0.36,0.35,0.36,66796800
1987-09-18,0.35,0.36,0.35,0.36,71198400
1987-09-21,0.34,0.36,0.34,0.35,128800000
1987-09-22,0.37,0.37,0.34,0.35,153440000
1987-09-23,0.38,0.38,0.37,0.37,254576000
1987-09-24,0.39,0.40,0.38,0.38,182560000
1987-09-25,0.39,0.40,0.39,0.39,106523200
1987-09-28,0.38,0.40,0.38,0.39,203840000
1987-09-29,0.37,0.38,0.37,0.38,171360000
1987-09-30,0.39,0.39,0.37,0.37,122080000
1987-10-01,0.40,0.40,0.39,0.39,116480000
1987-10-02,0.40,0.40,0.39,0.40,96499200
1987-10-05,0.41,0.41,0.40,0.40,134400000
1987-10-06,0.38,0.41,0.38,0.41,201600000
1987-10-07,0.38,0.38,0.37,0.38,224000000
1987-10-08,0.37,0.38,0.36,0.38,164640000
1987-10-09,0.37,0.38,0.37,0.37,145600000
1987-10-12,0.36,0.37,0.35,0.37,199360000
1987-10-13,0.37,0.37,0.36,0.37,162400000
1987-10-14,0.36,0.37,0.36,0.37,258720000
1987-10-15,0.36,0.37,0.35,0.36,348320000
1987-10-16,0.33,0.36,0.33,0.36,420000000
1987-10-19,0.25,0.33,0.24,0.33,476000000
1987-10-20,0.24,0.29,0.22,0.26,568960000
1987-10-21,0.28,0.29,0.26,0.26,534240000
1987-10-22,0.25,0.28,0.25,0.27,385280000
1987-10-23,0.24,0.25,0.23,0.24,198240000
1987-10-26,0.19,0.24,0.19,0.24,313600000
1987-10-27,0.21,0.22,0.20,0.20,455840000
1987-10-28,0.23,0.23,0.20,0.21,418880000
1987-10-29,0.27,0.27,0.22,0.23,331520000
1987-10-30,0.26,0.29,0.26,0.27,421120000
1987-11-02,0.27,0.27,0.26,0.27,188160000
1987-11-03,0.25,0.26,0.23,0.26,313600000
1987-11-04,0.25,0.25,0.24,0.24,234080000
1987-11-05,0.26,0.27,0.25,0.25,255360000
1987-11-06,0.26,0.27,0.25,0.26,187040000
1987-11-09,0.25,0.26,0.25,0.25,210560000
1987-11-10,0.25,0.26,0.25,0.25,231840000
1987-11-11,0.25,0.26,0.25,0.25,185920000
1987-11-12,0.27,0.27,0.26,0.26,246400000
1987-11-13,0.25,0.27,0.25,0.27,154560000
1987-11-16,0.25,0.26,0.25,0.26,184800000
1987-11-17,0.24,0.25,0.24,0.25,268800000
1987-11-18,0.25,0.25,0.24,0.25,265440000
1987-11-19,0.24,0.25,0.23,0.25,182560000
1987-11-20,0.24,0.25,0.23,0.23,250880000
1987-11-23,0.25,0.25,0.24,0.24,97395200
1987-11-24,0.25,0.26,0.25,0.25,197120000
1987-11-25,0.25,0.25,0.25,0.25,92400000
1987-11-27,0.24,0.25,0.24,0.25,70683200
1987-11-30,0.23,0.24,0.21,0.23,416640000
1987-12-01,0.23,0.23,0.22,0.23,181440000
1987-12-02,0.22,0.23,0.22,0.23,142240000
1987-12-03,0.21,0.23,0.20,0.23,319200000
1987-12-04,0.21,0.21,0.20,0.21,244160000
1987-12-07,0.23,0.23,0.21,0.21,203840000
1987-12-08,0.24,0.24,0.23,0.23,254240000
1987-12-09,0.24,0.25,0.23,0.24,179200000
1987-12-10,0.24,0.25,0.23,0.23,276640000
1987-12-11,0.23,0.24,0.23,0.24,122080000
1987-12-14,0.26,0.26,0.23,0.24,341600000
1987-12-15,0.26,0.26,0.25,0.26,299040000
1987-12-16,0.27,0.27,0.26,0.26,330400000
1987-12-17,0.27,0.28,0.27,0.28,325920000
1987-12-18,0.28,0.28,0.27,0.27,302400000
1987-12-21,0.29,0.29,0.28,0.28,188160000
1987-12-22,0.28,0.29,0.28,0.29,128800000
1987-12-23,0.29,0.29,0.28,0.29,171360000
1987-12-24,0.29,0.29,0.29,0.29,69944000
1987-12-28,0.28,0.29,0.27,0.29,229600000
1987-12-29,0.29,0.29,0.28,0.28,118720000
1987-12-30,0.30,0.30,0.29,0.29,155680000
1987-12-31,0.29,0.29,0.29,0.29,117600000
1988-01-04,0.31,0.31,0.29,0.29,330400000
1988-01-05,0.31,0.32,0.30,0.32,309120000
1988-01-06,0.30,0.31,0.30,0.31,268800000
1988-01-07,0.31,0.31,0.29,0.30,212800000
1988-01-08,0.27,0.31,0.27,0.31,486080000
1988-01-11,0.29,0.29,0.27,0.27,404320000
1988-01-12,0.29,0.30,0.27,0.29,400960000
1988-01-13,0.29,0.30,0.28,0.29,211680000
1988-01-14,0.29,0.29,0.29,0.29,132160000
1988-01-15,0.29,0.31,0.29,0.30,343840000
1988-01-18,0.29,0.29,0.29,0.29,125440000
1988-01-19,0.29,0.30,0.28,0.29,274400000
1988-01-20,0.27,0.29,0.26,0.29,680960000
1988-01-21,0.28,0.28,0.27,0.28,493920000
1988-01-22,0.27,0.28,0.26,0.28,445760000
1988-01-25,0.28,0.28,0.27,0.27,200480000
1988-01-26,0.27,0.28,0.27,0.28,143360000
1988-01-27,0.27,0.28,0.27,0.28,258720000
1988-01-28,0.28,0.28,0.27,0.27,232960000
1988-01-29,0.28,0.29,0.28,0.28,265440000
1988-02-01,0.29,0.29,0.28,0.29,199360000
1988-02-02,0.28,0.29,0.28,0.28,191520000
1988-02-03,0.27,0.28,0.27,0.28,226240000
1988-02-04,0.27,0.28,0.27,0.27,199360000
1988-02-05,0.26,0.28,0.26,0.27,132160000
1988-02-08,0.27,0.27,0.26,0.26,203840000
1988-02-09,0.27,0.27,0.27,0.27,116480000
1988-02-10,0.28,0.28,0.27,0.27,228480000
1988-02-11,0.28,0.28,0.28,0.28,147840000
1988-02-12,0.28,0.29,0.28,0.28,137760000
1988-02-16,0.28,0.28,0.27,0.28,154560000
1988-02-17,0.29,0.29,0.28,0.28,256480000
1988-02-18,0.29,0.29,0.29,0.29,143360000
1988-02-19,0.29,0.29,0.29,0.29,90764800
1988-02-22,0.30,0.30,0.29,0.29,200480000
1988-02-23,0.29,0.30,0.29,0.30,220640000
1988-02-24,0.29,0.30,0.29,0.29,145600000
1988-02-25,0.29,0.30,0.29,0.29,179200000
1988-02-26,0.29,0.29,0.28,0.29,82342400
1988-02-29,0.30,0.30,0.29,0.29,112000000
1988-03-01,0.30,0.30,0.29,0.30,171360000
1988-03-02,0.31,0.31,0.30,0.30,292320000
1988-03-03,0.32,0.32,0.31,0.31,473760000
1988-03-04,0.32,0.32,0.31,0.32,209440000
1988-03-07,0.32,0.33,0.32,0.32,207200000
1988-03-08,0.32,0.32,0.32,0.32,144480000
1988-03-09,0.32,0.32,0.32,0.32,134400000
1988-03-10,0.31,0.32,0.31,0.32,176960000
1988-03-11,0.31,0.31,0.31,0.31,157920000
1988-03-14,0.32,0.32,0.31,0.31,98123200
1988-03-15,0.31,0.32,0.31,0.32,181440000
1988-03-16,0.32,0.32,0.31,0.31,118720000
1988-03-17,0.31,0.32,0.31,0.32,260960000
1988-03-18,0.31,0.31,0.30,0.31,272160000
1988-03-21,0.30,0.31,0.30,0.31,227360000
1988-03-22,0.30,0.31,0.30,0.30,119179200
1988-03-23,0.29,0.30,0.29,0.30,209440000
1988-03-24,0.28,0.29,0.27,0.29,320320000
1988-03-25,0.28,0.28,0.27,0.28,131040000
1988-03-28,0.29,0.29,0.27,0.27,172480000
1988-03-29,0.28,0.29,0.28,0.29,213920000
1988-03-30,0.27,0.28,0.27,0.28,371840000
1988-03-31,0.27,0.28,0.27,0.27,217280000
1988-04-04,0.27,0.28,0.26,0.27,181440000
1988-04-05,0.27,0.27,0.26,0.27,147840000
1988-04-06,0.29,0.29,0.27,0.27,190400000
1988-04-07,0.28,0.29,0.28,0.29,163520000
1988-04-08,0.28,0.29,0.27,0.28,202720000
1988-04-11,0.29,0.29,0.28,0.29,148960000
1988-04-12,0.29,0.29,0.28,0.29,173600000
1988-04-13,0.28,0.29,0.28,0.29,143360000
1988-04-14,0.27,0.29,0.27,0.28,188160000
1988-04-15,0.27,0.27,0.26,0.27,232960000
1988-04-18,0.27,0.28,0.27,0.27,170240000
1988-04-19,0.28,0.29,0.28,0.28,212329600
1988-04-20,0.27,0.28,0.27,0.28,215040000
1988-04-21,0.27,0.28,0.27,0.28,178080000
1988-04-22,0.28,0.28,0.27,0.27,107643200
1988-04-25,0.28,0.28,0.27,0.28,150080000
1988-04-26,0.29,0.29,0.28,0.28,175840000
1988-04-27,0.29,0.29,0.29,0.29,126560000
1988-04-28,0.28,0.29,0.28,0.29,99164800
1988-04-29,0.28,0.29,0.28,0.28,89992000
1988-05-02,0.28,0.28,0.28,0.28,82196800
1988-05-03,0.29,0.29,0.28,0.28,124320000
1988-05-04,0.29,0.30,0.29,0.29,224000000
1988-05-05,0.29,0.29,0.29,0.29,70459200
1988-05-06,0.28,0.29,0.28,0.29,107038400
1988-05-09,0.28,0.28,0.28,0.28,76372800
1988-05-10,0.28,0.28,0.28,0.28,95905600
1988-05-11,0.27,0.28,0.27,0.28,174720000
1988-05-12,0.27,0.28,0.27,0.27,82980800
1988-05-13,0.28,0.28,0.27,0.28,71400000
1988-05-16,0.28,0.28,0.28,0.28,74760000
1988-05-17,0.28,0.29,0.28,0.29,193760000
1988-05-18,0.27,0.28,0.27,0.28,174720000
1988-05-19,0.27,0.27,0.27,0.27,249760000
1988-05-20,0.27,0.27,0.27,0.27,81737600
1988-05-23,0.26,0.27,0.26,0.27,183680000
1988-05-24,0.27,0.27,0.26,0.26,142240000
1988-05-25,0.27,0.27,0.27,0.27,135520000
1988-05-26,0.27,0.27,0.27,0.27,85780800
1988-05-27,0.27,0.28,0.27,0.27,83955200
1988-05-31,0.29,0.29,0.27,0.28,123200000
1988-06-01,0.29,0.29,0.28,0.29,229600000
1988-06-02,0.29,0.29,0.29,0.29,133280000
1988-06-03,0.30,0.30,0.29,0.29,175840000
1988-06-06,0.30,0.30,0.29,0.29,164640000
1988-06-07,0.30,0.31,0.30,0.30,311360000
1988-06-08,0.31,0.31,0.30,0.30,258720000
1988-06-09,0.30,0.31,0.30,0.31,269920000
1988-06-10,0.31,0.31,0.30,0.30,176960000
1988-06-13,0.31,0.31,0.30,0.31,148960000
1988-06-14,0.31,0.32,0.31,0.31,292420800
1988-06-15,0.32,0.32,0.31,0.31,122080000
1988-06-16,0.31,0.31,0.30,0.31,107374400
1988-06-17,0.31,0.31,0.30,0.31,95390400
1988-06-20,0.30,0.31,0.30,0.31,78601600
1988-06-21,0.31,0.31,0.30,0.30,123592000
1988-06-22,0.31,0.32,0.31,0.31,195563200
1988-06-23,0.31,0.32,0.31,0.32,71388800
1988-06-24,0.31,0.31,0.31,0.31,74715200
1988-06-27,0.31,0.31,0.31,0.31,83619200
1988-06-28,0.32,0.32,0.31,0.31,162568000
1988-06-29,0.32,0.32,0.32,0.32,143449600
1988-06-30,0.32,0.32,0.32,0.32,114688000
1988-07-01,0.32,0.32,0.32,0.32,94539200
1988-07-05,0.33,0.33,0.32,0.32,104451200
1988-07-06,0.32,0.33,0.32,0.32,156553600
1988-07-07,0.32,0.32,0.31,0.32,105604800
1988-07-08,0.31,0.32,0.31,0.31,105392000
1988-07-11,0.31,0.31,0.31,0.31,73628800
1988-07-12,0.31,0.31,0.31,0.31,100900800
1988-07-13,0.31,0.31,0.30,0.31,115169600
1988-07-14,0.31,0.31,0.31,0.31,62809600
1988-07-15,0.31,0.31,0.31,0.31,83025600
1988-07-18,0.31,0.32,0.31,0.31,113500800
1988-07-19,0.31,0.31,0.30,0.31,122304000
1988-07-20,0.30,0.31,0.30,0.31,120086400
1988-07-21,0.30,0.30,0.29,0.30,149027200
1988-07-22,0.29,0.30,0.29,0.30,103846400
1988-07-25,0.29,0.30,0.29,0.29,105896000
1988-07-26,0.29,0.30,0.29,0.29,101528000
1988-07-27,0.29,0.30,0.29,0.29,116524800
1988-07-28,0.29,0.30,0.29,0.29,92680000
1988-07-29,0.31,0.31,0.30,0.30,158950400
1988-08-01,0.31,0.32,0.30,0.31,85937600
1988-08-02,0.31,0.31,0.31,0.31,121284800
1988-08-03,0.31,0.31,0.30,0.31,110846400
1988-08-04,0.31,0.31,0.31,0.31,68913600
1988-08-05,0.30,0.31,0.30,0.31,52662400
1988-08-08,0.30,0.31,0.30,0.31,29937600
1988-08-09,0.30,0.30,0.30,0.30,170027200
1988-08-10,0.29,0.30,0.29,0.30,147806400
1988-08-11,0.30,0.30,0.29,0.29,106052800
1988-08-12,0.29,0.30,0.29,0.30,77481600
1988-08-15,0.28,0.29,0.28,0.29,166678400
1988-08-16,0.29,0.30,0.28,0.28,122752000
1988-08-17,0.29,0.29,0.29,0.29,118944000
1988-08-18,0.29,0.30,0.29,0.29,74065600
1988-08-19,0.28,0.29,0.28,0.29,227360000
1988-08-22,0.27,0.28,0.27,0.28,170195200
1988-08-23,0.27,0.28,0.27,0.27,163576000
1988-08-24,0.28,0.28,0.27,0.27,125473600
1988-08-25,0.28,0.28,0.27,0.28,127680000
1988-08-26,0.28,0.28,0.28,0.28,40152000
1988-08-29,0.28,0.28,0.28,0.28,57232000
1988-08-30,0.28,0.28,0.28,0.28,50568000
1988-08-31,0.28,0.28,0.27,0.28,237686400
1988-09-01,0.27,0.27,0.27,0.27,246736000
1988-09-02,0.27,0.28,0.27,0.27,186300800
1988-09-06,0.27,0.28,0.27,0.28,143449600
1988-09-07,0.26,0.27,0.26,0.27,179110400
1988-09-08,0.27,0.27,0.26,0.26,207256000
1988-09-09,0.28,0.28,0.26,0.27,234673600
1988-09-12,0.28,0.29,0.28,0.28,148030400
1988-09-13,0.28,0.28,0.28,0.28,119683200
1988-09-14,0.29,0.29,0.29,0.29,238571200
1988-09-15,0.29,0.29,0.29,0.29,165760000
1988-09-16,0.29,0.29,0.29,0.29,123760000
1988-09-19,0.29,0.29,0.28,0.29,92131200
1988-09-20,0.29,0.29,0.29,0.29,102681600
1988-09-21,0.29,0.30,0.29,0.29,91347200
1988-09-22,0.30,0.30,0.29,0.30,145667200
1988-09-23,0.30,0.31,0.30,0.30,101483200
1988-09-26,0.29,0.30,0.29,0.30,87035200
1988-09-27,0.30,0.30,0.29,0.29,162982400
1988-09-28,0.30,0.30,0.30,0.30,84694400
1988-09-29,0.30,0.31,0.30,0.30,106075200
1988-09-30,0.30,0.30,0.30,0.30,92892800
1988-10-03,0.29,0.30,0.29,0.30,90776000
1988-10-04,0.29,0.29,0.28,0.29,51654400
1988-10-05,0.28,0.29,0.28,0.28,123200000
1988-10-06,0.27,0.28,0.27,0.28,167764800
1988-10-07,0.27,0.27,0.26,0.27,457587200
1988-10-10,0.27,0.27,0.26,0.27,332640000
1988-10-11,0.27,0.27,0.26,0.26,194555200
1988-10-12,0.27,0.27,0.26,0.27,132944000
1988-10-13,0.27,0.27,0.27,0.27,164460800
1988-10-14,0.27,0.27,0.26,0.27,157248000
1988-10-17,0.27,0.27,0.26,0.27,93688000
1988-10-18,0.27,0.27,0.26,0.27,142598400
1988-10-19,0.28,0.28,0.27,0.27,277323200
1988-10-20,0.29,0.29,0.28,0.28,173465600
1988-10-21,0.28,0.29,0.28,0.28,123603200
1988-10-24,0.28,0.28,0.27,0.28,135161600
1988-10-25,0.28,0.28,0.27,0.28,85187200
1988-10-26,0.27,0.28,0.27,0.28,188720000
1988-10-27,0.27,0.27,0.26,0.27,143684800
1988-10-28,0.27,0.27,0.27,0.27,84481600
1988-10-31,0.27,0.27,0.26,0.27,242905600
1988-11-01,0.26,0.27,0.26,0.27,143696000
1988-11-02,0.26,0.26,0.25,0.26,208521600
1988-11-03,0.26,0.26,0.25,0.26,242457600
1988-11-04,0.26,0.26,0.25,0.25,153798400
1988-11-07,0.26,0.26,0.26,0.26,170083200
1988-11-08,0.27,0.27,0.26,0.26,154526400
1988-11-09,0.27,0.27,0.26,0.26,201723200
1988-11-10,0.27,0.27,0.27,0.27,99915200
1988-11-11,0.27,0.27,0.27,0.27,108684800
1988-11-14,0.27,0.27,0.26,0.27,85232000
1988-11-15,0.27,0.27,0.27,0.27,80001600
1988-11-16,0.26,0.27,0.26,0.27,147840000
1988-11-17,0.26,0.27,0.26,0.26,79542400
1988-11-18,0.26,0.27,0.26,0.27,57590400
1988-11-21,0.25,0.26,0.25,0.26,221905600
1988-11-22,0.25,0.26,0.25,0.25,148187200
1988-11-23,0.26,0.26,0.25,0.25,187992000
1988-11-25,0.25,0.25,0.25,0.25,48294400
1988-11-28,0.25,0.25,0.25,0.25,139361600
1988-11-29,0.25,0.25,0.25,0.25,92668800
1988-11-30,0.26,0.26,0.25,0.25,167843200
1988-12-01,0.27,0.27,0.26,0.26,212161600
1988-12-02,0.27,0.28,0.26,0.26,333715200
1988-12-05,0.27,0.28,0.27,0.27,154414400
1988-12-06,0.27,0.28,0.27,0.27,104932800
1988-12-07,0.27,0.27,0.27,0.27,98134400
1988-12-08,0.27,0.27,0.27,0.27,59460800
1988-12-09,0.27,0.27,0.27,0.27,44956800
1988-12-12,0.27,0.27,0.27,0.27,117880000
1988-12-13,0.27,0.27,0.26,0.27,122550400
1988-12-14,0.28,0.28,0.27,0.27,193300800
1988-12-15,0.27,0.28,0.27,0.28,112571200
1988-12-16,0.28,0.28,0.27,0.27,183489600
1988-12-19,0.28,0.28,0.28,0.28,234326400
1988-12-20,0.28,0.29,0.28,0.28,274187200
1988-12-21,0.29,0.29,0.28,0.28,241964800
1988-12-22,0.28,0.29,0.28,0.29,106030400
1988-12-23,0.28,0.29,0.28,0.28,40958400
1988-12-27,0.28,0.29,0.28,0.28,59987200
1988-12-28,0.28,0.28,0.28,0.28,51542400
1988-12-29,0.28,0.28,0.28,0.28,117812800
1988-12-30,0.28,0.29,0.28,0.28,81692800
1989-01-03,0.28,0.28,0.28,0.28,100016000
1989-01-04,0.29,0.29,0.28,0.28,239948800
1989-01-05,0.29,0.30,0.29,0.29,307328000
1989-01-06,0.29,0.30,0.29,0.29,198665600
1989-01-09,0.30,0.30,0.29,0.30,79307200
1989-01-10,0.29,0.30,0.29,0.29,103320000
1989-01-11,0.29,0.29,0.29,0.29,156128000
1989-01-12,0.30,0.30,0.29,0.29,150315200
1989-01-13,0.30,0.30,0.29,0.30,193905600
1989-01-16,0.30,0.30,0.30,0.30,168593600
1989-01-17,0.28,0.30,0.28,0.30,756604800
1989-01-18,0.28,0.28,0.27,0.28,487928000
1989-01-19,0.28,0.28,0.28,0.28,255987200
1989-01-20,0.28,0.29,0.28,0.28,173734400
1989-01-23,0.28,0.29,0.28,0.28,180532800
1989-01-24,0.29,0.29,0.28,0.28,223294400
1989-01-25,0.29,0.29,0.28,0.29,110936000
1989-01-26,0.29,0.29,0.28,0.28,285264000
1989-01-27,0.26,0.27,0.25,0.26,2127171200
1989-01-30,0.26,0.26,0.26,0.26,586499200
1989-01-31,0.26,0.26,0.25,0.26,460353600
1989-02-01,0.27,0.27,0.26,0.26,487558400
1989-02-02,0.28,0.28,0.27,0.27,473491200
1989-02-03,0.27,0.28,0.27,0.28,178908800
1989-02-06,0.27,0.27,0.26,0.27,116737600
1989-02-07,0.27,0.27,0.26,0.26,165155200
1989-02-08,0.26,0.27,0.26,0.27,157012800
1989-02-09,0.26,0.27,0.26,0.26,160809600
1989-02-10,0.26,0.26,0.26,0.26,348342400
1989-02-13,0.26,0.26,0.25,0.25,235188800
1989-02-14,0.25,0.26,0.24,0.26,891576000
1989-02-15,0.25,0.25,0.25,0.25,330624000
1989-02-16,0.25,0.26,0.25,0.25,255696000
1989-02-17,0.25,0.26,0.25,0.25,116849600
1989-02-21,0.26,0.26,0.25,0.26,190556800
1989-02-22,0.25,0.26,0.25,0.26,238324800
1989-02-23,0.25,0.26,0.25,0.25,95368000
1989-02-24,0.25,0.26,0.25,0.26,152129600
1989-02-27,0.25,0.25,0.25,0.25,115920000
1989-02-28,0.25,0.25,0.25,0.25,176019200
1989-03-01,0.25,0.25,0.25,0.25,170128000
1989-03-02,0.24,0.25,0.24,0.25,376331200
1989-03-03,0.24,0.24,0.24,0.24,387777600
1989-03-06,0.25,0.25,0.24,0.24,168515200
1989-03-07,0.25,0.25,0.24,0.25,260691200
1989-03-08,0.24,0.25,0.24,0.25,216294400
1989-03-09,0.24,0.25,0.24,0.24,133436800
1989-03-10,0.24,0.24,0.24,0.24,102715200
1989-03-13,0.24,0.25,0.24,0.24,131107200
1989-03-14,0.24,0.25,0.24,0.24,161940800
1989-03-15,0.24,0.25,0.24,0.24,90059200
1989-03-16,0.24,0.25,0.24,0.24,192236800
1989-03-17,0.24,0.25,0.24,0.24,237126400
1989-03-20,0.24,0.24,0.24,0.24,181451200
1989-03-21,0.24,0.25,0.24,0.25,128195200
1989-03-22,0.24,0.24,0.23,0.24,144849600
1989-03-23,0.24,0.24,0.23,0.24,118910400
1989-03-27,0.23,0.24,0.23,0.24,151659200
1989-03-28,0.24,0.24,0.24,0.24,141254400
1989-03-29,0.24,0.24,0.24,0.24,74401600
1989-03-30,0.24,0.24,0.24,0.24,105246400
1989-03-31,0.25,0.25,0.24,0.24,185348800
1989-04-03,0.24,0.25,0.24,0.25,166286400
1989-04-04,0.24,0.24,0.24,0.24,115729600
1989-04-05,0.24,0.24,0.24,0.24,120254400
1989-04-06,0.25,0.25,0.24,0.24,156374400
1989-04-07,0.26,0.26,0.25,0.25,354984000
1989-04-10,0.26,0.26,0.25,0.26,135374400
1989-04-11,0.26,0.26,0.26,0.26,146540800
1989-04-12,0.27,0.27,0.26,0.27,387912000
1989-04-13,0.27,0.27,0.27,0.27,181272000
1989-04-14,0.27,0.27,0.27,0.27,123356800
1989-04-17,0.27,0.27,0.26,0.27,140145600
1989-04-18,0.28,0.28,0.27,0.27,560985600
1989-04-19,0.28,0.29,0.28,0.28,425880000
1989-04-20,0.28,0.29,0.28,0.28,179816000
1989-04-21,0.28,0.28,0.28,0.28,115169600
1989-04-24,0.28,0.28,0.27,0.28,110790400
1989-04-25,0.28,0.28,0.28,0.28,116177600
1989-04-26,0.28,0.28,0.27,0.28,186132800
1989-04-27,0.27,0.28,0.27,0.27,139384000
1989-04-28,0.27,0.27,0.27,0.27,103857600
1989-05-01,0.27,0.27,0.27,0.27,80662400
1989-05-02,0.28,0.28,0.27,0.27,215745600
1989-05-03,0.28,0.28,0.28,0.28,220539200
1989-05-04,0.28,0.29,0.28,0.28,188910400
1989-05-05,0.29,0.30,0.29,0.29,460756800
1989-05-08,0.29,0.29,0.29,0.29,205923200
1989-05-09,0.29,0.30,0.29,0.29,346774400
1989-05-10,0.30,0.30,0.29,0.30,234438400
1989-05-11,0.30,0.31,0.30,0.30,300944000
1989-05-12,0.31,0.31,0.31,0.31,467140800
1989-05-15,0.32,0.32,0.31,0.31,317900800
1989-05-16,0.31,0.32,0.31,0.32,228670400
1989-05-17,0.31,0.32,0.31,0.31,248460800
1989-05-18,0.31,0.32,0.31,0.31,211254400
1989-05-19,0.32,0.32,0.31,0.31,330769600
1989-05-22,0.32,0.32,0.31,0.32,190400000
1989-05-23,0.32,0.32,0.31,0.32,134467200
1989-05-24,0.33,0.33,0.31,0.31,297606400
1989-05-25,0.34,0.34,0.33,0.33,232366400
1989-05-26,0.34,0.34,0.33,0.34,112515200
1989-05-30,0.33,0.34,0.33,0.34,111921600
1989-05-31,0.33,0.33,0.33,0.33,115214400
1989-06-01,0.34,0.34,0.33,0.33,179502400
1989-06-02,0.34,0.34,0.34,0.34,124476800
1989-06-05,0.33,0.34,0.32,0.34,124118400
1989-06-06,0.33,0.33,0.32,0.33,145006400
1989-06-07,0.34,0.34,0.33,0.33,175672000
1989-06-08,0.33,0.34,0.33,0.34,178012800
1989-06-09,0.33,0.33,0.32,0.33,94416000
1989-06-12,0.33,0.33,0.32,0.33,80864000
1989-06-13,0.34,0.34,0.33,0.33,230977600
1989-06-14,0.35,0.35,0.34,0.34,251305600
1989-06-15,0.33,0.35,0.33,0.34,161403200
1989-06-16,0.31,0.32,0.30,0.31,542001600
1989-06-19,0.31,0.31,0.30,0.31,183120000
1989-06-20,0.30,0.31,0.29,0.31,134534400
1989-06-21,0.30,0.30,0.29,0.30,129864000
1989-06-22,0.30,0.30,0.29,0.30,137200000
1989-06-23,0.31,0.31,0.30,0.30,123894400
1989-06-26,0.30,0.31,0.30,0.31,183836800
1989-06-27,0.30,0.31,0.30,0.30,105784000
1989-06-28,0.29,0.29,0.29,0.29,257028800
1989-06-29,0.28,0.29,0.28,0.29,233520000
1989-06-30,0.29,0.29,0.27,0.28,164740800
1989-07-03,0.28,0.29,0.28,0.29,48350400
1989-07-05,0.28,0.28,0.28,0.28,119156800
1989-07-06,0.29,0.29,0.28,0.28,173924800
1989-07-07,0.29,0.29,0.28,0.29,106108800
1989-07-10,0.28,0.29,0.28,0.29,203694400
1989-07-11,0.28,0.29,0.28,0.28,243924800
1989-07-12,0.28,0.28,0.27,0.28,124129600
1989-07-13,0.28,0.29,0.27,0.28,225433600
1989-07-14,0.28,0.29,0.28,0.28,257320000
1989-07-17,0.28,0.29,0.28,0.28,130894400
1989-07-18,0.27,0.28,0.27,0.28,477310400
1989-07-19,0.28,0.28,0.27,0.27,238974400
1989-07-20,0.28,0.29,0.28,0.28,236073600
1989-07-21,0.28,0.28,0.27,0.28,139484800
1989-07-24,0.27,0.28,0.27,0.28,115987200
1989-07-25,0.27,0.28,0.26,0.27,209843200
1989-07-26,0.27,0.27,0.26,0.27,233744000
1989-07-27,0.27,0.27,0.26,0.27,173073600
1989-07-28,0.27,0.28,0.27,0.27,119336000
1989-07-31,0.28,0.28,0.27,0.27,111865600
1989-08-01,0.28,0.28,0.27,0.28,139540800
1989-08-02,0.28,0.28,0.27,0.28,101404800
1989-08-03,0.29,0.29,0.28,0.28,172939200
1989-08-04,0.30,0.30,0.29,0.29,183355200
1989-08-07,0.30,0.31,0.30,0.30,168212800
1989-08-08,0.31,0.31,0.30,0.30,206192000
1989-08-09,0.31,0.32,0.31,0.31,195160000
1989-08-10,0.30,0.31,0.30,0.31,152364800
1989-08-11,0.29,0.31,0.29,0.31,230081600
1989-08-14,0.28,0.29,0.28,0.29,102827200
1989-08-15,0.29,0.29,0.28,0.28,163732800
1989-08-16,0.28,0.29,0.28,0.29,120534400
1989-08-17,0.29,0.29,0.28,0.28,153316800
1989-08-18,0.29,0.30,0.29,0.29,84067200
1989-08-21,0.29,0.30,0.29,0.29,137827200
1989-08-22,0.30,0.30,0.29,0.29,111832000
1989-08-23,0.30,0.31,0.30,0.30,173644800
1989-08-24,0.31,0.31,0.30,0.30,162926400
1989-08-25,0.31,0.31,0.31,0.31,161392000
1989-08-28,0.31,0.31,0.31,0.31,81659200
1989-08-29,0.31,0.31,0.30,0.31,176904000
1989-08-30,0.31,0.31,0.31,0.31,116099200
1989-08-31,0.31,0.31,0.31,0.31,56291200
1989-09-01,0.31,0.31,0.31,0.31,74121600
1989-09-05,0.31,0.32,0.31,0.31,114822400
1989-09-06,0.31,0.31,0.31,0.31,86755200
1989-09-07,0.31,0.32,0.31,0.31,113892800
1989-09-08,0.31,0.32,0.31,0.31,55832000
1989-09-11,0.32,0.32,0.31,0.31,98593600
1989-09-12,0.32,0.33,0.31,0.32,103588800
1989-09-13,0.31,0.32,0.31,0.32,128688000
1989-09-14,0.31,0.32,0.31,0.31,131286400
1989-09-15,0.31,0.32,0.31,0.31,124868800
1989-09-18,0.31,0.31,0.31,0.31,63156800
1989-09-19,0.30,0.31,0.30,0.31,80796800
1989-09-20,0.31,0.31,0.30,0.31,118148800
1989-09-21,0.31,0.32,0.31,0.31,200961600
1989-09-22,0.31,0.32,0.31,0.31,72497600
1989-09-25,0.32,0.32,0.31,0.31,136158400
1989-09-26,0.32,0.32,0.31,0.31,77324800
1989-09-27,0.31,0.31,0.31,0.31,90126400
1989-09-28,0.32,0.32,0.31,0.31,79419200
1989-09-29,0.31,0.32,0.31,0.32,69809600
1989-10-02,0.31,0.31,0.30,0.31,137401600
1989-10-03,0.30,0.31,0.30,0.31,170497600
1989-10-04,0.31,0.31,0.30,0.30,159174400
1989-10-05,0.32,0.32,0.31,0.31,245280000
1989-10-06,0.34,0.34,0.32,0.32,361704000
1989-10-09,0.34,0.35,0.33,0.33,195552000
1989-10-10,0.34,0.35,0.34,0.35,287123200
1989-10-11,0.34,0.34,0.33,0.34,156956800
1989-10-12,0.34,0.34,0.34,0.34,82644800
1989-10-13,0.32,0.34,0.31,0.34,201118400
1989-10-16,0.33,0.33,0.30,0.31,424916800
1989-10-17,0.33,0.34,0.31,0.32,250040000
1989-10-18,0.34,0.34,0.32,0.32,144032000
1989-10-19,0.34,0.34,0.34,0.34,111899200
1989-10-20,0.33,0.34,0.33,0.33,261508800
1989-10-23,0.33,0.34,0.32,0.33,121956800
1989-10-24,0.33,0.34,0.32,0.32,216440000
1989-10-25,0.32,0.33,0.32,0.33,119145600
1989-10-26,0.32,0.32,0.31,0.32,169265600
1989-10-27,0.32,0.32,0.31,0.32,129416000
1989-10-30,0.32,0.32,0.31,0.32,86979200
1989-10-31,0.32,0.32,0.32,0.32,91996800
1989-11-01,0.32,0.33,0.32,0.32,61185600
1989-11-02,0.31,0.31,0.30,0.31,452670400
1989-11-03,0.30,0.31,0.30,0.31,174652800
1989-11-06,0.30,0.31,0.30,0.30,123088000
1989-11-07,0.31,0.31,0.30,0.30,151323200
1989-11-08,0.31,0.32,0.31,0.31,142632000
1989-11-09,0.32,0.32,0.31,0.31,88188800
1989-11-10,0.33,0.33,0.32,0.32,64859200
1989-11-13,0.32,0.33,0.32,0.32,68017600
1989-11-14,0.31,0.33,0.31,0.32,84380800
1989-11-15,0.31,0.32,0.31,0.31,97787200
1989-11-16,0.31,0.31,0.30,0.31,96566400
1989-11-17,0.31,0.32,0.31,0.31,88558400
1989-11-20,0.32,0.32,0.31,0.31,108068800
1989-11-21,0.32,0.32,0.32,0.32,140246400
1989-11-22,0.31,0.32,0.31,0.32,97944000
1989-11-24,0.31,0.31,0.31,0.31,27854400
1989-11-27,0.31,0.32,0.31,0.31,105145600
1989-11-28,0.31,0.31,0.30,0.31,135374400
1989-11-29,0.31,0.31,0.30,0.30,152947200
1989-11-30,0.31,0.31,0.30,0.31,63448000
1989-12-01,0.31,0.31,0.30,0.31,146227200
1989-12-04,0.32,0.32,0.31,0.31,97361600
1989-12-05,0.31,0.32,0.31,0.32,121766400
1989-12-06,0.30,0.32,0.29,0.31,334980800
1989-12-07,0.30,0.30,0.29,0.30,178416000
1989-12-08,0.29,0.30,0.29,0.30,252582400
1989-12-11,0.27,0.29,0.27,0.29,650014400
1989-12-12,0.25,0.28,0.24,0.27,1025416000
1989-12-13,0.25,0.26,0.25,0.25,389760000
1989-12-14,0.24,0.25,0.24,0.25,304752000
1989-12-15,0.24,0.24,0.23,0.24,518168000
1989-12-18,0.24,0.24,0.24,0.24,307204800
1989-12-19,0.24,0.25,0.24,0.24,251193600
1989-12-20,0.25,0.25,0.25,0.25,177990400
1989-12-21,0.25,0.25,0.25,0.25,304808000
1989-12-22,0.26,0.26,0.25,0.25,184587200
1989-12-26,0.25,0.26,0.25,0.26,135284800
1989-12-27,0.25,0.25,0.24,0.25,257006400
1989-12-28,0.24,0.25,0.24,0.24,151256000
1989-12-29,0.25,0.25,0.24,0.24,152409600
1990-01-02,0.26,0.26,0.24,0.25,183198400
1990-01-03,0.26,0.27,0.26,0.27,207995200
1990-01-04,0.26,0.27,0.26,0.27,221513600
1990-01-05,0.26,0.27,0.26,0.26,123312000
1990-01-08,0.27,0.27,0.26,0.26,101572800
1990-01-09,0.26,0.27,0.26,0.27,86139200
1990-01-10,0.25,0.26,0.25,0.26,199718400
1990-01-11,0.24,0.25,0.24,0.25,211052800
1990-01-12,0.24,0.24,0.24,0.24,171897600
1990-01-15,0.24,0.25,0.24,0.24,161739200
1990-01-16,0.24,0.24,0.23,0.23,214244800
1990-01-17,0.23,0.24,0.23,0.24,197299200
1990-01-18,0.23,0.23,0.23,0.23,273291200
1990-01-19,0.24,0.24,0.23,0.24,265137600
1990-01-22,0.23,0.24,0.23,0.24,145611200
1990-01-23,0.24,0.24,0.23,0.24,140873600
1990-01-24,0.24,0.24,0.23,0.23,169792000
1990-01-25,0.24,0.24,0.24,0.24,111540800
1990-01-26,0.23,0.24,0.23,0.24,181249600
1990-01-29,0.23,0.23,0.22,0.23,119929600
1990-01-30,0.24,0.24,0.23,0.23,116446400
1990-01-31,0.24,0.24,0.23,0.24,143942400
1990-02-01,0.23,0.24,0.23,0.24,117073600
1990-02-02,0.24,0.24,0.23,0.23,118473600
1990-02-05,0.24,0.25,0.24,0.24,101752000
1990-02-06,0.24,0.24,0.24,0.24,73920000
1990-02-07,0.23,0.24,0.23,0.23,312446400
1990-02-08,0.23,0.23,0.23,0.23,186636800
1990-02-09,0.24,0.24,0.23,0.23,168078400
1990-02-12,0.24,0.24,0.24,0.24,74916800
1990-02-13,0.24,0.24,0.24,0.24,102166400
1990-02-14,0.24,0.24,0.24,0.24,96062400
1990-02-15,0.24,0.24,0.23,0.24,97966400
1990-02-16,0.24,0.24,0.24,0.24,127209600
1990-02-20,0.23,0.24,0.23,0.23,123244800
1990-02-21,0.24,0.24,0.23,0.23,175907200
1990-02-22,0.23,0.24,0.23,0.24,195182400
1990-02-23,0.23,0.23,0.23,0.23,149956800
1990-02-26,0.24,0.24,0.23,0.23,79609600
1990-02-27,0.23,0.24,0.23,0.24,73953600
1990-02-28,0.24,0.24,0.23,0.23,109334400
1990-03-01,0.24,0.24,0.23,0.23,203896000
1990-03-02,0.24,0.24,0.23,0.23,104899200
1990-03-05,0.24,0.24,0.23,0.23,182470400
1990-03-06,0.25,0.25,0.24,0.25,156016000
1990-03-07,0.25,0.25,0.25,0.25,204220800
1990-03-08,0.26,0.26,0.25,0.25,223843200
1990-03-09,0.26,0.26,0.25,0.26,230473600
1990-03-12,0.26,0.26,0.25,0.26,163956800
1990-03-13,0.26,0.26,0.25,0.26,148579200
1990-03-14,0.26,0.26,0.26,0.26,101785600
1990-03-15,0.26,0.27,0.26,0.26,120232000
1990-03-16,0.28,0.29,0.27,0.28,644761600
1990-03-19,0.30,0.30,0.28,0.28,431793600
1990-03-20,0.29,0.30,0.29,0.30,391316800
1990-03-21,0.29,0.30,0.29,0.29,152734400
1990-03-22,0.29,0.30,0.29,0.29,231660800
1990-03-23,0.30,0.30,0.29,0.29,227987200
1990-03-26,0.30,0.30,0.29,0.30,128060800
1990-03-27,0.29,0.30,0.29,0.29,84604800
1990-03-28,0.29,0.30,0.29,0.29,102939200
1990-03-29,0.29,0.29,0.29,0.29,96891200
1990-03-30,0.28,0.29,0.28,0.28,223350400
1990-04-02,0.28,0.28,0.28,0.28,148769600
1990-04-03,0.29,0.29,0.28,0.28,139708800
1990-04-04,0.29,0.29,0.29,0.29,149732800
1990-04-05,0.28,0.29,0.28,0.29,108192000
1990-04-06,0.28,0.29,0.28,0.28,118238400
1990-04-09,0.29,0.29,0.28,0.28,105481600
1990-04-10,0.29,0.29,0.29,0.29,131320000
1990-04-11,0.30,0.30,0.29,0.29,213158400
1990-04-12,0.30,0.31,0.30,0.30,211803200
1990-04-16,0.31,0.31,0.30,0.30,226889600
1990-04-17,0.30,0.30,0.30,0.30,131107200
1990-04-18,0.30,0.31,0.30,0.30,193446400
1990-04-19,0.28,0.30,0.28,0.29,481476800
1990-04-20,0.28,0.29,0.28,0.29,323523200
1990-04-23,0.28,0.28,0.28,0.28,128352000
1990-04-24,0.27,0.28,0.27,0.28,303732800
1990-04-25,0.27,0.27,0.27,0.27,132574400
1990-04-26,0.27,0.28,0.27,0.27,142161600
1990-04-27,0.27,0.28,0.27,0.27,116412800
1990-04-30,0.28,0.28,0.27,0.28,136393600
1990-05-01,0.28,0.28,0.28,0.28,163609600
1990-05-02,0.28,0.28,0.28,0.28,135430400
1990-05-03,0.28,0.28,0.28,0.28,166308800
1990-05-04,0.28,0.29,0.28,0.28,169534400
1990-05-07,0.29,0.29,0.28,0.28,135990400
1990-05-08,0.29,0.29,0.29,0.29,112459200
1990-05-09,0.29,0.29,0.29,0.29,97238400
1990-05-10,0.29,0.29,0.28,0.29,179043200
1990-05-11,0.30,0.30,0.29,0.29,215241600
1990-05-14,0.29,0.30,0.29,0.30,226385600
1990-05-15,0.29,0.29,0.29,0.29,149385600
1990-05-16,0.29,0.29,0.29,0.29,87304000
1990-05-17,0.29,0.30,0.29,0.29,153585600
1990-05-18,0.28,0.29,0.28,0.29,258462400
1990-05-21,0.28,0.28,0.27,0.28,262483200
1990-05-22,0.29,0.29,0.28,0.28,301089600
1990-05-23,0.30,0.30,0.29,0.29,207513600
1990-05-24,0.30,0.30,0.29,0.30,148131200
1990-05-25,0.28,0.29,0.27,0.28,323321600
1990-05-29,0.29,0.29,0.28,0.28,243208000
1990-05-30,0.29,0.29,0.29,0.29,276819200
1990-05-31,0.29,0.29,0.29,0.29,103084800
1990-06-01,0.29,0.30,0.29,0.29,157236800
1990-06-04,0.29,0.29,0.28,0.29,179424000
1990-06-05,0.28,0.29,0.27,0.29,299432000
1990-06-06,0.28,0.28,0.27,0.27,211747200
1990-06-07,0.27,0.28,0.27,0.28,186435200
1990-06-08,0.27,0.27,0.26,0.27,333883200
1990-06-11,0.27,0.27,0.27,0.27,157897600
1990-06-12,0.28,0.28,0.27,0.27,165032000
1990-06-13,0.28,0.29,0.28,0.28,138947200
1990-06-14,0.28,0.28,0.28,0.28,140324800
1990-06-15,0.28,0.28,0.27,0.28,144144000
1990-06-18,0.28,0.28,0.27,0.28,111395200
1990-06-19,0.28,0.28,0.27,0.27,157225600
1990-06-20,0.28,0.28,0.28,0.28,154739200
1990-06-21,0.29,0.30,0.28,0.28,208600000
1990-06-22,0.29,0.30,0.29,0.30,283976000
1990-06-25,0.29,0.29,0.28,0.29,122001600
1990-06-26,0.29,0.30,0.28,0.29,127254400
1990-06-27,0.29,0.30,0.28,0.29,97227200
1990-06-28,0.30,0.30,0.29,0.30,249939200
1990-06-29,0.31,0.32,0.30,0.30,325192000
1990-07-02,0.31,0.31,0.31,0.31,135408000
1990-07-03,0.31,0.31,0.31,0.31,99500800
1990-07-05,0.31,0.31,0.30,0.31,107464000
1990-07-06,0.31,0.32,0.30,0.31,209059200
1990-07-09,0.33,0.33,0.31,0.32,315459200
1990-07-10,0.33,0.33,0.33,0.33,361424000
1990-07-11,0.33,0.33,0.32,0.33,246153600
1990-07-12,0.33,0.33,0.33,0.33,182470400
1990-07-13,0.33,0.34,0.33,0.33,230977600
1990-07-16,0.32,0.33,0.32,0.33,179704000
1990-07-17,0.31,0.32,0.31,0.32,136852800
1990-07-18,0.31,0.32,0.30,0.31,288366400
1990-07-19,0.29,0.30,0.28,0.29,585984000
1990-07-20,0.29,0.30,0.29,0.30,191844800
1990-07-23,0.29,0.29,0.28,0.29,270188800
1990-07-24,0.30,0.30,0.29,0.30,193916800
1990-07-25,0.30,0.30,0.29,0.30,104921600
1990-07-26,0.29,0.30,0.29,0.30,80337600
1990-07-27,0.29,0.29,0.28,0.29,62316800
1990-07-30,0.30,0.30,0.29,0.29,85456000
1990-07-31,0.30,0.30,0.29,0.30,96006400
1990-08-01,0.30,0.30,0.29,0.30,93508800
1990-08-02,0.31,0.31,0.29,0.29,223126400
1990-08-03,0.29,0.31,0.28,0.31,268968000
1990-08-06,0.28,0.28,0.27,0.27,179659200
1990-08-07,0.28,0.29,0.27,0.28,198531200
1990-08-08,0.28,0.29,0.28,0.28,102536000
1990-08-09,0.28,0.28,0.28,0.28,96387200
1990-08-10,0.27,0.28,0.27,0.27,102704000
1990-08-13,0.28,0.28,0.27,0.27,156116800
1990-08-14,0.28,0.28,0.28,0.28,98168000
1990-08-15,0.28,0.28,0.28,0.28,92052800
1990-08-16,0.27,0.28,0.27,0.27,123894400
1990-08-17,0.26,0.27,0.25,0.27,246108800
1990-08-20,0.26,0.26,0.26,0.26,75062400
1990-08-21,0.26,0.26,0.25,0.25,161044800
1990-08-22,0.25,0.26,0.25,0.26,122718400
1990-08-23,0.24,0.25,0.24,0.24,143696000
1990-08-24,0.25,0.25,0.24,0.25,73416000
1990-08-27,0.27,0.27,0.26,0.26,117465600
1990-08-28,0.27,0.27,0.26,0.26,80192000
1990-08-29,0.26,0.27,0.26,0.27,150931200
1990-08-30,0.26,0.26,0.25,0.26,122595200
1990-08-31,0.26,0.26,0.25,0.25,99456000
1990-09-04,0.26,0.26,0.26,0.26,82745600
1990-09-05,0.25,0.26,0.25,0.26,64052800
1990-09-06,0.25,0.25,0.25,0.25,87628800
1990-09-07,0.26,0.26,0.25,0.25,58172800
1990-09-10,0.25,0.26,0.25,0.26,75980800
1990-09-11,0.24,0.25,0.24,0.25,178270400
1990-09-12,0.24,0.24,0.24,0.24,100408000
1990-09-13,0.24,0.24,0.23,0.24,97260800
1990-09-14,0.24,0.24,0.23,0.24,113915200
1990-09-17,0.24,0.25,0.24,0.24,77672000
1990-09-18,0.24,0.24,0.23,0.24,124611200
1990-09-19,0.23,0.24,0.23,0.23,182459200
1990-09-20,0.22,0.23,0.22,0.23,100934400
1990-09-21,0.22,0.23,0.22,0.23,153865600
1990-09-24,0.21,0.22,0.21,0.22,138499200
1990-09-25,0.21,0.22,0.21,0.22,157953600
1990-09-26,0.21,0.22,0.21,0.21,94136000
1990-09-27,0.20,0.22,0.20,0.21,142340800
1990-09-28,0.20,0.20,0.19,0.20,176041600
1990-10-01,0.22,0.22,0.21,0.21,155657600
1990-10-02,0.21,0.23,0.21,0.22,270984000
1990-10-03,0.19,0.21,0.19,0.21,268240000
1990-10-04,0.20,0.20,0.19,0.19,213494400
1990-10-05,0.20,0.20,0.19,0.19,99489600
1990-10-08,0.21,0.21,0.20,0.20,61532800
1990-10-09,0.20,0.20,0.20,0.20,120579200
1990-10-10,0.19,0.20,0.18,0.19,147907200
1990-10-11,0.20,0.20,0.18,0.19,205979200
1990-10-12,0.20,0.20,0.19,0.20,228648000
1990-10-15,0.20,0.20,0.19,0.20,201017600
1990-10-16,0.18,0.19,0.17,0.19,305233600
1990-10-17,0.19,0.19,0.18,0.18,309064000
1990-10-18,0.20,0.20,0.19,0.19,315000000
1990-10-19,0.22,0.22,0.21,0.22,933732800
1990-10-22,0.22,0.22,0.22,0.22,252739200
1990-10-23,0.22,0.22,0.21,0.22,167048000
1990-10-24,0.22,0.22,0.21,0.22,141825600
1990-10-25,0.21,0.22,0.21,0.21,153462400
1990-10-26,0.21,0.22,0.21,0.21,134198400
1990-10-29,0.21,0.22,0.21,0.21,123480000
1990-10-30,0.21,0.22,0.20,0.21,98044800
1990-10-31,0.22,0.22,0.21,0.22,148758400
1990-11-01,0.22,0.22,0.21,0.22,90652800
1990-11-02,0.22,0.23,0.22,0.22,148612800
1990-11-05,0.23,0.24,0.23,0.23,184475200
1990-11-06,0.24,0.24,0.23,0.24,184766400
1990-11-07,0.23,0.24,0.23,0.24,202977600
1990-11-08,0.24,0.25,0.23,0.23,199248000
1990-11-09,0.25,0.25,0.24,0.25,198228800
1990-11-12,0.26,0.26,0.25,0.25,145051200
1990-11-13,0.25,0.26,0.25,0.26,141948800
1990-11-14,0.26,0.26,0.25,0.25,190747200
1990-11-15,0.25,0.26,0.25,0.26,161772800
1990-11-16,0.25,0.25,0.25,0.25,183008000
1990-11-19,0.26,0.26,0.25,0.25,223910400
1990-11-20,0.25,0.26,0.25,0.26,153630400
1990-11-21,0.26,0.26,0.25,0.25,123211200
1990-11-23,0.26,0.26,0.25,0.26,53200000
1990-11-26,0.26,0.26,0.25,0.25,81457600
1990-11-27,0.27,0.27,0.26,0.26,164584000
1990-11-28,0.26,0.27,0.26,0.27,174910400
1990-11-29,0.26,0.26,0.26,0.26,126705600
1990-11-30,0.26,0.26,0.26,0.26,121508800
1990-12-03,0.27,0.27,0.26,0.26,165401600
1990-12-04,0.27,0.27,0.27,0.27,152152000
1990-12-05,0.28,0.28,0.27,0.27,218388800
1990-12-06,0.29,0.30,0.29,0.29,532246400
1990-12-07,0.30,0.30,0.29,0.29,329660800
1990-12-10,0.30,0.30,0.29,0.30,250588800
1990-12-11,0.28,0.29,0.28,0.29,347883200
1990-12-12,0.28,0.28,0.28,0.28,242356800
1990-12-13,0.29,0.29,0.28,0.28,160731200
1990-12-14,0.28,0.29,0.28,0.28,87068800
1990-12-17,0.28,0.29,0.28,0.28,131107200
1990-12-18,0.30,0.30,0.29,0.29,220987200
1990-12-19,0.30,0.30,0.29,0.30,140660800
1990-12-20,0.31,0.31,0.29,0.29,401072000
1990-12-21,0.32,0.32,0.31,0.31,346136000
1990-12-24,0.31,0.32,0.31,0.32,58721600
1990-12-26,0.31,0.31,0.30,0.31,103073600
1990-12-27,0.31,0.31,0.31,0.31,97652800
1990-12-28,0.30,0.31,0.30,0.31,63929600
1990-12-31,0.30,0.31,0.30,0.30,44273600
1991-01-02,0.31,0.31,0.30,0.30,154985600
1991-01-03,0.30,0.31,0.30,0.31,150180800
1991-01-04,0.31,0.31,0.30,0.30,141523200
1991-01-07,0.31,0.32,0.30,0.30,310800000
1991-01-08,0.31,0.31,0.30,0.31,218691200
1991-01-09,0.32,0.33,0.31,0.31,467264000
1991-01-10,0.33,0.33,0.32,0.32,435321600
1991-01-11,0.33,0.33,0.33,0.33,307652800
1991-01-14,0.33,0.33,0.33,0.33,210840000
1991-01-15,0.33,0.33,0.33,0.33,192057600
1991-01-16,0.35,0.35,0.33,0.33,390633600
1991-01-17,0.36,0.37,0.35,0.37,591673600
1991-01-18,0.36,0.36,0.34,0.34,943241600
1991-01-21,0.36,0.36,0.35,0.35,324307200
1991-01-22,0.36,0.37,0.36,0.36,427728000
1991-01-23,0.37,0.37,0.36,0.36,244260800
1991-01-24,0.37,0.37,0.36,0.36,233934400
1991-01-25,0.38,0.38,0.37,0.37,223809600
1991-01-28,0.39,0.39,0.38,0.38,273481600
1991-01-29,0.38,0.39,0.37,0.38,215555200
1991-01-30,0.39,0.39,0.38,0.38,336772800
1991-01-31,0.39,0.40,0.39,0.39,242592000
1991-02-01,0.39,0.41,0.39,0.39,444550400
1991-02-04,0.39,0.40,0.39,0.39,267848000
1991-02-05,0.41,0.41,0.39,0.39,356115200
1991-02-06,0.40,0.41,0.40,0.41,222566400
1991-02-07,0.41,0.42,0.39,0.40,520172800
1991-02-08,0.42,0.43,0.41,0.41,313555200
1991-02-11,0.43,0.43,0.42,0.42,323030400
1991-02-12,0.42,0.43,0.42,0.43,224750400
1991-02-13,0.42,0.43,0.41,0.42,255550400
1991-02-14,0.40,0.42,0.40,0.42,377675200
1991-02-15,0.41,0.41,0.41,0.41,365612800
1991-02-19,0.43,0.43,0.41,0.41,226251200
1991-02-20,0.43,0.44,0.42,0.42,213640000
1991-02-21,0.42,0.44,0.42,0.43,190870400
1991-02-22,0.42,0.44,0.41,0.42,232568000
1991-02-25,0.41,0.43,0.41,0.43,359273600
1991-02-26,0.41,0.42,0.40,0.41,250017600
1991-02-27,0.41,0.41,0.41,0.41,174372800
1991-02-28,0.41,0.41,0.40,0.41,227360000
1991-03-01,0.41,0.42,0.40,0.40,126134400
1991-03-04,0.41,0.42,0.40,0.41,88356800
1991-03-05,0.45,0.45,0.42,0.42,441448000
1991-03-06,0.45,0.47,0.45,0.45,523958400
1991-03-07,0.48,0.48,0.45,0.45,321753600
1991-03-08,0.46,0.48,0.46,0.48,322201600
1991-03-11,0.45,0.46,0.44,0.46,175369600
1991-03-12,0.45,0.45,0.44,0.45,233676800
1991-03-13,0.47,0.47,0.44,0.44,174552000
1991-03-14,0.46,0.48,0.46,0.47,227068800
1991-03-15,0.47,0.47,0.46,0.47,204836800
1991-03-18,0.48,0.48,0.47,0.47,214009600
1991-03-19,0.49,0.50,0.47,0.47,422195200
1991-03-20,0.48,0.49,0.47,0.49,361704000
1991-03-21,0.46,0.49,0.45,0.48,296800000
1991-03-22,0.45,0.46,0.44,0.45,338128000
1991-03-25,0.46,0.46,0.45,0.45,135856000
1991-03-26,0.50,0.50,0.46,0.46,333625600
1991-03-27,0.49,0.50,0.49,0.50,190220800
1991-03-28,0.48,0.50,0.48,0.49,78702400
1991-04-01,0.49,0.49,0.48,0.48,117924800
1991-04-02,0.52,0.52,0.49,0.49,292924800
1991-04-03,0.50,0.52,0.50,0.51,240128000
1991-04-04,0.51,0.51,0.49,0.50,168436800
1991-04-05,0.49,0.51,0.49,0.51,155411200
1991-04-08,0.50,0.50,0.49,0.49,72475200
1991-04-09,0.49,0.50,0.48,0.49,119448000
1991-04-10,0.47,0.49,0.47,0.49,216406400
1991-04-11,0.50,0.51,0.48,0.48,355588800
1991-04-12,0.51,0.52,0.49,0.51,367718400
1991-04-15,0.44,0.46,0.43,0.44,1700384000
1991-04-16,0.46,0.46,0.44,0.45,620782400
1991-04-17,0.45,0.46,0.44,0.46,322403200
1991-04-18,0.43,0.45,0.43,0.44,247363200
1991-04-19,0.42,0.44,0.42,0.43,287302400
1991-04-22,0.44,0.44,0.42,0.42,257017600
1991-04-23,0.44,0.45,0.43,0.44,237294400
1991-04-24,0.43,0.44,0.43,0.44,105448000
1991-04-25,0.41,0.42,0.41,0.42,315380800
1991-04-26,0.42,0.42,0.41,0.41,125059200
1991-04-29,0.41,0.43,0.41,0.41,206707200
1991-04-30,0.39,0.41,0.39,0.41,711446400
1991-05-01,0.33,0.35,0.33,0.34,1868372800
1991-05-02,0.35,0.35,0.34,0.34,811126400
1991-05-03,0.35,0.35,0.34,0.35,243712000
1991-05-06,0.36,0.36,0.34,0.34,212329600
1991-05-07,0.36,0.36,0.36,0.36,270480000
1991-05-08,0.35,0.36,0.35,0.36,176780800
1991-05-09,0.36,0.37,0.35,0.35,238212800
1991-05-10,0.36,0.38,0.36,0.37,241729600
1991-05-13,0.37,0.38,0.37,0.37,244944000
1991-05-14,0.38,0.38,0.37,0.37,216944000
1991-05-15,0.36,0.37,0.35,0.37,518347200
1991-05-16,0.35,0.36,0.34,0.36,382132800
1991-05-17,0.33,0.35,0.33,0.35,471060800
1991-05-20,0.31,0.34,0.31,0.34,262169600
1991-05-21,0.32,0.33,0.32,0.32,349798400
1991-05-22,0.33,0.33,0.32,0.33,227270400
1991-05-23,0.32,0.33,0.32,0.33,208656000
1991-05-24,0.33,0.33,0.32,0.32,97126400
1991-05-28,0.33,0.33,0.32,0.33,171438400
1991-05-29,0.33,0.34,0.33,0.33,384003200
1991-05-30,0.34,0.34,0.33,0.33,158345600
1991-05-31,0.33,0.34,0.33,0.34,217862400
1991-06-03,0.35,0.35,0.33,0.33,220068800
1991-06-04,0.35,0.35,0.34,0.35,184284800
1991-06-05,0.34,0.35,0.34,0.35,133291200
1991-06-06,0.33,0.34,0.33,0.34,168504000
1991-06-07,0.33,0.33,0.32,0.33,152745600
1991-06-10,0.33,0.33,0.33,0.33,167440000
1991-06-11,0.32,0.32,0.31,0.32,188563200
1991-06-12,0.30,0.32,0.29,0.31,435635200
1991-06-13,0.30,0.31,0.30,0.30,211366400
1991-06-14,0.29,0.30,0.29,0.30,225288000
1991-06-17,0.30,0.30,0.29,0.29,166600000
1991-06-18,0.30,0.31,0.29,0.30,244686400
1991-06-19,0.30,0.30,0.29,0.30,178942400
1991-06-20,0.30,0.30,0.29,0.29,144043200
1991-06-21,0.30,0.30,0.30,0.30,206012800
1991-06-24,0.30,0.30,0.29,0.30,207984000
1991-06-25,0.30,0.31,0.30,0.30,227920000
1991-06-26,0.31,0.31,0.30,0.30,250443200
1991-06-27,0.30,0.30,0.30,0.30,151200000
1991-06-28,0.29,0.30,0.29,0.30,226643200
1991-07-01,0.30,0.31,0.30,0.30,194824000
1991-07-02,0.30,0.30,0.30,0.30,120142400
1991-07-03,0.31,0.31,0.30,0.30,310374400
1991-07-05,0.32,0.33,0.30,0.31,331553600
1991-07-08,0.33,0.34,0.32,0.32,307081600
1991-07-09,0.33,0.34,0.33,0.34,226441600
1991-07-10,0.34,0.34,0.33,0.34,156576000
1991-07-11,0.33,0.34,0.33,0.33,145913600
1991-07-12,0.33,0.34,0.33,0.34,132753600
1991-07-15,0.32,0.33,0.32,0.33,137984000
1991-07-16,0.31,0.33,0.31,0.32,222992000
1991-07-17,0.30,0.32,0.30,0.31,208936000
1991-07-18,0.32,0.32,0.31,0.31,398316800
1991-07-19,0.33,0.33,0.32,0.32,128419200
1991-07-22,0.33,0.33,0.32,0.33,108673600
1991-07-23,0.32,0.33,0.32,0.33,133056000
1991-07-24,0.32,0.33,0.32,0.32,131454400
1991-07-25,0.32,0.33,0.32,0.32,65800000
1991-07-26,0.32,0.33,0.32,0.33,74233600
1991-07-29,0.32,0.32,0.32,0.32,53300800
1991-07-30,0.33,0.33,0.32,0.32,91862400
1991-07-31,0.33,0.33,0.32,0.33,102804800
1991-08-01,0.35,0.35,0.33,0.33,448425600
1991-08-02,0.36,0.36,0.35,0.35,273011200
1991-08-05,0.34,0.35,0.34,0.35,100766400
1991-08-06,0.35,0.36,0.34,0.35,220427200
1991-08-07,0.36,0.36,0.35,0.35,211612800
1991-08-08,0.36,0.37,0.36,0.36,189448000
1991-08-09,0.36,0.36,0.35,0.36,154403200
1991-08-12,0.37,0.37,0.36,0.36,142531200
1991-08-13,0.38,0.38,0.37,0.37,286585600
1991-08-14,0.39,0.39,0.38,0.39,200715200
1991-08-15,0.38,0.39,0.38,0.39,145544000
1991-08-16,0.38,0.39,0.37,0.37,158804800
1991-08-19,0.36,0.37,0.35,0.35,322481600
1991-08-20,0.36,0.37,0.36,0.37,199427200
1991-08-21,0.38,0.39,0.37,0.37,223372800
1991-08-22,0.39,0.39,0.38,0.38,165648000
1991-08-23,0.38,0.40,0.38,0.38,240419200
1991-08-26,0.38,0.38,0.37,0.38,101595200
1991-08-27,0.38,0.38,0.38,0.38,100352000
1991-08-28,0.38,0.39,0.38,0.38,107587200
1991-08-29,0.38,0.38,0.37,0.38,113355200
1991-08-30,0.38,0.38,0.37,0.38,66136000
1991-09-03,0.37,0.38,0.37,0.38,68376000
1991-09-04,0.37,0.38,0.37,0.38,119784000
1991-09-05,0.36,0.37,0.36,0.37,77884800
1991-09-06,0.37,0.37,0.36,0.36,79273600
1991-09-09,0.38,0.38,0.37,0.37,126481600
1991-09-10,0.36,0.38,0.35,0.38,182840000
1991-09-11,0.36,0.36,0.35,0.36,178001600
1991-09-12,0.36,0.37,0.35,0.37,119212800
1991-09-13,0.35,0.36,0.35,0.36,166734400
1991-09-16,0.34,0.35,0.33,0.35,205777600
1991-09-17,0.35,0.35,0.33,0.33,135408000
1991-09-18,0.36,0.36,0.35,0.35,121352000
1991-09-19,0.35,0.36,0.35,0.36,178337600
1991-09-20,0.36,0.36,0.35,0.35,188148800
1991-09-23,0.35,0.36,0.35,0.36,87662400
1991-09-24,0.36,0.36,0.34,0.35,106097600
1991-09-25,0.36,0.36,0.35,0.36,54465600
1991-09-26,0.36,0.36,0.35,0.36,71220800
1991-09-27,0.35,0.36,0.35,0.36,62809600
1991-09-30,0.35,0.35,0.35,0.35,63201600
1991-10-01,0.36,0.37,0.35,0.35,131376000
1991-10-02,0.35,0.37,0.35,0.37,17987200
1991-10-03,0.34,0.36,0.34,0.36,181003200
1991-10-04,0.34,0.35,0.34,0.34,79374400
1991-10-07,0.34,0.35,0.34,0.34,64702400
1991-10-08,0.34,0.35,0.33,0.34,172256000
1991-10-09,0.34,0.35,0.34,0.34,132742400
1991-10-10,0.34,0.35,0.33,0.35,157214400
1991-10-11,0.35,0.35,0.33,0.34,120052800
1991-10-14,0.36,0.36,0.35,0.35,111876800
1991-10-15,0.37,0.37,0.36,0.36,288209600
1991-10-16,0.38,0.38,0.37,0.37,200872000
1991-10-17,0.37,0.38,0.37,0.38,151614400
1991-10-18,0.39,0.40,0.39,0.39,446958400
1991-10-21,0.39,0.40,0.39,0.39,116692800
1991-10-22,0.39,0.40,0.39,0.40,208208000
1991-10-23,0.38,0.39,0.38,0.39,168828800
1991-10-24,0.37,0.38,0.37,0.38,177900800
1991-10-25,0.37,0.37,0.36,0.37,106971200
1991-10-28,0.37,0.37,0.36,0.37,77862400
1991-10-29,0.37,0.37,0.36,0.37,101236800
1991-10-30,0.35,0.38,0.35,0.37,148243200
1991-10-31,0.37,0.37,0.36,0.36,231806400
1991-11-01,0.36,0.37,0.36,0.37,201264000
1991-11-04,0.35,0.36,0.35,0.36,195294400
1991-11-05,0.35,0.36,0.35,0.35,215600000
1991-11-06,0.34,0.35,0.34,0.35,236790400
1991-11-07,0.35,0.36,0.34,0.35,296732800
1991-11-08,0.38,0.38,0.36,0.37,375827200
1991-11-11,0.38,0.39,0.38,0.38,164942400
1991-11-12,0.39,0.39,0.38,0.39,166689600
1991-11-13,0.39,0.39,0.38,0.38,185920000
1991-11-14,0.39,0.39,0.38,0.39,188003200
1991-11-15,0.36,0.39,0.35,0.39,256950400
1991-11-18,0.37,0.37,0.36,0.36,238739200
1991-11-19,0.37,0.37,0.36,0.37,285488000
1991-11-20,0.36,0.37,0.36,0.37,168100800
1991-11-21,0.36,0.37,0.36,0.36,106814400
1991-11-22,0.37,0.37,0.36,0.36,97843200
1991-11-25,0.37,0.37,0.36,0.36,78433600
1991-11-26,0.37,0.37,0.36,0.37,139272000
1991-11-27,0.36,0.37,0.36,0.37,63235200
1991-11-29,0.36,0.37,0.36,0.36,34092800
1991-12-02,0.37,0.37,0.36,0.36,118899200
1991-12-03,0.36,0.37,0.36,0.37,102860800
1991-12-04,0.36,0.36,0.36,0.36,80550400
1991-12-05,0.36,0.36,0.35,0.36,99198400
1991-12-06,0.35,0.36,0.35,0.35,196985600
1991-12-09,0.35,0.36,0.35,0.35,97832000
1991-12-10,0.35,0.35,0.35,0.35,122617600
1991-12-11,0.35,0.36,0.35,0.35,84560000
1991-12-12,0.35,0.36,0.35,0.35,91750400
1991-12-13,0.36,0.36,0.36,0.36,95121600
1991-12-16,0.36,0.36,0.36,0.36,77190400
1991-12-17,0.36,0.36,0.36,0.36,97843200
1991-12-18,0.37,0.37,0.36,0.36,186603200
1991-12-19,0.36,0.37,0.36,0.37,115326400
1991-12-20,0.36,0.37,0.36,0.37,128184000
1991-12-23,0.37,0.37,0.36,0.36,103163200
1991-12-24,0.37,0.38,0.37,0.37,188563200
1991-12-26,0.39,0.39,0.37,0.38,134500800
1991-12-27,0.39,0.40,0.39,0.39,167742400
1991-12-30,0.41,0.41,0.39,0.39,183646400
1991-12-31,0.40,0.41,0.40,0.41,134030400
1992-01-02,0.42,0.43,0.40,0.40,233632000
1992-01-03,0.42,0.43,0.42,0.43,190254400
1992-01-06,0.41,0.42,0.41,0.42,114240000
1992-01-07,0.42,0.42,0.41,0.41,141467200
1992-01-08,0.43,0.44,0.42,0.42,232747200
1992-01-09,0.44,0.44,0.43,0.43,208510400
1992-01-10,0.44,0.45,0.44,0.44,196224000
1992-01-13,0.44,0.45,0.44,0.44,107856000
1992-01-14,0.46,0.46,0.44,0.44,273806400
1992-01-15,0.45,0.46,0.45,0.46,325740800
1992-01-16,0.45,0.46,0.45,0.46,293529600
1992-01-17,0.46,0.49,0.46,0.48,848355200
1992-01-20,0.46,0.47,0.46,0.46,209664000
1992-01-21,0.44,0.46,0.44,0.46,194084800
1992-01-22,0.45,0.46,0.44,0.44,183680000
1992-01-23,0.46,0.46,0.45,0.46,138353600
1992-01-24,0.46,0.47,0.46,0.46,177609600
1992-01-27,0.46,0.47,0.46,0.46,83451200
1992-01-28,0.47,0.47,0.45,0.46,173723200
1992-01-29,0.45,0.47,0.45,0.46,144558400
1992-01-30,0.46,0.46,0.45,0.45,87113600
1992-01-31,0.46,0.47,0.45,0.46,144558400
1992-02-03,0.47,0.47,0.46,0.46,158132800
1992-02-04,0.47,0.47,0.46,0.47,192931200
1992-02-05,0.47,0.48,0.46,0.47,161504000
1992-02-06,0.46,0.47,0.46,0.47,93139200
1992-02-07,0.46,0.46,0.45,0.46,147537600
1992-02-10,0.45,0.46,0.45,0.46,86441600
1992-02-11,0.45,0.46,0.44,0.45,122012800
1992-02-12,0.47,0.47,0.45,0.46,137961600
1992-02-13,0.46,0.47,0.46,0.47,76014400
1992-02-14,0.46,0.46,0.45,0.46,72587200
1992-02-18,0.45,0.46,0.45,0.46,68353600
1992-02-19,0.44,0.45,0.44,0.45,95670400
1992-02-20,0.46,0.46,0.45,0.45,130860800
1992-02-21,0.46,0.47,0.46,0.46,151580800
1992-02-24,0.47,0.48,0.47,0.47,171404800
1992-02-25,0.49,0.49,0.47,0.47,227214400
1992-02-26,0.50,0.50,0.49,0.49,229084800
1992-02-27,0.49,0.50,0.49,0.50,122169600
1992-02-28,0.48,0.49,0.48,0.49,90395200
1992-03-02,0.48,0.49,0.48,0.48,89252800
1992-03-03,0.47,0.49,0.47,0.48,99276800
1992-03-04,0.46,0.48,0.46,0.47,115371200
1992-03-05,0.45,0.47,0.45,0.46,236723200
1992-03-06,0.46,0.46,0.45,0.45,134288000
1992-03-09,0.46,0.46,0.45,0.46,108942400
1992-03-10,0.46,0.46,0.46,0.46,122696000
1992-03-11,0.45,0.46,0.45,0.46,131656000
1992-03-12,0.45,0.46,0.44,0.45,152902400
1992-03-13,0.45,0.46,0.44,0.45,79184000
1992-03-16,0.45,0.45,0.44,0.45,56291200
1992-03-17,0.45,0.46,0.45,0.45,85097600
1992-03-18,0.46,0.46,0.45,0.45,81032000
1992-03-19,0.45,0.46,0.45,0.46,118518400
1992-03-20,0.45,0.45,0.45,0.45,54163200
1992-03-23,0.45,0.46,0.45,0.45,50075200
1992-03-24,0.46,0.46,0.45,0.45,209417600
1992-03-25,0.46,0.46,0.46,0.46,121553600
1992-03-26,0.46,0.47,0.46,0.46,123020800
1992-03-27,0.44,0.46,0.43,0.46,264532800
1992-03-30,0.42,0.44,0.41,0.44,339035200
1992-03-31,0.42,0.43,0.41,0.42,212632000
1992-04-01,0.42,0.42,0.41,0.41,159656000
1992-04-02,0.42,0.43,0.42,0.42,133974400
1992-04-03,0.42,0.42,0.42,0.42,116457600
1992-04-06,0.43,0.44,0.42,0.42,101987200
1992-04-07,0.41,0.44,0.41,0.44,230216000
1992-04-08,0.40,0.41,0.39,0.41,367024000
1992-04-09,0.41,0.42,0.40,0.40,192136000
1992-04-10,0.40,0.41,0.39,0.41,274064000
1992-04-13,0.40,0.41,0.40,0.40,122830400
1992-04-14,0.42,0.42,0.41,0.41,144401600
1992-04-15,0.43,0.44,0.41,0.41,217358400
1992-04-16,0.42,0.43,0.42,0.43,258686400
1992-04-20,0.41,0.42,0.40,0.42,206046400
1992-04-21,0.40,0.41,0.40,0.41,180364800
1992-04-22,0.41,0.41,0.40,0.40,171528000
1992-04-23,0.41,0.42,0.40,0.41,182817600
1992-04-24,0.40,0.42,0.40,0.41,98280000
1992-04-27,0.40,0.40,0.39,0.40,140268800
1992-04-28,0.39,0.40,0.38,0.40,174126400
1992-04-29,0.41,0.41,0.39,0.39,198900800
1992-04-30,0.43,0.43,0.40,0.41,260265600
1992-05-01,0.42,0.43,0.42,0.43,134377600
1992-05-04,0.43,0.44,0.42,0.43,123233600
1992-05-05,0.43,0.43,0.43,0.43,180084800
1992-05-06,0.44,0.44,0.43,0.43,177990400
1992-05-07,0.43,0.45,0.43,0.44,172356800
1992-05-08,0.44,0.45,0.44,0.44,198699200
1992-05-11,0.45,0.45,0.44,0.44,90899200
1992-05-12,0.45,0.45,0.44,0.45,77044800
1992-05-13,0.45,0.45,0.45,0.45,97473600
1992-05-14,0.44,0.45,0.43,0.45,156923200
1992-05-15,0.43,0.44,0.43,0.44,121307200
1992-05-18,0.43,0.44,0.43,0.44,129091200
1992-05-19,0.42,0.43,0.42,0.43,131678400
1992-05-20,0.43,0.43,0.42,0.43,173208000
1992-05-21,0.42,0.43,0.42,0.43,137692800
1992-05-22,0.43,0.43,0.42,0.42,46468800
1992-05-26,0.42,0.43,0.42,0.43,95614400
1992-05-27,0.43,0.43,0.42,0.42,154089600
1992-05-28,0.43,0.43,0.42,0.43,127243200
1992-05-29,0.43,0.43,0.43,0.43,178248000
1992-06-01,0.41,0.43,0.40,0.41,248046400
1992-06-02,0.40,0.41,0.40,0.41,155680000
1992-06-03,0.39,0.40,0.39,0.40,300574400
1992-06-04,0.39,0.39,0.38,0.39,180152000
1992-06-05,0.39,0.40,0.39,0.39,112728000
1992-06-08,0.39,0.39,0.39,0.39,104339200
1992-06-09,0.39,0.39,0.38,0.39,101281600
1992-06-10,0.39,0.39,0.38,0.39,126604800
1992-06-11,0.39,0.39,0.38,0.39,140515200
1992-06-12,0.39,0.39,0.39,0.39,96510400
1992-06-15,0.38,0.39,0.38,0.39,189190400
1992-06-16,0.35,0.37,0.35,0.37,365355200
1992-06-17,0.34,0.35,0.34,0.35,304248000
1992-06-18,0.32,0.35,0.32,0.34,433720000
1992-06-19,0.32,0.33,0.31,0.33,427436800
1992-06-22,0.32,0.32,0.31,0.32,389939200
1992-06-23,0.32,0.33,0.32,0.32,311550400
1992-06-24,0.33,0.33,0.32,0.33,211064000
1992-06-25,0.33,0.33,0.32,0.33,160608000
1992-06-26,0.32,0.33,0.32,0.33,110364800
1992-06-29,0.34,0.34,0.32,0.33,188428800
1992-06-30,0.34,0.35,0.33,0.34,193345600
1992-07-01,0.35,0.35,0.34,0.34,143528000
1992-07-02,0.33,0.35,0.33,0.35,256648000
1992-07-06,0.33,0.34,0.33,0.33,122001600
1992-07-07,0.32,0.33,0.31,0.33,207088000
1992-07-08,0.33,0.33,0.32,0.32,195955200
1992-07-09,0.33,0.33,0.33,0.33,165793600
1992-07-10,0.33,0.33,0.32,0.33,143796800
1992-07-13,0.34,0.34,0.32,0.33,125563200
1992-07-14,0.34,0.34,0.34,0.34,125988800
1992-07-15,0.34,0.35,0.34,0.34,174462400
1992-07-16,0.35,0.35,0.34,0.34,139798400
1992-07-17,0.32,0.33,0.32,0.32,423640000
1992-07-20,0.32,0.32,0.32,0.32,192124800
1992-07-21,0.33,0.33,0.32,0.33,131947200
1992-07-22,0.32,0.33,0.32,0.32,161974400
1992-07-23,0.32,0.32,0.31,0.32,171516800
1992-07-24,0.33,0.33,0.32,0.32,134971200
1992-07-27,0.32,0.33,0.32,0.33,2396800
1992-07-28,0.33,0.33,0.32,0.33,134243200
1992-07-29,0.34,0.34,0.33,0.33,250768000
1992-07-30,0.34,0.34,0.34,0.34,137894400
1992-07-31,0.34,0.34,0.34,0.34,90708800
1992-08-03,0.33,0.34,0.33,0.34,68544000
1992-08-04,0.33,0.33,0.32,0.32,119716800
1992-08-05,0.32,0.33,0.32,0.33,139260800
1992-08-06,0.32,0.32,0.31,0.32,257969600
1992-08-07,0.31,0.31,0.30,0.30,219161600
1992-08-10,0.32,0.32,0.31,0.31,91448000
1992-08-11,0.31,0.32,0.31,0.32,121307200
1992-08-12,0.32,0.32,0.31,0.31,121385600
1992-08-13,0.32,0.33,0.32,0.32,170990400
1992-08-14,0.32,0.32,0.32,0.32,136102400
1992-08-17,0.32,0.32,0.31,0.32,128710400
1992-08-18,0.32,0.33,0.32,0.32,112313600
1992-08-19,0.32,0.33,0.32,0.32,170542400
1992-08-20,0.32,0.32,0.32,0.32,108908800
1992-08-21,0.32,0.33,0.32,0.32,109468800
1992-08-24,0.31,0.32,0.31,0.32,152174400
1992-08-25,0.32,0.32,0.31,0.31,132361600
1992-08-26,0.32,0.32,0.31,0.32,121060800
1992-08-27,0.32,0.32,0.32,0.32,82745600
1992-08-28,0.32,0.33,0.32,0.32,61241600
1992-08-31,0.33,0.33,0.32,0.32,121116800
1992-09-01,0.33,0.33,0.33,0.33,60289600
1992-09-02,0.35,0.35,0.33,0.33,189896000
1992-09-03,0.34,0.35,0.34,0.35,211859200
1992-09-04,0.34,0.35,0.34,0.35,63235200
1992-09-08,0.34,0.34,0.33,0.34,70000000
1992-09-09,0.35,0.35,0.34,0.34,157203200
1992-09-10,0.35,0.36,0.34,0.34,228177600
1992-09-11,0.34,0.35,0.34,0.35,179883200
1992-09-14,0.36,0.36,0.35,0.35,214681600
1992-09-15,0.35,0.35,0.34,0.35,218523200
1992-09-16,0.34,0.35,0.33,0.34,178718400
1992-09-17,0.33,0.34,0.33,0.34,172435200
1992-09-18,0.33,0.34,0.33,0.33,115606400
1992-09-21,0.33,0.34,0.33,0.34,89678400
1992-09-22,0.33,0.34,0.33,0.34,111540800
1992-09-23,0.34,0.34,0.33,0.33,123972800
1992-09-24,0.33,0.34,0.33,0.34,125652800
1992-09-25,0.33,0.33,0.33,0.33,137468800
1992-09-28,0.32,0.32,0.31,0.32,149520000
1992-09-29,0.32,0.33,0.32,0.32,157270400
1992-09-30,0.32,0.33,0.32,0.32,100049600
1992-10-01,0.32,0.32,0.32,0.32,122729600
1992-10-02,0.31,0.32,0.31,0.32,113545600
1992-10-05,0.31,0.31,0.30,0.31,264958400
1992-10-06,0.32,0.32,0.31,0.31,113444800
1992-10-07,0.31,0.33,0.31,0.32,113310400
1992-10-08,0.31,0.32,0.31,0.32,126974400
1992-10-09,0.31,0.32,0.31,0.31,58744000
1992-10-12,0.32,0.32,0.31,0.31,71635200
1992-10-13,0.33,0.33,0.32,0.32,147179200
1992-10-14,0.33,0.33,0.32,0.33,95726400
1992-10-15,0.33,0.33,0.33,0.33,75420800
1992-10-16,0.35,0.36,0.33,0.34,451348800
1992-10-19,0.35,0.35,0.35,0.35,196044800
1992-10-20,0.35,0.36,0.35,0.35,287246400
1992-10-21,0.35,0.36,0.34,0.35,114251200
1992-10-22,0.35,0.35,0.35,0.35,84470400
1992-10-23,0.35,0.36,0.35,0.35,91425600
1992-10-26,0.37,0.37,0.35,0.35,250689600
1992-10-27,0.37,0.38,0.37,0.37,211960000
1992-10-28,0.38,0.38,0.36,0.37,196593600
1992-10-29,0.38,0.39,0.37,0.38,213897600
1992-10-30,0.38,0.38,0.37,0.38,129830400
1992-11-02,0.38,0.38,0.37,0.38,170094400
1992-11-03,0.37,0.38,0.37,0.38,112750400
1992-11-04,0.38,0.38,0.37,0.37,141960000
1992-11-05,0.40,0.40,0.38,0.38,298054400
1992-11-06,0.40,0.41,0.39,0.39,263972800
1992-11-09,0.40,0.40,0.39,0.40,112929600
1992-11-10,0.40,0.41,0.39,0.40,122225600
1992-11-11,0.41,0.42,0.40,0.41,140425600
1992-11-12,0.41,0.41,0.41,0.41,107598400
1992-11-13,0.40,0.41,0.40,0.41,84750400
1992-11-16,0.41,0.42,0.40,0.40,67547200
1992-11-17,0.40,0.41,0.39,0.41,168806400
1992-11-18,0.42,0.42,0.40,0.40,304808000
1992-11-19,0.42,0.43,0.42,0.42,240542400
1992-11-20,0.41,0.42,0.41,0.42,155489600
1992-11-23,0.41,0.41,0.40,0.41,152723200
1992-11-24,0.41,0.41,0.41,0.41,156822400
1992-11-25,0.41,0.41,0.40,0.41,117342400
1992-11-27,0.41,0.41,0.40,0.41,47196800
1992-11-30,0.41,0.41,0.40,0.41,160507200
1992-12-01,0.42,0.42,0.41,0.41,130144000
1992-12-02,0.41,0.42,0.41,0.42,97776000
1992-12-03,0.41,0.41,0.40,0.41,187588800
1992-12-04,0.41,0.41,0.41,0.41,95782400
1992-12-07,0.42,0.42,0.41,0.41,144222400
1992-12-08,0.42,0.42,0.42,0.42,196638400
1992-12-09,0.41,0.42,0.41,0.42,159409600
1992-12-10,0.41,0.41,0.41,0.41,140190400
1992-12-11,0.41,0.42,0.41,0.41,120187200
1992-12-14,0.41,0.42,0.41,0.41,110510400
1992-12-15,0.41,0.41,0.40,0.41,182537600
1992-12-16,0.40,0.41,0.39,0.41,225926400
1992-12-17,0.41,0.41,0.40,0.40,233867200
1992-12-18,0.42,0.43,0.41,0.41,235457600
1992-12-21,0.43,0.43,0.42,0.42,256065600
1992-12-22,0.44,0.44,0.43,0.43,280168000
1992-12-23,0.43,0.44,0.43,0.43,112336000
1992-12-24,0.42,0.43,0.42,0.43,45964800
1992-12-28,0.43,0.43,0.43,0.43,70448000
1992-12-29,0.43,0.44,0.43,0.43,116278400
1992-12-30,0.42,0.43,0.42,0.43,100587200
1992-12-31,0.43,0.43,0.42,0.42,92232000
1993-01-04,0.42,0.43,0.42,0.43,129136000
1993-01-05,0.43,0.43,0.41,0.42,186256000
1993-01-06,0.44,0.45,0.44,0.44,281400000
1993-01-07,0.44,0.45,0.44,0.44,272137600
1993-01-08,0.45,0.45,0.43,0.44,320936000
1993-01-11,0.46,0.46,0.44,0.45,273728000
1993-01-12,0.44,0.46,0.44,0.45,346158400
1993-01-13,0.46,0.46,0.44,0.44,199640000
1993-01-14,0.47,0.47,0.46,0.46,367808000
1993-01-15,0.43,0.45,0.43,0.44,902630400
1993-01-18,0.43,0.43,0.42,0.43,333636800
1993-01-19,0.43,0.44,0.43,0.43,274041600
1993-01-20,0.43,0.43,0.43,0.43,158737600
1993-01-21,0.43,0.43,0.42,0.43,184419200
1993-01-22,0.43,0.43,0.42,0.43,146944000
1993-01-25,0.43,0.44,0.43,0.43,202272000
1993-01-26,0.44,0.45,0.44,0.44,285622400
1993-01-27,0.43,0.44,0.42,0.44,226620800
1993-01-28,0.43,0.43,0.43,0.43,184038400
1993-01-29,0.43,0.44,0.42,0.43,266100800
1993-02-01,0.44,0.44,0.43,0.43,240553600
1993-02-02,0.43,0.44,0.43,0.44,182336000
1993-02-03,0.43,0.44,0.42,0.44,264185600
1993-02-04,0.43,0.43,0.42,0.43,208152000
1993-02-05,0.41,0.43,0.41,0.43,367617600
1993-02-08,0.41,0.41,0.40,0.41,281075200
1993-02-09,0.41,0.41,0.41,0.41,238660800
1993-02-10,0.40,0.41,0.40,0.41,268284800
1993-02-11,0.40,0.41,0.40,0.40,168268800
1993-02-12,0.39,0.40,0.39,0.40,275396800
1993-02-16,0.38,0.39,0.37,0.39,407736000
1993-02-17,0.39,0.39,0.38,0.38,249580800
1993-02-18,0.40,0.40,0.39,0.40,280123200
1993-02-19,0.40,0.40,0.40,0.40,177800000
1993-02-22,0.40,0.40,0.40,0.40,98761600
1993-02-23,0.39,0.40,0.39,0.40,194073600
1993-02-24,0.39,0.39,0.38,0.38,286563200
1993-02-25,0.40,0.40,0.38,0.38,167227200
1993-02-26,0.38,0.39,0.38,0.39,294884800
1993-03-01,0.38,0.39,0.38,0.38,119302400
1993-03-02,0.39,0.39,0.38,0.38,147694400
1993-03-03,0.39,0.40,0.38,0.39,202697600
1993-03-04,0.40,0.40,0.39,0.39,188339200
1993-03-05,0.40,0.40,0.40,0.40,111619200
1993-03-08,0.41,0.41,0.40,0.40,177004800
1993-03-09,0.41,0.41,0.41,0.41,154828800
1993-03-10,0.41,0.41,0.40,0.41,132496000
1993-03-11,0.41,0.41,0.41,0.41,144614400
1993-03-12,0.41,0.41,0.40,0.41,126694400
1993-03-15,0.41,0.41,0.40,0.40,136035200
1993-03-16,0.41,0.42,0.41,0.41,101281600
1993-03-17,0.40,0.41,0.40,0.41,176220800
1993-03-18,0.39,0.40,0.39,0.40,106187200
1993-03-19,0.39,0.40,0.39,0.40,154100800
1993-03-22,0.38,0.39,0.38,0.39,165200000
1993-03-23,0.38,0.39,0.38,0.38,102536000
1993-03-24,0.39,0.39,0.38,0.38,143068800
1993-03-25,0.40,0.40,0.39,0.39,171046400
1993-03-26,0.38,0.40,0.38,0.40,151760000
1993-03-29,0.37,0.38,0.37,0.38,261710400
1993-03-30,0.38,0.38,0.36,0.37,264051200
1993-03-31,0.37,0.38,0.37,0.38,223036800
1993-04-01,0.37,0.38,0.37,0.37,108203200
1993-04-02,0.36,0.37,0.36,0.36,253792000
1993-04-05,0.36,0.36,0.36,0.36,149172800
1993-04-06,0.35,0.36,0.35,0.36,168369600
1993-04-07,0.36,0.37,0.35,0.35,162848000
1993-04-08,0.36,0.36,0.35,0.36,163430400
1993-04-12,0.36,0.37,0.36,0.36,93049600
1993-04-13,0.35,0.37,0.35,0.36,164483200
1993-04-14,0.35,0.35,0.34,0.35,170060800
1993-04-15,0.34,0.35,0.34,0.35,218702400
1993-04-16,0.35,0.35,0.34,0.35,686795200
1993-04-19,0.35,0.36,0.35,0.35,227864000
1993-04-20,0.36,0.36,0.35,0.35,240049600
1993-04-21,0.36,0.37,0.36,0.36,205273600
1993-04-22,0.36,0.36,0.35,0.36,157673600
1993-04-23,0.36,0.36,0.35,0.36,134142400
1993-04-26,0.35,0.36,0.35,0.36,102804800
1993-04-27,0.36,0.36,0.35,0.35,129673600
1993-04-28,0.37,0.38,0.36,0.36,163240000
1993-04-29,0.37,0.37,0.36,0.37,82443200
1993-04-30,0.37,0.38,0.37,0.37,132339200
1993-05-03,0.37,0.38,0.37,0.37,65184000
1993-05-04,0.39,0.39,0.38,0.38,170822400
1993-05-05,0.39,0.40,0.38,0.38,253064000
1993-05-06,0.39,0.40,0.39,0.39,70459200
1993-05-07,0.40,0.40,0.39,0.39,81894400
1993-05-10,0.40,0.40,0.40,0.40,137928000
1993-05-11,0.39,0.40,0.39,0.40,158379200
1993-05-12,0.38,0.40,0.38,0.39,105224000
1993-05-13,0.40,0.40,0.39,0.39,361726400
1993-05-14,0.40,0.40,0.40,0.40,117409600
1993-05-17,0.40,0.40,0.40,0.40,69641600
1993-05-18,0.40,0.41,0.40,0.40,163475200
1993-05-19,0.41,0.41,0.39,0.40,172771200
1993-05-20,0.42,0.43,0.41,0.41,290528000
1993-05-21,0.41,0.43,0.41,0.42,148198400
1993-05-24,0.42,0.42,0.41,0.41,150315200
1993-05-25,0.41,0.41,0.40,0.41,180723200
1993-05-26,0.42,0.42,0.40,0.40,121564800
1993-05-27,0.41,0.42,0.41,0.42,197288000
1993-05-28,0.41,0.42,0.41,0.41,183948800
1993-06-01,0.41,0.42,0.41,0.41,135072000
1993-06-02,0.41,0.42,0.41,0.41,200480000
1993-06-03,0.41,0.41,0.41,0.41,156856000
1993-06-04,0.40,0.41,0.39,0.40,213684800
1993-06-07,0.37,0.40,0.36,0.39,482305600
1993-06-08,0.36,0.36,0.35,0.35,621096000
1993-06-09,0.32,0.33,0.32,0.33,1178419200
1993-06-10,0.32,0.32,0.31,0.31,553705600
1993-06-11,0.32,0.33,0.31,0.33,242323200
1993-06-14,0.32,0.32,0.31,0.32,249491200
1993-06-15,0.30,0.33,0.30,0.33,448324800
1993-06-16,0.31,0.31,0.30,0.31,353080000
1993-06-17,0.30,0.31,0.29,0.31,409438400
1993-06-18,0.30,0.30,0.29,0.30,311292800
1993-06-21,0.29,0.29,0.29,0.29,273582400
1993-06-22,0.30,0.30,0.29,0.30,336380800
1993-06-23,0.29,0.30,0.29,0.30,180723200
1993-06-24,0.30,0.30,0.29,0.29,222835200
1993-06-25,0.29,0.29,0.29,0.29,257163200
1993-06-28,0.29,0.29,0.28,0.29,353617600
1993-06-29,0.28,0.29,0.28,0.29,294268800
1993-06-30,0.29,0.29,0.28,0.28,200256000
1993-07-01,0.27,0.29,0.27,0.28,218164800
1993-07-02,0.28,0.28,0.27,0.28,191632000
1993-07-06,0.27,0.28,0.27,0.28,155254400
1993-07-07,0.26,0.27,0.26,0.27,227035200
1993-07-08,0.26,0.27,0.26,0.26,138969600
1993-07-09,0.27,0.27,0.26,0.27,156878400
1993-07-12,0.27,0.28,0.26,0.27,173880000
1993-07-13,0.27,0.28,0.27,0.28,158110400
1993-07-14,0.27,0.27,0.26,0.27,246299200
1993-07-15,0.26,0.27,0.25,0.27,338038400
1993-07-16,0.20,0.21,0.19,0.21,2120596800
1993-07-19,0.19,0.21,0.18,0.20,806232000
1993-07-20,0.19,0.20,0.19,0.19,531910400
1993-07-21,0.19,0.19,0.18,0.19,455907200
1993-07-22,0.19,0.20,0.19,0.19,211176000
1993-07-23,0.19,0.20,0.19,0.20,233777600
1993-07-26,0.19,0.20,0.19,0.19,152824000
1993-07-27,0.19,0.20,0.19,0.19,198609600
1993-07-28,0.19,0.20,0.19,0.19,91795200
1993-07-29,0.20,0.20,0.19,0.20,121374400
1993-07-30,0.20,0.20,0.20,0.20,214446400
1993-08-02,0.21,0.21,0.20,0.20,216305600
1993-08-03,0.21,0.21,0.21,0.21,176478400
1993-08-04,0.22,0.22,0.21,0.21,242995200
1993-08-05,0.21,0.22,0.21,0.22,209372800
1993-08-06,0.21,0.22,0.21,0.21,125921600
1993-08-09,0.22,0.22,0.21,0.21,161414400
1993-08-10,0.21,0.22,0.20,0.21,152779200
1993-08-11,0.20,0.21,0.20,0.21,166969600
1993-08-12,0.19,0.20,0.19,0.20,338172800
1993-08-13,0.20,0.20,0.19,0.19,138812800
1993-08-16,0.20,0.20,0.20,0.20,102446400
1993-08-17,0.21,0.21,0.20,0.20,108180800
1993-08-18,0.21,0.22,0.21,0.21,188720000
1993-08-19,0.20,0.21,0.20,0.21,152129600
1993-08-20,0.20,0.20,0.20,0.20,99937600
1993-08-23,0.21,0.21,0.20,0.20,91179200
1993-08-24,0.20,0.21,0.20,0.21,101259200
1993-08-25,0.20,0.21,0.19,0.20,145768000
1993-08-26,0.20,0.20,0.19,0.20,176142400
1993-08-27,0.19,0.20,0.19,0.20,186569600
1993-08-30,0.19,0.19,0.19,0.19,273739200
1993-08-31,0.19,0.19,0.19,0.19,127870400
1993-09-01,0.19,0.19,0.19,0.19,225568000
1993-09-02,0.19,0.19,0.18,0.19,282262400
1993-09-03,0.19,0.19,0.18,0.19,162937600
1993-09-07,0.19,0.20,0.19,0.19,143539200
1993-09-08,0.19,0.20,0.19,0.19,226632000
1993-09-09,0.19,0.20,0.19,0.19,149531200
1993-09-10,0.19,0.19,0.18,0.19,134489600
1993-09-13,0.18,0.19,0.18,0.19,255785600
1993-09-14,0.18,0.18,0.17,0.18,276640000
1993-09-15,0.18,0.18,0.17,0.18,257723200
1993-09-16,0.18,0.18,0.18,0.18,85960000
1993-09-17,0.18,0.19,0.18,0.18,172032000
1993-09-20,0.18,0.19,0.18,0.18,111036800
1993-09-21,0.18,0.18,0.17,0.18,146496000
1993-09-22,0.19,0.19,0.18,0.18,110488000
1993-09-23,0.18,0.19,0.18,0.19,130950400
1993-09-24,0.18,0.18,0.18,0.18,76574400
1993-09-27,0.18,0.18,0.18,0.18,113176000
1993-09-28,0.18,0.18,0.18,0.18,94550400
1993-09-29,0.17,0.18,0.17,0.18,236745600
1993-09-30,0.17,0.17,0.17,0.17,274904000
1993-10-01,0.17,0.17,0.16,0.17,335988800
1993-10-04,0.17,0.17,0.16,0.16,192841600
1993-10-05,0.17,0.17,0.17,0.17,176310400
1993-10-06,0.17,0.17,0.17,0.17,175280000
1993-10-07,0.17,0.17,0.17,0.17,134904000
1993-10-08,0.16,0.17,0.16,0.17,139406400
1993-10-11,0.17,0.17,0.17,0.17,161145600
1993-10-12,0.17,0.18,0.17,0.17,306342400
1993-10-13,0.17,0.18,0.17,0.18,177004800
1993-10-14,0.17,0.18,0.17,0.17,160686400
1993-10-15,0.21,0.21,0.19,0.20,955248000
1993-10-18,0.21,0.21,0.20,0.20,332998400
1993-10-19,0.20,0.21,0.20,0.21,213572800
1993-10-20,0.20,0.21,0.20,0.20,138409600
1993-10-21,0.22,0.23,0.20,0.20,627110400
1993-10-22,0.22,0.23,0.22,0.22,396076800
1993-10-25,0.22,0.22,0.22,0.22,219128000
1993-10-26,0.22,0.22,0.21,0.22,222476800
1993-10-27,0.23,0.23,0.22,0.22,459065600
1993-10-28,0.23,0.23,0.23,0.23,244462400
1993-10-29,0.22,0.23,0.22,0.23,136864000
1993-11-01,0.23,0.23,0.22,0.22,105974400
1993-11-02,0.24,0.24,0.23,0.23,224246400
1993-11-03,0.23,0.24,0.23,0.24,176960000
1993-11-04,0.23,0.23,0.22,0.23,185371200
1993-11-05,0.23,0.23,0.22,0.23,378033600
1993-11-08,0.22,0.23,0.22,0.23,166992000
1993-11-09,0.22,0.23,0.22,0.23,171248000
1993-11-10,0.22,0.22,0.22,0.22,76977600
1993-11-11,0.23,0.23,0.22,0.22,142430400
1993-11-12,0.23,0.23,0.22,0.23,143662400
1993-11-15,0.23,0.24,0.23,0.23,157102400
1993-11-16,0.25,0.25,0.23,0.23,303083200
1993-11-17,0.24,0.25,0.24,0.25,302624000
1993-11-18,0.24,0.25,0.24,0.24,114408000
1993-11-19,0.24,0.24,0.24,0.24,122964800
1993-11-22,0.24,0.24,0.24,0.24,150606400
1993-11-23,0.24,0.24,0.23,0.24,186166400
1993-11-24,0.24,0.24,0.24,0.24,90440000
1993-11-26,0.24,0.24,0.24,0.24,43444800
1993-11-29,0.23,0.24,0.23,0.24,96712000
1993-11-30,0.23,0.24,0.23,0.23,112660800
1993-12-01,0.23,0.24,0.23,0.23,111216000
1993-12-02,0.23,0.23,0.23,0.23,100654400
1993-12-03,0.23,0.23,0.23,0.23,120467200
1993-12-06,0.24,0.24,0.23,0.23,156979200
1993-12-07,0.24,0.24,0.23,0.23,63851200
1993-12-08,0.23,0.24,0.23,0.23,39592000
1993-12-09,0.22,0.23,0.22,0.23,182761600
1993-12-10,0.21,0.22,0.20,0.22,497257600
1993-12-13,0.22,0.22,0.20,0.21,244328000
1993-12-14,0.21,0.22,0.21,0.21,293664000
1993-12-15,0.22,0.22,0.21,0.21,123883200
1993-12-16,0.21,0.22,0.21,0.22,126369600
1993-12-17,0.22,0.22,0.21,0.22,145152000
1993-12-20,0.21,0.22,0.21,0.21,189033600
1993-12-21,0.20,0.21,0.20,0.21,251126400
1993-12-22,0.20,0.21,0.20,0.20,181372800
1993-12-23,0.20,0.20,0.19,0.20,226956800
1993-12-27,0.21,0.21,0.20,0.20,159936000
1993-12-28,0.21,0.22,0.21,0.21,159499200
1993-12-29,0.21,0.21,0.21,0.21,107352000
1993-12-30,0.22,0.22,0.21,0.21,314552000
1993-12-31,0.21,0.22,0.21,0.22,160966400
1994-01-03,0.22,0.22,0.21,0.22,181529600
1994-01-04,0.23,0.23,0.22,0.22,285174400
1994-01-05,0.25,0.25,0.23,0.23,612136000
1994-01-06,0.24,0.25,0.24,0.25,366508800
1994-01-07,0.24,0.24,0.23,0.23,298793600
1994-01-10,0.25,0.25,0.24,0.24,201588800
1994-01-11,0.23,0.25,0.23,0.24,355398400
1994-01-12,0.22,0.24,0.22,0.24,439118400
1994-01-13,0.22,0.22,0.22,0.22,531596800
1994-01-14,0.23,0.23,0.22,0.22,214513600
1994-01-17,0.22,0.23,0.22,0.23,145712000
1994-01-18,0.21,0.22,0.21,0.22,362801600
1994-01-19,0.21,0.22,0.21,0.21,281590400
1994-01-20,0.22,0.22,0.22,0.22,268083200
1994-01-21,0.24,0.24,0.24,0.24,980134400
1994-01-24,0.26,0.26,0.24,0.24,692148800
1994-01-25,0.25,0.26,0.24,0.25,442332800
1994-01-26,0.24,0.25,0.24,0.25,165804800
1994-01-27,0.25,0.25,0.24,0.24,132249600
1994-01-28,0.25,0.25,0.25,0.25,136438400
1994-01-31,0.24,0.25,0.24,0.24,238380800
1994-02-01,0.24,0.24,0.24,0.24,156721600
1994-02-02,0.24,0.24,0.24,0.24,146451200
1994-02-03,0.24,0.25,0.24,0.24,137995200
1994-02-04,0.24,0.26,0.24,0.24,354009600
1994-02-07,0.27,0.27,0.25,0.25,725446400
1994-02-08,0.26,0.27,0.26,0.26,285387200
1994-02-09,0.27,0.27,0.26,0.26,186984000
1994-02-10,0.27,0.27,0.26,0.27,302030400
1994-02-11,0.27,0.27,0.27,0.27,164248000
1994-02-14,0.27,0.28,0.27,0.27,245548800
1994-02-15,0.27,0.27,0.27,0.27,129774400
1994-02-16,0.27,0.27,0.27,0.27,122024000
1994-02-17,0.27,0.28,0.27,0.27,145152000
1994-02-18,0.27,0.27,0.27,0.27,149072000
1994-02-22,0.27,0.27,0.26,0.27,214569600
1994-02-23,0.27,0.28,0.27,0.27,260534400
1994-02-24,0.27,0.27,0.27,0.27,197859200
1994-02-25,0.26,0.27,0.26,0.27,236824000
1994-02-28,0.27,0.27,0.26,0.27,123827200
1994-03-01,0.27,0.27,0.26,0.27,211870400
1994-03-02,0.26,0.27,0.25,0.26,294145600
1994-03-03,0.26,0.27,0.26,0.26,188473600
1994-03-04,0.27,0.27,0.26,0.26,226844800
1994-03-07,0.28,0.28,0.27,0.27,310396800
1994-03-08,0.27,0.28,0.27,0.28,186054400
1994-03-09,0.27,0.27,0.26,0.27,248539200
1994-03-10,0.27,0.28,0.27,0.27,143763200
1994-03-11,0.27,0.28,0.27,0.27,161840000
1994-03-14,0.28,0.28,0.28,0.28,441705600
1994-03-15,0.28,0.28,0.27,0.28,204545600
1994-03-16,0.27,0.28,0.27,0.27,147168000
1994-03-17,0.27,0.27,0.27,0.27,156228800
1994-03-18,0.27,0.27,0.26,0.27,223675200
1994-03-21,0.26,0.27,0.26,0.27,246512000
1994-03-22,0.26,0.26,0.25,0.26,242827200
1994-03-23,0.26,0.26,0.25,0.26,216686400
1994-03-24,0.25,0.26,0.25,0.26,188092800
1994-03-25,0.24,0.25,0.24,0.25,343638400
1994-03-28,0.24,0.25,0.24,0.24,282576000
1994-03-29,0.24,0.25,0.24,0.24,213516800
1994-03-30,0.24,0.24,0.23,0.24,169825600
1994-03-31,0.24,0.25,0.23,0.24,209059200
1994-04-04,0.24,0.24,0.23,0.24,168302400
1994-04-05,0.25,0.25,0.25,0.25,97899200
1994-04-06,0.25,0.25,0.24,0.25,129091200
1994-04-07,0.24,0.25,0.24,0.25,77369600
1994-04-08,0.25,0.25,0.24,0.25,176848000
1994-04-11,0.25,0.25,0.24,0.25,106825600
1994-04-12,0.23,0.24,0.23,0.24,136830400
1994-04-13,0.23,0.24,0.23,0.24,233139200
1994-04-14,0.23,0.23,0.22,0.22,221995200
1994-04-15,0.22,0.23,0.22,0.23,188350400
1994-04-18,0.22,0.22,0.21,0.22,230294400
1994-04-19,0.21,0.22,0.21,0.22,166252800
1994-04-20,0.21,0.22,0.20,0.21,281848000
1994-04-21,0.22,0.22,0.20,0.21,410536000
1994-04-22,0.22,0.23,0.21,0.23,697827200
1994-04-25,0.23,0.23,0.22,0.22,359240000
1994-04-26,0.23,0.23,0.23,0.23,164225600
1994-04-28,0.22,0.23,0.22,0.23,100475200
1994-04-29,0.22,0.22,0.22,0.22,94785600
1994-05-02,0.23,0.23,0.22,0.22,123222400
1994-05-03,0.22,0.23,0.22,0.23,132899200
1994-05-04,0.24,0.24,0.22,0.23,364156800
1994-05-05,0.24,0.25,0.24,0.24,288332800
1994-05-06,0.24,0.24,0.23,0.24,187779200
1994-05-09,0.23,0.24,0.22,0.24,140470400
1994-05-10,0.23,0.23,0.23,0.23,146843200
1994-05-11,0.22,0.23,0.22,0.23,145521600
1994-05-12,0.22,0.22,0.22,0.22,107105600
1994-05-13,0.22,0.22,0.21,0.22,92612800
1994-05-16,0.22,0.22,0.22,0.22,135385600
1994-05-17,0.21,0.22,0.21,0.22,180107200
1994-05-18,0.22,0.22,0.21,0.22,123860800
1994-05-19,0.24,0.24,0.22,0.22,273582400
1994-05-20,0.23,0.24,0.23,0.23,98145600
1994-05-23,0.22,0.23,0.22,0.23,119952000
1994-05-24,0.22,0.23,0.22,0.23,126448000
1994-05-25,0.23,0.23,0.22,0.22,136113600
1994-05-26,0.22,0.23,0.22,0.23,73035200
1994-05-27,0.22,0.23,0.22,0.22,108684800
1994-05-31,0.21,0.22,0.21,0.22,257398400
1994-06-01,0.21,0.21,0.20,0.21,385761600
1994-06-02,0.20,0.21,0.20,0.21,384921600
1994-06-03,0.20,0.21,0.20,0.20,353684800
1994-06-06,0.20,0.20,0.20,0.20,126033600
1994-06-07,0.20,0.20,0.20,0.20,140246400
1994-06-08,0.19,0.20,0.19,0.20,274164800
1994-06-09,0.20,0.20,0.19,0.19,293529600
1994-06-10,0.19,0.20,0.19,0.20,142732800
1994-06-13,0.20,0.20,0.19,0.19,92904000
1994-06-14,0.20,0.20,0.20,0.20,154358400
1994-06-15,0.20,0.21,0.20,0.20,159476800
1994-06-16,0.19,0.20,0.19,0.20,218220800
1994-06-17,0.19,0.20,0.19,0.19,224492800
1994-06-20,0.20,0.20,0.19,0.19,199897600
1994-06-21,0.19,0.20,0.19,0.20,243275200
1994-06-22,0.19,0.20,0.19,0.19,113859200
1994-06-23,0.18,0.19,0.18,0.19,203896000
1994-06-24,0.19,0.19,0.18,0.18,292857600
1994-06-27,0.19,0.19,0.18,0.19,255953600
1994-06-28,0.20,0.20,0.19,0.19,174227200
1994-06-29,0.19,0.20,0.19,0.20,135564800
1994-06-30,0.19,0.20,0.19,0.19,101729600
1994-07-01,0.19,0.19,0.19,0.19,179278400
1994-07-05,0.19,0.20,0.19,0.19,85848000
1994-07-06,0.19,0.19,0.19,0.19,97384000
1994-07-07,0.20,0.20,0.19,0.19,170150400
1994-07-08,0.20,0.20,0.19,0.19,208230400
1994-07-11,0.20,0.20,0.20,0.20,106422400
1994-07-12,0.21,0.21,0.19,0.20,242312000
1994-07-13,0.22,0.22,0.21,0.21,450262400
1994-07-14,0.21,0.22,0.21,0.22,180667200
1994-07-15,0.21,0.21,0.20,0.21,94964800
1994-07-18,0.21,0.21,0.21,0.21,76428800
1994-07-19,0.20,0.21,0.20,0.21,116368000
1994-07-20,0.20,0.20,0.19,0.20,217369600
1994-07-21,0.21,0.21,0.19,0.20,289475200
1994-07-22,0.23,0.23,0.22,0.23,786576000
1994-07-25,0.23,0.23,0.23,0.23,422654400
1994-07-26,0.23,0.24,0.23,0.23,188809600
1994-07-27,0.23,0.23,0.22,0.23,133784000
1994-07-28,0.23,0.24,0.23,0.23,245313600
1994-07-29,0.25,0.25,0.23,0.23,555766400
1994-08-01,0.25,0.25,0.24,0.25,229275200
1994-08-02,0.24,0.25,0.24,0.25,269561600
1994-08-03,0.24,0.24,0.24,0.24,226844800
1994-08-04,0.24,0.25,0.24,0.24,184755200
1994-08-05,0.24,0.25,0.24,0.24,87012800
1994-08-08,0.25,0.25,0.24,0.24,141276800
1994-08-09,0.25,0.25,0.24,0.25,78601600
1994-08-10,0.25,0.26,0.24,0.25,253568000
1994-08-11,0.25,0.26,0.25,0.25,298088000
1994-08-12,0.26,0.26,0.25,0.25,179648000
1994-08-15,0.26,0.26,0.25,0.26,120075200
1994-08-16,0.26,0.26,0.25,0.25,155736000
1994-08-17,0.26,0.26,0.26,0.26,286182400
1994-08-18,0.26,0.26,0.25,0.26,206259200
1994-08-19,0.26,0.26,0.25,0.26,130547200
1994-08-22,0.26,0.26,0.26,0.26,152420800
1994-08-23,0.26,0.26,0.26,0.26,214446400
1994-08-24,0.26,0.26,0.25,0.26,171584000
1994-08-25,0.26,0.27,0.25,0.25,298793600
1994-08-26,0.26,0.27,0.26,0.26,204198400
1994-08-29,0.26,0.27,0.26,0.26,152107200
1994-08-30,0.27,0.27,0.26,0.26,182078400
1994-08-31,0.27,0.28,0.26,0.27,351836800
1994-09-01,0.26,0.26,0.26,0.26,204288000
1994-09-02,0.26,0.26,0.26,0.26,101304000
1994-09-06,0.26,0.26,0.26,0.26,91425600
1994-09-07,0.27,0.27,0.26,0.26,203896000
1994-09-08,0.27,0.27,0.26,0.27,158838400
1994-09-09,0.26,0.27,0.26,0.26,157236800
1994-09-12,0.26,0.26,0.26,0.26,90540800
1994-09-13,0.26,0.27,0.26,0.26,104227200
1994-09-14,0.26,0.26,0.26,0.26,99086400
1994-09-15,0.27,0.27,0.26,0.26,258955200
1994-09-16,0.27,0.27,0.26,0.26,364145600
1994-09-19,0.26,0.27,0.26,0.27,174350400
1994-09-20,0.25,0.26,0.25,0.26,197254400
1994-09-21,0.25,0.26,0.25,0.25,234841600
1994-09-22,0.25,0.25,0.25,0.25,146238400
1994-09-23,0.25,0.25,0.25,0.25,132876800
1994-09-26,0.25,0.25,0.25,0.25,141702400
1994-09-27,0.25,0.25,0.25,0.25,109088000
1994-09-28,0.25,0.25,0.25,0.25,81267200
1994-09-29,0.25,0.25,0.25,0.25,109379200
1994-09-30,0.25,0.25,0.25,0.25,71702400
1994-10-03,0.24,0.25,0.24,0.25,129595200
1994-10-04,0.25,0.25,0.24,0.25,162388800
1994-10-05,0.28,0.28,0.25,0.25,709800000
1994-10-06,0.27,0.28,0.27,0.28,526915200
1994-10-07,0.27,0.27,0.26,0.27,364392000
1994-10-10,0.29,0.29,0.27,0.27,523409600
1994-10-11,0.29,0.31,0.29,0.30,842307200
1994-10-12,0.31,0.31,0.29,0.29,597318400
1994-10-13,0.30,0.32,0.30,0.31,525302400
1994-10-14,0.30,0.31,0.30,0.31,176052800
1994-10-17,0.29,0.31,0.29,0.30,303990400
1994-10-18,0.30,0.31,0.30,0.30,468686400
1994-10-19,0.30,0.31,0.30,0.30,351086400
1994-10-20,0.30,0.31,0.30,0.30,218142400
1994-10-21,0.31,0.32,0.30,0.30,322705600
1994-10-24,0.31,0.32,0.31,0.32,204500800
1994-10-25,0.31,0.31,0.31,0.31,301481600
1994-10-26,0.32,0.32,0.31,0.31,196772800
1994-10-27,0.32,0.32,0.31,0.32,159409600
1994-10-28,0.31,0.32,0.31,0.31,273324800
1994-10-31,0.32,0.32,0.31,0.31,355902400
1994-11-01,0.32,0.32,0.31,0.32,218097600
1994-11-02,0.30,0.32,0.30,0.32,218747200
1994-11-03,0.31,0.31,0.30,0.31,110521600
1994-11-04,0.30,0.31,0.29,0.31,192046400
1994-11-07,0.30,0.30,0.30,0.30,113041600
1994-11-08,0.31,0.31,0.30,0.30,348969600
1994-11-09,0.31,0.32,0.30,0.32,406336000
1994-11-10,0.30,0.31,0.30,0.31,152980800
1994-11-11,0.30,0.31,0.30,0.30,62272000
1994-11-14,0.31,0.32,0.30,0.30,139630400
1994-11-15,0.30,0.32,0.30,0.31,167619200
1994-11-16,0.30,0.31,0.30,0.30,187398400
1994-11-17,0.29,0.30,0.29,0.30,150438400
1994-11-18,0.30,0.30,0.29,0.30,147033600
1994-11-21,0.28,0.30,0.28,0.30,202596800
1994-11-22,0.28,0.29,0.28,0.28,224336000
1994-11-23,0.27,0.28,0.27,0.27,327812800
1994-11-25,0.28,0.28,0.27,0.27,84224000
1994-11-28,0.28,0.28,0.28,0.28,138678400
1994-11-29,0.28,0.28,0.28,0.28,144132800
1994-11-30,0.28,0.29,0.27,0.28,312032000
1994-12-01,0.27,0.28,0.27,0.27,309321600
1994-12-02,0.27,0.27,0.26,0.27,172256000
1994-12-05,0.27,0.28,0.27,0.27,180275200
1994-12-06,0.28,0.28,0.27,0.27,238089600
1994-12-07,0.27,0.28,0.27,0.28,137300800
1994-12-08,0.27,0.27,0.26,0.27,169859200
1994-12-09,0.27,0.27,0.26,0.27,260724800
1994-12-12,0.27,0.27,0.26,0.27,224078400
1994-12-13,0.27,0.27,0.27,0.27,119201600
1994-12-14,0.28,0.28,0.27,0.27,311427200
1994-12-15,0.27,0.28,0.27,0.28,227595200
1994-12-16,0.28,0.28,0.27,0.28,179782400
1994-12-19,0.29,0.29,0.28,0.28,332819200
1994-12-20,0.28,0.29,0.28,0.29,175145600
1994-12-21,0.28,0.28,0.28,0.28,157438400
1994-12-22,0.29,0.29,0.28,0.28,133078400
1994-12-23,0.29,0.29,0.28,0.28,93889600
1994-12-27,0.29,0.29,0.29,0.29,81916800
1994-12-28,0.29,0.29,0.28,0.29,89163200
1994-12-29,0.29,0.29,0.29,0.29,121340800
1994-12-30,0.29,0.29,0.29,0.29,73091200
1995-01-03,0.28,0.29,0.28,0.29,103868800
1995-01-04,0.29,0.29,0.29,0.29,158681600
1995-01-05,0.29,0.29,0.29,0.29,73640000
1995-01-06,0.31,0.32,0.30,0.31,1076622400
1995-01-09,0.30,0.31,0.30,0.31,274086400
1995-01-10,0.32,0.33,0.30,0.30,614790400
1995-01-11,0.35,0.36,0.32,0.32,873824000
1995-01-12,0.34,0.34,0.33,0.34,551779200
1995-01-13,0.33,0.34,0.33,0.34,351377600
1995-01-16,0.33,0.33,0.33,0.33,188977600
1995-01-17,0.33,0.34,0.33,0.33,330108800
1995-01-18,0.34,0.34,0.33,0.33,127657600
1995-01-19,0.34,0.34,0.33,0.34,314294400
1995-01-20,0.32,0.35,0.31,0.35,1000361600
1995-01-23,0.31,0.32,0.30,0.31,398540800
1995-01-24,0.31,0.31,0.31,0.31,218097600
1995-01-25,0.30,0.31,0.29,0.29,517070400
1995-01-26,0.29,0.31,0.29,0.30,246388800
1995-01-27,0.29,0.30,0.29,0.29,298569600
1995-01-30,0.30,0.30,0.29,0.30,230585600
1995-01-31,0.30,0.30,0.30,0.30,212777600
1995-02-01,0.30,0.30,0.29,0.30,158368000
1995-02-02,0.31,0.31,0.30,0.30,203582400
1995-02-03,0.30,0.31,0.30,0.31,319211200
1995-02-06,0.30,0.30,0.29,0.30,243028800
1995-02-07,0.30,0.30,0.30,0.30,201600000
1995-02-08,0.31,0.31,0.30,0.30,402864000
1995-02-09,0.32,0.32,0.31,0.31,475395200
1995-02-10,0.32,0.33,0.32,0.32,350963200
1995-02-13,0.32,0.33,0.32,0.32,283371200
1995-02-14,0.32,0.33,0.32,0.32,165614400
1995-02-15,0.32,0.32,0.32,0.32,184475200
1995-02-16,0.32,0.32,0.32,0.32,218780800
1995-02-17,0.32,0.32,0.32,0.32,121788800
1995-02-21,0.30,0.32,0.30,0.32,301582400
1995-02-22,0.30,0.30,0.30,0.30,293417600
1995-02-23,0.30,0.31,0.30,0.30,314708800
1995-02-24,0.29,0.30,0.29,0.30,568814400
1995-02-27,0.28,0.29,0.28,0.28,268811200
1995-02-28,0.29,0.30,0.28,0.29,222969600
1995-03-01,0.30,0.30,0.29,0.29,224448000
1995-03-02,0.30,0.30,0.29,0.30,268744000
1995-03-03,0.30,0.30,0.29,0.29,145768000
1995-03-06,0.29,0.30,0.29,0.29,132720000
1995-03-07,0.28,0.30,0.28,0.30,150785600
1995-03-08,0.29,0.30,0.28,0.29,364873600
1995-03-09,0.29,0.30,0.29,0.30,196683200
1995-03-10,0.29,0.30,0.29,0.29,137412800
1995-03-13,0.28,0.29,0.28,0.29,325752000
1995-03-14,0.26,0.28,0.26,0.28,727865600
1995-03-15,0.26,0.27,0.26,0.26,730968000
1995-03-16,0.26,0.27,0.26,0.26,316736000
1995-03-17,0.26,0.26,0.26,0.26,215644800
1995-03-20,0.26,0.26,0.26,0.26,189884800
1995-03-21,0.27,0.27,0.26,0.26,305368000
1995-03-22,0.28,0.29,0.27,0.27,479147200
1995-03-23,0.28,0.28,0.27,0.28,170094400
1995-03-24,0.28,0.28,0.28,0.28,128116800
1995-03-27,0.28,0.28,0.27,0.28,142800000
1995-03-28,0.25,0.27,0.25,0.27,689796800
1995-03-29,0.25,0.26,0.25,0.25,496876800
1995-03-30,0.26,0.26,0.26,0.26,273414400
1995-03-31,0.26,0.26,0.26,0.26,183243200
1995-04-03,0.26,0.27,0.26,0.26,154302400
1995-04-04,0.25,0.27,0.25,0.27,428198400
1995-04-05,0.26,0.26,0.25,0.25,264857600
1995-04-06,0.27,0.28,0.26,0.28,722825600
1995-04-07,0.27,0.28,0.27,0.27,295724800
1995-04-10,0.27,0.27,0.27,0.27,117801600
1995-04-11,0.28,0.28,0.27,0.27,214513600
1995-04-12,0.29,0.29,0.28,0.28,474712000
1995-04-13,0.28,0.29,0.28,0.29,174361600
1995-04-17,0.28,0.29,0.28,0.28,208812800
1995-04-18,0.28,0.29,0.28,0.29,231134400
1995-04-19,0.27,0.28,0.26,0.28,279428800
1995-04-20,0.28,0.29,0.27,0.28,329504000
1995-04-21,0.29,0.29,0.28,0.28,666624000
1995-04-24,0.29,0.29,0.29,0.29,272238400
1995-04-25,0.28,0.29,0.28,0.29,273638400
1995-04-26,0.28,0.29,0.28,0.28,230440000
1995-04-27,0.28,0.29,0.28,0.29,139865600
1995-04-28,0.28,0.28,0.28,0.28,195316800
1995-05-01,0.28,0.29,0.28,0.28,177956800
1995-05-02,0.28,0.28,0.28,0.28,120008000
1995-05-03,0.28,0.29,0.28,0.28,168784000
1995-05-04,0.29,0.30,0.28,0.28,303643200
1995-05-05,0.29,0.29,0.28,0.29,208006400
1995-05-08,0.30,0.30,0.29,0.30,386971200
1995-05-09,0.31,0.31,0.30,0.30,322929600
1995-05-10,0.31,0.31,0.30,0.31,275072000
1995-05-11,0.30,0.31,0.30,0.31,523622400
1995-05-12,0.32,0.32,0.30,0.30,647953600
1995-05-15,0.32,0.32,0.32,0.32,393355200
1995-05-16,0.32,0.33,0.32,0.32,332516800
1995-05-17,0.33,0.33,0.32,0.32,263144000
1995-05-18,0.32,0.33,0.32,0.33,371571200
1995-05-19,0.32,0.32,0.32,0.32,322593600
1995-05-22,0.33,0.33,0.31,0.32,371884800
1995-05-23,0.33,0.33,0.32,0.33,276662400
1995-05-24,0.32,0.33,0.32,0.32,264667200
1995-05-25,0.32,0.33,0.32,0.32,182862400
1995-05-26,0.32,0.32,0.31,0.32,114553600
1995-05-30,0.31,0.32,0.31,0.32,196380800
1995-05-31,0.31,0.31,0.30,0.31,159532800
1995-06-01,0.31,0.32,0.31,0.31,186726400
1995-06-02,0.31,0.32,0.31,0.31,105694400
1995-06-05,0.32,0.32,0.31,0.32,254654400
1995-06-06,0.33,0.33,0.32,0.32,315268800
1995-06-07,0.32,0.33,0.32,0.33,124521600
1995-06-08,0.32,0.32,0.31,0.32,136136000
1995-06-09,0.32,0.33,0.32,0.32,186625600
1995-06-12,0.33,0.33,0.33,0.33,212116800
1995-06-13,0.33,0.33,0.33,0.33,125944000
1995-06-14,0.32,0.33,0.32,0.33,118048000
1995-06-15,0.32,0.33,0.32,0.32,92758400
1995-06-16,0.33,0.33,0.32,0.33,89208000
1995-06-19,0.33,0.34,0.32,0.33,469537600
1995-06-20,0.35,0.35,0.34,0.34,738528000
1995-06-21,0.37,0.37,0.35,0.35,626012800
1995-06-22,0.37,0.37,0.36,0.36,473916800
1995-06-23,0.36,0.36,0.35,0.36,231963200
1995-06-26,0.36,0.36,0.35,0.36,152779200
1995-06-27,0.34,0.36,0.34,0.35,217100800
1995-06-28,0.35,0.35,0.34,0.34,266358400
1995-06-29,0.35,0.36,0.34,0.34,232556800
1995-06-30,0.35,0.36,0.34,0.35,165491200
1995-07-03,0.35,0.35,0.34,0.35,39390400
1995-07-05,0.35,0.36,0.35,0.35,177060800
1995-07-06,0.35,0.35,0.34,0.35,184094400
1995-07-07,0.36,0.37,0.35,0.35,387116800
1995-07-10,0.36,0.37,0.36,0.36,297931200
1995-07-11,0.35,0.36,0.35,0.35,214692800
1995-07-12,0.35,0.36,0.34,0.35,283808000
1995-07-13,0.35,0.36,0.35,0.35,352329600
1995-07-14,0.36,0.36,0.35,0.35,277928000
1995-07-17,0.36,0.37,0.36,0.36,226161600
1995-07-18,0.36,0.37,0.35,0.36,254632000
1995-07-19,0.34,0.36,0.33,0.35,521035200
1995-07-20,0.35,0.35,0.33,0.34,331273600
1995-07-21,0.33,0.33,0.32,0.32,757881600
1995-07-24,0.34,0.34,0.33,0.33,214625600
1995-07-25,0.34,0.34,0.34,0.34,263524800
1995-07-26,0.34,0.34,0.34,0.34,171449600
1995-07-27,0.35,0.35,0.34,0.34,325180800
1995-07-28,0.34,0.35,0.33,0.35,260937600
1995-07-31,0.33,0.34,0.33,0.34,158524800
1995-08-01,0.32,0.33,0.32,0.33,210918400
1995-08-02,0.33,0.33,0.33,0.33,275128000
1995-08-03,0.33,0.34,0.33,0.33,213931200
1995-08-04,0.33,0.34,0.33,0.33,192315200
1995-08-07,0.32,0.33,0.32,0.33,193760000
1995-08-08,0.32,0.33,0.32,0.32,234595200
1995-08-09,0.32,0.33,0.32,0.32,369017600
1995-08-10,0.32,0.32,0.32,0.32,164024000
1995-08-11,0.32,0.32,0.31,0.32,206931200
1995-08-14,0.32,0.33,0.32,0.32,167406400
1995-08-15,0.33,0.33,0.32,0.33,317867200
1995-08-16,0.33,0.33,0.33,0.33,292633600
1995-08-17,0.33,0.34,0.33,0.33,246892800
1995-08-18,0.33,0.34,0.33,0.33,241158400
1995-08-21,0.33,0.34,0.33,0.33,271779200
1995-08-22,0.33,0.34,0.33,0.33,217044800
1995-08-23,0.34,0.34,0.33,0.33,253803200
1995-08-24,0.34,0.34,0.34,0.34,287929600
1995-08-25,0.33,0.34,0.33,0.34,134344000
1995-08-28,0.32,0.34,0.32,0.33,243040000
1995-08-29,0.32,0.32,0.32,0.32,317060800
1995-08-30,0.32,0.33,0.32,0.32,153473600
1995-08-31,0.32,0.32,0.32,0.32,87864000
1995-09-01,0.32,0.32,0.32,0.32,98380800
1995-09-05,0.32,0.32,0.32,0.32,179972800
1995-09-06,0.33,0.33,0.32,0.33,200760000
1995-09-07,0.33,0.34,0.33,0.33,262326400
1995-09-08,0.33,0.33,0.33,0.33,174776000
1995-09-11,0.33,0.34,0.33,0.33,172491200
1995-09-12,0.32,0.33,0.32,0.33,326256000
1995-09-13,0.32,0.32,0.31,0.32,322750400
1995-09-14,0.30,0.31,0.30,0.31,550558400
1995-09-15,0.27,0.30,0.26,0.28,1211963200
1995-09-18,0.27,0.27,0.27,0.27,621488000
1995-09-19,0.27,0.28,0.27,0.27,490022400
1995-09-20,0.27,0.28,0.27,0.28,321809600
1995-09-21,0.28,0.28,0.27,0.27,347334400
1995-09-22,0.28,0.28,0.27,0.27,398641600
1995-09-25,0.28,0.29,0.28,0.29,315212800
1995-09-26,0.28,0.28,0.28,0.28,250902400
1995-09-27,0.27,0.28,0.26,0.28,451236800
1995-09-28,0.28,0.28,0.27,0.27,331184000
1995-09-29,0.28,0.29,0.27,0.28,283416000
1995-10-02,0.28,0.29,0.28,0.28,392000000
1995-10-03,0.28,0.29,0.28,0.28,289822400
1995-10-04,0.27,0.28,0.27,0.27,266772800
1995-10-05,0.27,0.27,0.27,0.27,244070400
1995-10-06,0.27,0.28,0.27,0.27,309041600
1995-10-09,0.26,0.27,0.26,0.26,372568000
1995-10-10,0.26,0.26,0.25,0.26,400265600
1995-10-11,0.26,0.27,0.25,0.26,332875200
1995-10-12,0.26,0.26,0.26,0.26,162052800
1995-10-13,0.27,0.27,0.26,0.27,235188800
1995-10-16,0.27,0.28,0.27,0.27,182067200
1995-10-17,0.27,0.27,0.27,0.27,178617600
1995-10-18,0.28,0.29,0.27,0.28,512400000
1995-10-19,0.26,0.27,0.26,0.27,944899200
1995-10-20,0.26,0.26,0.26,0.26,386332800
1995-10-23,0.26,0.26,0.26,0.26,197803200
1995-10-24,0.26,0.26,0.26,0.26,213494400
1995-10-25,0.26,0.26,0.26,0.26,133302400
1995-10-26,0.26,0.26,0.26,0.26,125865600
1995-10-27,0.26,0.26,0.25,0.26,154212800
1995-10-30,0.26,0.26,0.26,0.26,175638400
1995-10-31,0.27,0.27,0.26,0.26,289217600
1995-11-01,0.27,0.28,0.26,0.27,193233600
1995-11-02,0.27,0.27,0.27,0.27,152756800
1995-11-03,0.27,0.27,0.27,0.27,179435200
1995-11-06,0.28,0.29,0.27,0.27,311774400
1995-11-07,0.30,0.30,0.28,0.28,736388800
1995-11-08,0.29,0.31,0.29,0.30,358825600
1995-11-09,0.29,0.30,0.29,0.30,260108800
1995-11-10,0.30,0.30,0.29,0.29,223115200
1995-11-13,0.30,0.31,0.30,0.30,317374400
1995-11-14,0.31,0.32,0.31,0.31,407276800
1995-11-15,0.31,0.31,0.30,0.31,248136000
1995-11-16,0.30,0.31,0.29,0.30,226228800
1995-11-17,0.30,0.30,0.30,0.30,128531200
1995-11-20,0.29,0.30,0.29,0.30,148456000
1995-11-21,0.29,0.29,0.28,0.29,191609600
1995-11-22,0.29,0.29,0.29,0.29,98806400
1995-11-24,0.30,0.30,0.29,0.29,109950400
1995-11-27,0.29,0.30,0.29,0.30,115875200
1995-11-28,0.30,0.30,0.29,0.29,176288000
1995-11-29,0.29,0.30,0.29,0.30,105268800
1995-11-30,0.29,0.29,0.28,0.29,174854400
1995-12-01,0.28,0.29,0.28,0.28,204209600
1995-12-04,0.30,0.30,0.29,0.30,480681600
1995-12-05,0.30,0.30,0.29,0.29,363596800
1995-12-06,0.29,0.30,0.29,0.30,201107200
1995-12-07,0.29,0.29,0.28,0.29,141926400
1995-12-08,0.29,0.29,0.28,0.29,141355200
1995-12-11,0.29,0.30,0.29,0.30,111652800
1995-12-12,0.28,0.29,0.28,0.29,177553600
1995-12-13,0.29,0.29,0.27,0.29,684902400
1995-12-14,0.29,0.29,0.28,0.29,333502400
1995-12-15,0.26,0.27,0.26,0.27,726880000
1995-12-18,0.24,0.26,0.24,0.26,666534400
1995-12-19,0.24,0.25,0.24,0.24,430864000
1995-12-20,0.24,0.25,0.24,0.25,365736000
1995-12-21,0.24,0.24,0.24,0.24,332875200
1995-12-22,0.24,0.25,0.24,0.24,234662400
1995-12-26,0.24,0.24,0.24,0.24,139507200
1995-12-27,0.24,0.25,0.24,0.24,268564800
1995-12-28,0.24,0.24,0.24,0.24,249995200
1995-12-29,0.24,0.24,0.24,0.24,304136000
1996-01-02,0.24,0.24,0.24,0.24,139294400
1996-01-03,0.24,0.25,0.24,0.24,429833600
1996-01-04,0.24,0.24,0.23,0.24,300182400
1996-01-05,0.26,0.26,0.23,0.24,445928000
1996-01-08,0.26,0.27,0.25,0.26,121340800
1996-01-09,0.24,0.26,0.24,0.26,251216000
1996-01-10,0.26,0.26,0.24,0.24,365433600
1996-01-11,0.26,0.26,0.24,0.24,756739200
1996-01-12,0.25,0.26,0.25,0.26,401856000
1996-01-15,0.26,0.26,0.25,0.25,363081600
1996-01-16,0.26,0.26,0.25,0.26,352912000
1996-01-17,0.25,0.26,0.25,0.26,236409600
1996-01-18,0.24,0.25,0.23,0.25,698387200
1996-01-19,0.22,0.24,0.22,0.23,829225600
1996-01-22,0.23,0.23,0.22,0.22,499744000
1996-01-23,0.24,0.25,0.23,0.25,988288000
1996-01-24,0.24,0.24,0.24,0.24,655894400
1996-01-25,0.23,0.24,0.23,0.24,445200000
1996-01-26,0.23,0.23,0.21,0.23,735750400
1996-01-29,0.22,0.22,0.21,0.22,332595200
1996-01-30,0.20,0.21,0.20,0.20,622843200
1996-01-31,0.21,0.21,0.20,0.21,328059200
1996-02-01,0.21,0.21,0.21,0.21,333043200
1996-02-02,0.22,0.22,0.21,0.22,555979200
1996-02-05,0.22,0.22,0.22,0.22,318729600
1996-02-06,0.22,0.22,0.22,0.22,226217600
1996-02-07,0.21,0.22,0.21,0.22,360326400
1996-02-08,0.21,0.21,0.21,0.21,263166400
1996-02-09,0.21,0.21,0.21,0.21,205688000
1996-02-12,0.21,0.21,0.21,0.21,194275200
1996-02-13,0.21,0.22,0.21,0.21,228502400
1996-02-14,0.21,0.21,0.21,0.21,163184000
1996-02-15,0.21,0.21,0.20,0.21,122080000
1996-02-16,0.21,0.21,0.21,0.21,156441600
1996-02-20,0.22,0.22,0.21,0.21,376913600
1996-02-21,0.22,0.22,0.22,0.22,221838400
1996-02-22,0.22,0.23,0.22,0.22,184184000
1996-02-23,0.22,0.23,0.22,0.22,173286400
1996-02-26,0.22,0.23,0.22,0.22,118283200
1996-02-27,0.21,0.22,0.21,0.22,149161600
1996-02-28,0.21,0.22,0.21,0.22,187913600
1996-02-29,0.21,0.21,0.20,0.21,112884800
1996-03-01,0.20,0.21,0.20,0.21,231134400
1996-03-04,0.20,0.20,0.20,0.20,187555200
1996-03-05,0.20,0.20,0.20,0.20,118440000
1996-03-06,0.20,0.20,0.20,0.20,99052800
1996-03-07,0.19,0.20,0.19,0.20,260064000
1996-03-08,0.19,0.20,0.19,0.19,149004800
1996-03-11,0.19,0.20,0.19,0.20,127008000
1996-03-12,0.19,0.20,0.19,0.19,96152000
1996-03-13,0.19,0.20,0.19,0.19,99680000
1996-03-14,0.19,0.19,0.19,0.19,93363200
1996-03-15,0.19,0.19,0.19,0.19,101382400
1996-03-18,0.20,0.20,0.19,0.19,109132800
1996-03-19,0.19,0.20,0.19,0.20,124364800
1996-03-20,0.19,0.19,0.19,0.19,115987200
1996-03-21,0.19,0.19,0.19,0.19,109984000
1996-03-22,0.19,0.19,0.19,0.19,107564800
1996-03-25,0.18,0.19,0.18,0.19,164371200
1996-03-26,0.18,0.18,0.18,0.18,160798400
1996-03-27,0.19,0.19,0.17,0.17,429296000
1996-03-28,0.18,0.19,0.18,0.19,295892800
1996-03-29,0.18,0.19,0.18,0.18,166521600
1996-04-01,0.19,0.19,0.18,0.19,158636800
1996-04-02,0.19,0.19,0.19,0.19,101438400
1996-04-03,0.18,0.19,0.18,0.19,72240000
1996-04-04,0.18,0.18,0.18,0.18,86049600
1996-04-08,0.18,0.18,0.18,0.18,168828800
1996-04-09,0.19,0.20,0.18,0.19,235076800
1996-04-10,0.19,0.20,0.19,0.20,174764800
1996-04-11,0.19,0.20,0.19,0.20,98268800
1996-04-12,0.19,0.19,0.19,0.19,81435200
1996-04-15,0.19,0.19,0.19,0.19,154078400
1996-04-16,0.19,0.19,0.19,0.19,101416000
1996-04-17,0.19,0.19,0.19,0.19,85411200
1996-04-18,0.19,0.19,0.18,0.19,217246400
1996-04-19,0.19,0.19,0.18,0.18,101796800
1996-04-22,0.19,0.19,0.19,0.19,111115200
1996-04-23,0.19,0.19,0.18,0.19,169948800
1996-04-24,0.18,0.19,0.18,0.18,128340800
1996-04-25,0.19,0.19,0.18,0.18,174406400
1996-04-26,0.19,0.19,0.18,0.19,188865600
1996-04-29,0.19,0.19,0.18,0.19,121049600
1996-04-30,0.18,0.19,0.18,0.19,136662400
1996-05-01,0.18,0.19,0.18,0.18,112705600
1996-05-02,0.18,0.18,0.18,0.18,188305600
1996-05-03,0.18,0.18,0.18,0.18,108460800
1996-05-06,0.19,0.19,0.19,0.19,289486400
1996-05-07,0.20,0.20,0.20,0.20,353539200
1996-05-08,0.20,0.20,0.19,0.20,186793600
1996-05-09,0.20,0.20,0.19,0.20,98078400
1996-05-10,0.20,0.20,0.19,0.20,110588800
1996-05-13,0.20,0.21,0.20,0.20,187017600
1996-05-14,0.21,0.21,0.21,0.21,197624000
1996-05-15,0.21,0.22,0.21,0.21,292364800
1996-05-16,0.21,0.21,0.21,0.21,130076800
1996-05-17,0.21,0.21,0.21,0.21,123300800
1996-05-20,0.21,0.21,0.21,0.21,84515200
1996-05-21,0.20,0.21,0.20,0.21,114385600
1996-05-22,0.19,0.20,0.19,0.20,201880000
1996-05-23,0.20,0.20,0.19,0.20,124051200
1996-05-24,0.20,0.20,0.20,0.20,113243200
1996-05-28,0.20,0.20,0.20,0.20,101852800
1996-05-29,0.19,0.20,0.19,0.20,219520000
1996-05-30,0.19,0.19,0.19,0.19,103465600
1996-05-31,0.20,0.20,0.19,0.19,162646400
1996-06-03,0.19,0.19,0.19,0.19,125462400
1996-06-04,0.18,0.18,0.18,0.18,762238400
1996-06-05,0.19,0.19,0.18,0.19,510104000
1996-06-06,0.18,0.19,0.18,0.19,362096000
1996-06-07,0.18,0.18,0.18,0.18,267769600
1996-06-10,0.18,0.18,0.18,0.18,106366400
1996-06-11,0.18,0.18,0.18,0.18,153059200
1996-06-12,0.18,0.18,0.18,0.18,151916800
1996-06-13,0.18,0.19,0.18,0.18,191419200
1996-06-14,0.18,0.19,0.18,0.19,144961600
1996-06-17,0.18,0.18,0.18,0.18,112929600
1996-06-18,0.17,0.18,0.17,0.18,223227200
1996-06-19,0.17,0.17,0.17,0.17,134467200
1996-06-20,0.17,0.17,0.17,0.17,147089600
1996-06-21,0.17,0.17,0.17,0.17,161851200
1996-06-24,0.17,0.17,0.17,0.17,122763200
1996-06-25,0.15,0.17,0.15,0.17,246960000
1996-06-26,0.15,0.16,0.15,0.15,404331200
1996-06-27,0.15,0.16,0.15,0.15,229241600
1996-06-28,0.16,0.16,0.15,0.16,115684800
1996-07-01,0.16,0.16,0.16,0.16,131980800
1996-07-02,0.16,0.16,0.16,0.16,89006400
1996-07-03,0.14,0.15,0.14,0.15,288612800
1996-07-05,0.15,0.15,0.14,0.14,106153600
1996-07-08,0.14,0.15,0.14,0.15,188910400
1996-07-09,0.14,0.15,0.14,0.15,187824000
1996-07-10,0.14,0.15,0.14,0.14,169388800
1996-07-11,0.13,0.14,0.13,0.14,291155200
1996-07-12,0.14,0.14,0.13,0.14,268990400
1996-07-15,0.13,0.14,0.13,0.14,133224000
1996-07-16,0.13,0.13,0.12,0.13,289217600
1996-07-17,0.13,0.13,0.12,0.13,233598400
1996-07-18,0.16,0.16,0.15,0.16,897052800
1996-07-19,0.16,0.16,0.16,0.16,265977600
1996-07-22,0.15,0.16,0.15,0.16,152208000
1996-07-23,0.15,0.15,0.15,0.15,130121600
1996-07-24,0.16,0.16,0.15,0.15,264073600
1996-07-25,0.16,0.16,0.16,0.16,114430400
1996-07-26,0.16,0.16,0.16,0.16,123681600
1996-07-29,0.17,0.17,0.16,0.16,195697600
1996-07-30,0.16,0.17,0.16,0.17,189403200
1996-07-31,0.16,0.16,0.16,0.16,92780800
1996-08-01,0.16,0.16,0.16,0.16,110163200
1996-08-02,0.16,0.16,0.16,0.16,127948800
1996-08-05,0.16,0.16,0.16,0.16,101012800
1996-08-06,0.16,0.16,0.16,0.16,93587200
1996-08-07,0.17,0.17,0.16,0.16,248460800
1996-08-08,0.17,0.17,0.16,0.17,101516800
1996-08-09,0.17,0.17,0.17,0.17,230787200
1996-08-12,0.17,0.18,0.17,0.17,151345600
1996-08-13,0.17,0.17,0.17,0.17,103510400
1996-08-14,0.17,0.17,0.17,0.17,71859200
1996-08-15,0.17,0.17,0.17,0.17,107620800
1996-08-16,0.17,0.17,0.17,0.17,141758400
1996-08-19,0.18,0.18,0.17,0.17,226318400
1996-08-20,0.18,0.18,0.17,0.18,211758400
1996-08-21,0.17,0.18,0.17,0.18,113344000
1996-08-22,0.17,0.17,0.17,0.17,87684800
1996-08-23,0.18,0.18,0.17,0.17,203459200
1996-08-26,0.18,0.18,0.18,0.18,89678400
1996-08-27,0.19,0.19,0.18,0.18,289307200
1996-08-28,0.19,0.19,0.18,0.19,163598400
1996-08-29,0.18,0.19,0.18,0.19,106926400
1996-08-30,0.18,0.19,0.18,0.19,105728000
1996-09-03,0.18,0.18,0.18,0.18,68297600
1996-09-04,0.18,0.18,0.18,0.18,101449600
1996-09-05,0.17,0.18,0.17,0.18,279585600
1996-09-06,0.17,0.17,0.17,0.17,240833600
1996-09-09,0.16,0.17,0.16,0.17,148243200
1996-09-10,0.16,0.17,0.16,0.17,155713600
1996-09-11,0.16,0.16,0.16,0.16,147201600
1996-09-12,0.15,0.16,0.15,0.16,260915200
1996-09-13,0.16,0.16,0.15,0.15,166611200
1996-09-16,0.17,0.17,0.16,0.16,244652800
1996-09-17,0.17,0.17,0.17,0.17,209171200
1996-09-18,0.18,0.18,0.17,0.17,353360000
1996-09-19,0.17,0.18,0.17,0.18,119470400
1996-09-20,0.17,0.18,0.17,0.17,149150400
1996-09-23,0.17,0.17,0.17,0.17,45763200
1996-09-24,0.17,0.17,0.17,0.17,143785600
1996-09-25,0.17,0.17,0.16,0.17,109043200
1996-09-26,0.17,0.17,0.17,0.17,103286400
1996-09-27,0.17,0.17,0.17,0.17,81569600
1996-09-30,0.17,0.17,0.17,0.17,85444800
1996-10-01,0.18,0.19,0.16,0.16,539246400
1996-10-02,0.18,0.18,0.17,0.18,276819200
1996-10-03,0.17,0.18,0.17,0.18,227718400
1996-10-04,0.17,0.17,0.17,0.17,133459200
1996-10-07,0.17,0.17,0.17,0.17,95715200
1996-10-08,0.17,0.18,0.17,0.18,190433600
1996-10-09,0.17,0.18,0.17,0.17,85209600
1996-10-10,0.18,0.18,0.18,0.18,276696000
1996-10-11,0.18,0.18,0.18,0.18,120691200
1996-10-14,0.19,0.19,0.18,0.18,269684800
1996-10-15,0.19,0.19,0.19,0.19,363059200
1996-10-16,0.19,0.20,0.18,0.19,334745600
1996-10-17,0.20,0.21,0.20,0.21,1026625600
1996-10-18,0.20,0.20,0.19,0.20,382659200
1996-10-21,0.19,0.20,0.19,0.20,187611200
1996-10-22,0.19,0.19,0.18,0.19,213718400
1996-10-23,0.19,0.19,0.18,0.19,160059200
1996-10-24,0.19,0.19,0.18,0.19,84369600
1996-10-25,0.18,0.19,0.18,0.19,77560000
1996-10-28,0.18,0.19,0.18,0.19,119996800
1996-10-29,0.17,0.19,0.17,0.18,199628800
1996-10-30,0.17,0.18,0.17,0.18,257051200
1996-10-31,0.17,0.17,0.17,0.17,194219200
1996-11-01,0.18,0.18,0.17,0.17,211332800
1996-11-04,0.18,0.18,0.18,0.18,91268800
1996-11-05,0.19,0.19,0.18,0.18,378112000
1996-11-06,0.19,0.19,0.19,0.19,180308800
1996-11-07,0.19,0.19,0.19,0.19,155075200
1996-11-08,0.20,0.20,0.19,0.19,188708800
1996-11-11,0.19,0.20,0.19,0.20,92534400
1996-11-12,0.19,0.20,0.19,0.20,142956800
1996-11-13,0.19,0.19,0.19,0.19,83608000
1996-11-14,0.19,0.19,0.19,0.19,48529600
1996-11-15,0.19,0.19,0.19,0.19,130715200
1996-11-18,0.19,0.19,0.18,0.19,152835200
1996-11-19,0.19,0.19,0.18,0.19,124432000
1996-11-20,0.19,0.19,0.19,0.19,103096000
1996-11-21,0.18,0.19,0.18,0.19,70604800
1996-11-22,0.19,0.19,0.18,0.18,103980800
1996-11-25,0.19,0.19,0.19,0.19,78948800
1996-11-26,0.18,0.19,0.18,0.19,112985600
1996-11-27,0.18,0.18,0.18,0.18,89040000
1996-11-29,0.18,0.18,0.18,0.18,42291200
1996-12-02,0.19,0.19,0.18,0.18,174977600
1996-12-03,0.19,0.19,0.19,0.19,275531200
1996-12-04,0.19,0.19,0.19,0.19,190825600
1996-12-05,0.19,0.19,0.19,0.19,142139200
1996-12-06,0.19,0.19,0.18,0.18,229387200
1996-12-09,0.19,0.19,0.19,0.19,158648000
1996-12-10,0.18,0.19,0.18,0.19,184284800
1996-12-11,0.18,0.18,0.18,0.18,163363200
1996-12-12,0.18,0.18,0.18,0.18,87001600
1996-12-13,0.17,0.18,0.17,0.18,89096000
1996-12-16,0.17,0.18,0.17,0.18,149240000
1996-12-17,0.17,0.17,0.17,0.17,157248000
1996-12-18,0.17,0.17,0.17,0.17,205072000
1996-12-19,0.17,0.17,0.17,0.17,136886400
1996-12-20,0.18,0.18,0.16,0.17,546436800
1996-12-23,0.17,0.18,0.17,0.18,332304000
1996-12-24,0.17,0.17,0.17,0.17,57612800
1996-12-26,0.17,0.17,0.17,0.17,84884800
1996-12-27,0.17,0.18,0.17,0.17,136998400
1996-12-30,0.16,0.17,0.16,0.17,261800000
1996-12-31,0.16,0.16,0.16,0.16,383745600
1997-01-02,0.16,0.16,0.16,0.16,143113600
1997-01-03,0.16,0.17,0.16,0.16,119716800
1997-01-06,0.13,0.14,0.13,0.13,1882832000
1997-01-07,0.13,0.14,0.13,0.14,976931200
1997-01-08,0.13,0.14,0.13,0.14,1100131200
1997-01-09,0.13,0.13,0.13,0.13,446656000
1997-01-10,0.14,0.14,0.13,0.13,353718400
1997-01-13,0.14,0.14,0.14,0.14,305748800
1997-01-14,0.13,0.14,0.13,0.14,255774400
1997-01-15,0.13,0.13,0.13,0.13,433092800
1997-01-16,0.13,0.13,0.12,0.13,671305600
1997-01-17,0.13,0.13,0.12,0.13,325147200
1997-01-20,0.13,0.13,0.13,0.13,291625600
1997-01-21,0.13,0.13,0.13,0.13,284827200
1997-01-22,0.13,0.13,0.13,0.13,205620800
1997-01-23,0.13,0.13,0.13,0.13,172345600
1997-01-24,0.13,0.13,0.13,0.13,188283200
1997-01-27,0.12,0.13,0.12,0.13,214043200
1997-01-28,0.12,0.13,0.12,0.13,210560000
1997-01-29,0.12,0.13,0.12,0.12,151704000
1997-01-30,0.13,0.13,0.12,0.13,139932800
1997-01-31,0.12,0.12,0.12,0.12,199628800
1997-02-03,0.12,0.13,0.12,0.13,368110400
1997-02-04,0.11,0.12,0.11,0.12,712644800
1997-02-05,0.11,0.12,0.11,0.11,394486400
1997-02-06,0.12,0.12,0.11,0.11,399504000
1997-02-07,0.12,0.12,0.12,0.12,235267200
1997-02-10,0.12,0.12,0.12,0.12,185404800
1997-02-11,0.12,0.12,0.12,0.12,140078400
1997-02-12,0.12,0.12,0.12,0.12,176265600
1997-02-13,0.12,0.12,0.12,0.12,195832000
1997-02-14,0.12,0.12,0.12,0.12,237249600
1997-02-18,0.13,0.13,0.12,0.12,368278400
1997-02-19,0.13,0.13,0.13,0.13,241292800
1997-02-20,0.13,0.13,0.13,0.13,124947200
1997-02-21,0.12,0.13,0.12,0.13,211086400
1997-02-24,0.12,0.13,0.12,0.12,117588800
1997-02-25,0.13,0.13,0.13,0.13,138084800
1997-02-26,0.13,0.13,0.13,0.13,103174400
1997-02-27,0.13,0.13,0.13,0.13,102995200
1997-02-28,0.12,0.13,0.12,0.13,121878400
1997-03-03,0.12,0.12,0.12,0.12,130457600
1997-03-04,0.12,0.12,0.12,0.12,103196800
1997-03-05,0.13,0.13,0.12,0.12,96163200
1997-03-06,0.12,0.13,0.12,0.13,116289600
1997-03-07,0.12,0.13,0.12,0.13,70616000
1997-03-10,0.12,0.13,0.12,0.12,99187200
1997-03-11,0.12,0.12,0.12,0.12,98504000
1997-03-12,0.12,0.13,0.12,0.12,70996800
1997-03-13,0.12,0.12,0.12,0.12,105089600
1997-03-14,0.12,0.13,0.12,0.12,230417600
1997-03-17,0.12,0.12,0.12,0.12,192752000
1997-03-18,0.12,0.12,0.12,0.12,127075200
1997-03-19,0.12,0.12,0.12,0.12,208230400
1997-03-20,0.13,0.13,0.12,0.12,317038400
1997-03-21,0.12,0.13,0.12,0.13,136460800
1997-03-24,0.12,0.12,0.12,0.12,71220800
1997-03-25,0.12,0.12,0.12,0.12,112560000
1997-03-26,0.13,0.13,0.12,0.12,106836800
1997-03-27,0.14,0.14,0.13,0.13,1138905600
1997-03-31,0.14,0.14,0.13,0.14,970244800
1997-04-01,0.13,0.13,0.13,0.13,220259200
1997-04-02,0.13,0.14,0.13,0.13,222432000
1997-04-03,0.14,0.14,0.14,0.14,548856000
1997-04-04,0.14,0.15,0.14,0.14,475249600
1997-04-07,0.15,0.15,0.14,0.15,255259200
1997-04-08,0.14,0.15,0.14,0.15,193827200
1997-04-09,0.14,0.14,0.14,0.14,244988800
1997-04-10,0.14,0.14,0.14,0.14,116984000
1997-04-11,0.14,0.14,0.14,0.14,79564800
1997-04-14,0.14,0.14,0.13,0.14,112358400
1997-04-15,0.14,0.14,0.14,0.14,136046400
1997-04-16,0.14,0.14,0.14,0.14,86217600
1997-04-17,0.14,0.14,0.14,0.14,219464000
1997-04-18,0.14,0.14,0.14,0.14,141444800
1997-04-21,0.13,0.14,0.13,0.14,89152000
1997-04-22,0.14,0.14,0.13,0.14,94651200
1997-04-23,0.14,0.14,0.14,0.14,54488000
1997-04-24,0.13,0.14,0.13,0.14,74939200
1997-04-25,0.13,0.13,0.13,0.13,87382400
1997-04-28,0.13,0.13,0.13,0.13,46771200
1997-04-29,0.13,0.13,0.13,0.13,51755200
1997-04-30,0.13,0.13,0.13,0.13,257633600
1997-05-01,0.13,0.13,0.13,0.13,72340800
1997-05-02,0.13,0.13,0.13,0.13,101987200
1997-05-05,0.13,0.13,0.13,0.13,98492800
1997-05-06,0.13,0.13,0.13,0.13,83148800
1997-05-07,0.12,0.13,0.12,0.13,114217600
1997-05-08,0.13,0.13,0.12,0.12,82936000
1997-05-09,0.13,0.13,0.13,0.13,188372800
1997-05-12,0.13,0.13,0.13,0.13,164976000
1997-05-13,0.13,0.13,0.13,0.13,197019200
1997-05-14,0.13,0.13,0.13,0.13,135643200
1997-05-15,0.13,0.13,0.13,0.13,99008000
1997-05-16,0.13,0.13,0.13,0.13,93296000
1997-05-19,0.13,0.13,0.13,0.13,52259200
1997-05-20,0.13,0.13,0.13,0.13,84828800
1997-05-21,0.13,0.13,0.12,0.13,122248000
1997-05-22,0.12,0.13,0.12,0.13,76764800
1997-05-23,0.13,0.13,0.12,0.12,67032000
1997-05-27,0.13,0.13,0.13,0.13,82084800
1997-05-28,0.13,0.13,0.13,0.13,87539200
1997-05-29,0.12,0.13,0.12,0.13,111182400
1997-05-30,0.12,0.13,0.12,0.12,177329600
1997-06-02,0.13,0.13,0.13,0.13,41585600
1997-06-03,0.12,0.13,0.12,0.13,65240000
1997-06-04,0.12,0.13,0.12,0.12,80404800
1997-06-05,0.12,0.13,0.12,0.12,64612800
1997-06-06,0.13,0.13,0.12,0.12,52875200
1997-06-09,0.12,0.13,0.12,0.12,74804800
1997-06-10,0.12,0.13,0.12,0.13,139048000
1997-06-11,0.12,0.12,0.12,0.12,105403200
1997-06-12,0.12,0.12,0.12,0.12,78691200
1997-06-13,0.12,0.12,0.12,0.12,132070400
1997-06-16,0.12,0.12,0.11,0.12,134008000
1997-06-17,0.12,0.12,0.12,0.12,142251200
1997-06-18,0.12,0.12,0.12,0.12,109648000
1997-06-19,0.12,0.12,0.12,0.12,121027200
1997-06-20,0.12,0.12,0.12,0.12,110185600
1997-06-23,0.11,0.12,0.11,0.12,99545600
1997-06-24,0.11,0.12,0.11,0.12,111148800
1997-06-25,0.11,0.11,0.11,0.11,198632000
1997-06-26,0.11,0.11,0.11,0.11,381987200
1997-06-27,0.11,0.11,0.11,0.11,157953600
1997-06-30,0.11,0.11,0.10,0.11,171180800
1997-07-01,0.10,0.10,0.10,0.10,450676800
1997-07-02,0.10,0.10,0.10,0.10,249961600
1997-07-03,0.10,0.10,0.10,0.10,186782400
1997-07-07,0.10,0.11,0.10,0.10,191475200
1997-07-08,0.10,0.10,0.10,0.10,95692800
1997-07-09,0.10,0.10,0.10,0.10,142016000
1997-07-10,0.10,0.10,0.10,0.10,492508800
1997-07-11,0.11,0.12,0.10,0.10,734944000
1997-07-14,0.12,0.12,0.11,0.11,411006400
1997-07-15,0.12,0.12,0.12,0.12,418353600
1997-07-16,0.12,0.12,0.12,0.12,446252800
1997-07-17,0.13,0.14,0.12,0.13,746267200
1997-07-18,0.13,0.13,0.13,0.13,317564800
1997-07-21,0.12,0.13,0.12,0.13,354916800
1997-07-22,0.12,0.12,0.12,0.12,231336000
1997-07-23,0.12,0.13,0.12,0.13,141288000
1997-07-24,0.12,0.12,0.12,0.12,133492800
1997-07-25,0.12,0.12,0.12,0.12,217963200
1997-07-28,0.12,0.12,0.12,0.12,110510400
1997-07-29,0.12,0.12,0.12,0.12,71243200
1997-07-30,0.13,0.13,0.13,0.13,374304000
1997-07-31,0.13,0.13,0.13,0.13,263816000
1997-08-01,0.14,0.14,0.13,0.13,481913600
1997-08-04,0.15,0.15,0.14,0.14,611318400
1997-08-05,0.15,0.15,0.15,0.15,247128000
1997-08-06,0.20,0.21,0.19,0.19,4190480000
1997-08-07,0.22,0.22,0.21,0.21,3755438400
1997-08-08,0.20,0.21,0.20,0.21,1814164800
1997-08-11,0.18,0.20,0.18,0.20,1550998400
1997-08-12,0.16,0.18,0.16,0.18,1048398400
1997-08-13,0.18,0.18,0.15,0.17,1201424000
1997-08-14,0.17,0.18,0.17,0.18,434448000
1997-08-15,0.17,0.18,0.17,0.17,260960000
1997-08-18,0.18,0.18,0.17,0.17,217840000
1997-08-19,0.18,0.18,0.17,0.18,289161600
1997-08-20,0.18,0.19,0.18,0.18,324307200
1997-08-21,0.18,0.18,0.18,0.18,259280000
1997-08-22,0.18,0.18,0.17,0.18,227628800
1997-08-25,0.17,0.18,0.17,0.18,138633600
1997-08-26,0.17,0.17,0.17,0.17,226206400
1997-08-27,0.17,0.17,0.16,0.17,190635200
1997-08-28,0.16,0.17,0.16,0.17,95670400
1997-08-29,0.16,0.16,0.16,0.16,109670400
1997-09-02,0.17,0.17,0.16,0.16,186043200
1997-09-03,0.17,0.17,0.17,0.17,284132800
1997-09-04,0.17,0.17,0.17,0.17,122539200
1997-09-05,0.17,0.17,0.16,0.17,136707200
1997-09-08,0.16,0.17,0.16,0.17,175156800
1997-09-09,0.16,0.16,0.16,0.16,159028800
1997-09-10,0.17,0.17,0.16,0.16,274064000
1997-09-11,0.17,0.17,0.16,0.17,209876800
1997-09-12,0.16,0.17,0.16,0.17,113680000
1997-09-15,0.16,0.17,0.16,0.16,96913600
1997-09-16,0.16,0.17,0.16,0.16,134220800
1997-09-17,0.16,0.16,0.16,0.16,86766400
1997-09-18,0.17,0.17,0.16,0.16,169164800
1997-09-19,0.16,0.17,0.16,0.17,94931200
1997-09-22,0.17,0.17,0.16,0.17,200368000
1997-09-23,0.16,0.17,0.16,0.17,200536000
1997-09-24,0.16,0.16,0.16,0.16,222432000
1997-09-25,0.16,0.16,0.16,0.16,223384000
1997-09-26,0.16,0.16,0.16,0.16,208320000
1997-09-29,0.16,0.17,0.16,0.16,167238400
1997-09-30,0.16,0.17,0.16,0.16,140571200
1997-10-01,0.16,0.16,0.16,0.16,130468800
1997-10-02,0.16,0.16,0.16,0.16,135408000
1997-10-03,0.17,0.17,0.16,0.16,162232000
1997-10-06,0.16,0.17,0.16,0.17,93296000
1997-10-07,0.16,0.16,0.16,0.16,109289600
1997-10-08,0.16,0.16,0.16,0.16,108841600
1997-10-09,0.16,0.17,0.16,0.16,187331200
1997-10-10,0.17,0.17,0.16,0.16,270401600
1997-10-13,0.17,0.17,0.17,0.17,158625600
1997-10-14,0.17,0.17,0.17,0.17,165816000
1997-10-15,0.18,0.19,0.17,0.17,810868800
1997-10-16,0.16,0.16,0.16,0.16,739188800
1997-10-17,0.15,0.16,0.15,0.16,438670400
1997-10-20,0.14,0.15,0.14,0.15,411835200
1997-10-21,0.14,0.14,0.14,0.14,475272000
1997-10-22,0.14,0.14,0.14,0.14,151177600
1997-10-23,0.13,0.14,0.13,0.13,186782400
1997-10-24,0.12,0.14,0.12,0.14,388236800
1997-10-27,0.13,0.14,0.13,0.13,329358400
1997-10-28,0.14,0.14,0.12,0.12,343313600
1997-10-29,0.13,0.14,0.13,0.14,177587200
1997-10-30,0.12,0.13,0.12,0.13,188955200
1997-10-31,0.13,0.13,0.12,0.13,267086400
1997-11-03,0.13,0.13,0.13,0.13,126011200
1997-11-04,0.13,0.14,0.13,0.13,168593600
1997-11-05,0.14,0.14,0.14,0.14,387116800
1997-11-06,0.14,0.15,0.14,0.14,617086400
1997-11-07,0.15,0.15,0.14,0.14,795614400
1997-11-10,0.14,0.16,0.14,0.16,1398241600
1997-11-11,0.14,0.14,0.14,0.14,332483200
1997-11-12,0.13,0.14,0.13,0.14,208062400
1997-11-13,0.13,0.14,0.13,0.13,257521600
1997-11-14,0.14,0.14,0.13,0.14,135038400
1997-11-17,0.14,0.14,0.14,0.14,205027200
1997-11-18,0.14,0.14,0.14,0.14,146641600
1997-11-19,0.14,0.14,0.13,0.13,79587200
1997-11-20,0.14,0.14,0.14,0.14,128172800
1997-11-21,0.14,0.14,0.13,0.14,97776000
1997-11-24,0.13,0.13,0.13,0.13,157348800
1997-11-25,0.13,0.13,0.13,0.13,205430400
1997-11-26,0.13,0.13,0.13,0.13,60412800
1997-11-28,0.13,0.13,0.13,0.13,41316800
1997-12-01,0.13,0.13,0.13,0.13,87236800
1997-12-02,0.12,0.13,0.12,0.13,396816000
1997-12-03,0.12,0.12,0.12,0.12,343056000
1997-12-04,0.12,0.12,0.12,0.12,199640000
1997-12-05,0.12,0.12,0.12,0.12,221468800
1997-12-08,0.12,0.12,0.11,0.12,133582400
1997-12-09,0.11,0.12,0.11,0.12,243051200
1997-12-10,0.11,0.11,0.11,0.11,194880000
1997-12-11,0.11,0.11,0.10,0.11,256939200
1997-12-12,0.11,0.11,0.10,0.11,160563200
1997-12-15,0.10,0.11,0.10,0.11,165894400
1997-12-16,0.11,0.11,0.10,0.10,185628800
1997-12-17,0.10,0.11,0.10,0.11,265294400
1997-12-18,0.10,0.10,0.10,0.10,202048000
1997-12-19,0.10,0.10,0.10,0.10,190612800
1997-12-22,0.10,0.10,0.10,0.10,159476800
1997-12-23,0.10,0.10,0.10,0.10,458830400
1997-12-24,0.10,0.10,0.10,0.10,97832000
1997-12-26,0.10,0.10,0.10,0.10,107878400
1997-12-29,0.10,0.10,0.10,0.10,278196800
1997-12-30,0.10,0.10,0.10,0.10,342507200
1997-12-31,0.10,0.10,0.10,0.10,406358400
1998-01-02,0.12,0.12,0.10,0.10,718110400
1998-01-05,0.12,0.12,0.11,0.12,651873600
1998-01-06,0.14,0.15,0.11,0.12,1812473600
1998-01-07,0.13,0.14,0.13,0.14,1041622400
1998-01-08,0.14,0.14,0.13,0.13,774020800
1998-01-09,0.14,0.14,0.13,0.14,886547200
1998-01-12,0.14,0.14,0.13,0.13,516398400
1998-01-13,0.15,0.15,0.14,0.14,636854400
1998-01-14,0.15,0.15,0.14,0.15,589265600
1998-01-15,0.14,0.15,0.14,0.14,559272000
1998-01-16,0.14,0.15,0.14,0.15,246355200
1998-01-20,0.14,0.14,0.14,0.14,241561600
1998-01-21,0.14,0.14,0.14,0.14,190209600
1998-01-22,0.14,0.15,0.14,0.14,329728000
1998-01-23,0.15,0.15,0.14,0.14,233161600
1998-01-26,0.15,0.15,0.14,0.15,146440000
1998-01-27,0.14,0.15,0.14,0.14,112235200
1998-01-28,0.14,0.14,0.14,0.14,151121600
1998-01-29,0.14,0.14,0.14,0.14,211881600
1998-01-30,0.14,0.14,0.14,0.14,162444800
1998-02-02,0.13,0.14,0.13,0.14,636742400
1998-02-03,0.14,0.14,0.13,0.13,402617600
1998-02-04,0.14,0.14,0.13,0.14,170195200
1998-02-05,0.14,0.14,0.13,0.14,238268800
1998-02-06,0.14,0.14,0.14,0.14,202339200
1998-02-09,0.14,0.15,0.14,0.14,494670400
1998-02-10,0.15,0.15,0.14,0.14,422016000
1998-02-11,0.14,0.15,0.14,0.15,211668800
1998-02-12,0.14,0.15,0.14,0.14,203750400
1998-02-13,0.15,0.15,0.14,0.14,207995200
1998-02-17,0.15,0.15,0.15,0.15,182750400
1998-02-18,0.15,0.16,0.15,0.15,494592000
1998-02-19,0.15,0.16,0.15,0.16,399660800
1998-02-20,0.15,0.15,0.15,0.15,325416000
1998-02-23,0.16,0.16,0.15,0.15,477489600
1998-02-24,0.16,0.16,0.16,0.16,456590400
1998-02-25,0.17,0.17,0.16,0.16,712667200
1998-02-26,0.18,0.18,0.16,0.17,595134400
1998-02-27,0.18,0.18,0.17,0.17,519601600
1998-03-02,0.17,0.18,0.17,0.18,400444800
1998-03-03,0.17,0.17,0.16,0.16,334073600
1998-03-04,0.18,0.19,0.17,0.17,817824000
1998-03-05,0.18,0.18,0.17,0.17,675124800
1998-03-06,0.18,0.18,0.17,0.18,666467200
1998-03-09,0.17,0.18,0.17,0.18,574929600
1998-03-10,0.18,0.18,0.17,0.17,712902400
1998-03-11,0.20,0.20,0.18,0.19,1214337600
1998-03-12,0.20,0.20,0.19,0.20,744363200
1998-03-13,0.20,0.20,0.20,0.20,566160000
1998-03-16,0.20,0.20,0.20,0.20,402360000
1998-03-17,0.20,0.20,0.19,0.20,410256000
1998-03-18,0.20,0.20,0.19,0.19,276998400
1998-03-19,0.20,0.20,0.20,0.20,160059200
1998-03-20,0.20,0.20,0.19,0.20,215476800
1998-03-23,0.20,0.20,0.18,0.19,414736000
1998-03-24,0.21,0.21,0.20,0.20,675931200
1998-03-25,0.20,0.21,0.20,0.21,387374400
1998-03-26,0.20,0.20,0.20,0.20,202966400
1998-03-27,0.20,0.20,0.20,0.20,255595200
1998-03-30,0.21,0.21,0.20,0.20,250700800
1998-03-31,0.21,0.21,0.20,0.21,266896000
1998-04-01,0.21,0.21,0.20,0.21,186883200
1998-04-02,0.20,0.21,0.20,0.20,194308800
1998-04-03,0.20,0.20,0.20,0.20,203067200
1998-04-06,0.20,0.20,0.20,0.20,347592000
1998-04-07,0.19,0.19,0.19,0.19,292700800
1998-04-08,0.19,0.19,0.18,0.19,225198400
1998-04-09,0.19,0.19,0.19,0.19,170307200
1998-04-13,0.20,0.20,0.19,0.19,288299200
1998-04-14,0.20,0.20,0.20,0.20,327846400
1998-04-15,0.21,0.21,0.20,0.20,557513600
1998-04-16,0.21,0.22,0.21,0.22,1837953600
1998-04-17,0.21,0.21,0.21,0.21,592166400
1998-04-20,0.22,0.22,0.21,0.21,517776000
1998-04-21,0.22,0.22,0.21,0.22,348028800
1998-04-22,0.21,0.22,0.21,0.21,284950400
1998-04-23,0.21,0.22,0.20,0.21,475294400
1998-04-24,0.21,0.21,0.21,0.21,215544000
1998-04-27,0.21,0.21,0.20,0.20,409796800
1998-04-28,0.20,0.21,0.20,0.21,237171200
1998-04-29,0.20,0.21,0.20,0.20,189537600
1998-04-30,0.20,0.21,0.20,0.20,179950400
1998-05-01,0.21,0.21,0.20,0.21,184072000
1998-05-04,0.22,0.22,0.22,0.22,571144000
1998-05-05,0.22,0.22,0.22,0.22,419283200
1998-05-06,0.23,0.23,0.22,0.22,897008000
1998-05-07,0.23,0.23,0.22,0.23,552899200
1998-05-08,0.23,0.23,0.22,0.22,270816000
1998-05-11,0.23,0.24,0.23,0.23,665022400
1998-05-12,0.23,0.23,0.22,0.23,257812800
1998-05-13,0.23,0.23,0.22,0.22,314417600
1998-05-14,0.22,0.23,0.22,0.23,162680000
1998-05-15,0.22,0.23,0.22,0.22,272585600
1998-05-18,0.21,0.22,0.21,0.22,232388800
1998-05-19,0.22,0.22,0.22,0.22,218265600
1998-05-20,0.22,0.22,0.21,0.22,190176000
1998-05-21,0.22,0.22,0.21,0.22,130995200
1998-05-22,0.21,0.21,0.20,0.21,266593600
1998-05-26,0.20,0.21,0.20,0.21,311774400
1998-05-27,0.20,0.20,0.19,0.19,370193600
1998-05-28,0.21,0.21,0.20,0.20,298491200
1998-05-29,0.20,0.21,0.20,0.21,216720000
1998-06-01,0.20,0.21,0.19,0.20,319692800
1998-06-02,0.20,0.20,0.19,0.20,179300800
1998-06-03,0.20,0.20,0.20,0.20,145140800
1998-06-04,0.20,0.20,0.19,0.20,156139200
1998-06-05,0.20,0.20,0.20,0.20,123323200
1998-06-08,0.20,0.21,0.20,0.20,126627200
1998-06-09,0.21,0.21,0.20,0.20,275744000
1998-06-10,0.21,0.22,0.21,0.21,229230400
1998-06-11,0.21,0.21,0.21,0.21,180118400
1998-06-12,0.21,0.21,0.20,0.21,223854400
1998-06-15,0.21,0.21,0.20,0.20,136662400
1998-06-16,0.21,0.21,0.20,0.21,129684800
1998-06-17,0.21,0.21,0.21,0.21,187174400
1998-06-18,0.20,0.21,0.20,0.21,119996800
1998-06-19,0.20,0.21,0.20,0.20,137558400
1998-06-22,0.20,0.21,0.20,0.20,134568000
1998-06-23,0.21,0.21,0.20,0.21,231056000
1998-06-24,0.21,0.21,0.20,0.21,273795200
1998-06-25,0.21,0.22,0.21,0.21,191811200
1998-06-26,0.21,0.21,0.21,0.21,111115200
1998-06-29,0.21,0.22,0.21,0.21,166185600
1998-06-30,0.21,0.22,0.21,0.21,131062400
1998-07-01,0.22,0.22,0.21,0.22,314115200
1998-07-02,0.22,0.22,0.22,0.22,298110400
1998-07-06,0.23,0.23,0.22,0.22,270950400
1998-07-07,0.23,0.23,0.22,0.23,241472000
1998-07-08,0.24,0.25,0.23,0.23,932814400
1998-07-09,0.24,0.25,0.24,0.25,566608000
1998-07-10,0.24,0.24,0.24,0.24,302523200
1998-07-13,0.25,0.26,0.24,0.24,715388800
1998-07-14,0.25,0.25,0.25,0.25,548531200
1998-07-15,0.26,0.26,0.25,0.25,594966400
1998-07-16,0.28,0.29,0.27,0.28,2561350400
1998-07-17,0.28,0.28,0.27,0.28,629552000
1998-07-20,0.27,0.27,0.27,0.27,383891200
1998-07-21,0.27,0.28,0.27,0.27,329504000
1998-07-22,0.26,0.27,0.26,0.26,280728000
1998-07-23,0.26,0.27,0.26,0.26,253131200
1998-07-24,0.26,0.27,0.25,0.26,271286400
1998-07-27,0.26,0.26,0.25,0.26,214233600
1998-07-28,0.25,0.26,0.25,0.25,225377600
1998-07-29,0.26,0.27,0.25,0.25,447720000
1998-07-30,0.27,0.27,0.27,0.27,362297600
1998-07-31,0.26,0.27,0.26,0.27,183108800
1998-08-03,0.26,0.27,0.25,0.26,301761600
1998-08-04,0.26,0.27,0.25,0.27,293921600
1998-08-05,0.27,0.27,0.25,0.25,454081600
1998-08-06,0.28,0.28,0.26,0.26,438614400
1998-08-07,0.27,0.28,0.27,0.28,298020800
1998-08-10,0.28,0.28,0.27,0.27,488600000
1998-08-11,0.29,0.31,0.28,0.28,1759475200
1998-08-12,0.30,0.31,0.30,0.30,689774400
1998-08-13,0.29,0.30,0.29,0.30,390779200
1998-08-14,0.30,0.30,0.30,0.30,450777600
1998-08-17,0.31,0.32,0.30,0.31,930876800
1998-08-18,0.32,0.32,0.32,0.32,605953600
1998-08-19,0.31,0.33,0.31,0.33,485990400
1998-08-20,0.30,0.31,0.30,0.31,391921600
1998-08-21,0.32,0.33,0.29,0.30,813377600
1998-08-24,0.31,0.33,0.30,0.32,610176000
1998-08-25,0.31,0.32,0.30,0.32,495566400
1998-08-26,0.30,0.31,0.30,0.30,406481600
1998-08-27,0.28,0.29,0.27,0.29,1114243200
1998-08-28,0.26,0.29,0.26,0.28,932254400
1998-08-31,0.23,0.26,0.23,0.26,868224000
1998-09-01,0.26,0.26,0.23,0.23,869075200
1998-09-02,0.27,0.28,0.26,0.27,843001600
1998-09-03,0.26,0.26,0.25,0.26,409752000
1998-09-04,0.26,0.27,0.25,0.27,377272000
1998-09-08,0.29,0.29,0.27,0.28,402796800
1998-09-09,0.28,0.29,0.28,0.28,354692800
1998-09-10,0.29,0.29,0.27,0.27,526881600
1998-09-11,0.28,0.30,0.28,0.29,352284800
1998-09-14,0.28,0.29,0.28,0.29,247072000
1998-09-15,0.29,0.29,0.27,0.27,433652800
1998-09-16,0.28,0.29,0.28,0.29,258876800
1998-09-17,0.27,0.28,0.27,0.27,269292800
1998-09-18,0.27,0.27,0.27,0.27,305076800
1998-09-21,0.28,0.28,0.26,0.27,295870400
1998-09-22,0.28,0.28,0.27,0.28,257936000
1998-09-23,0.29,0.29,0.27,0.28,287918400
1998-09-24,0.29,0.30,0.28,0.28,482843200
1998-09-25,0.29,0.29,0.28,0.29,228289600
1998-09-28,0.29,0.30,0.28,0.30,405417600
1998-09-29,0.30,0.30,0.29,0.29,305132800
1998-09-30,0.29,0.29,0.28,0.29,167182400
1998-10-01,0.27,0.28,0.26,0.27,370216000
1998-10-02,0.26,0.27,0.26,0.27,475574400
1998-10-05,0.24,0.26,0.24,0.25,551880000
1998-10-06,0.24,0.26,0.24,0.25,399862400
1998-10-07,0.24,0.25,0.24,0.24,473356800
1998-10-08,0.23,0.23,0.21,0.23,689214400
1998-10-09,0.26,0.26,0.23,0.24,668236800
1998-10-12,0.28,0.29,0.27,0.28,622899200
1998-10-13,0.29,0.29,0.27,0.28,941628800
1998-10-14,0.28,0.31,0.28,0.30,2280017600
1998-10-15,0.27,0.28,0.27,0.27,840672000
1998-10-16,0.27,0.28,0.27,0.28,615563200
1998-10-19,0.28,0.28,0.27,0.27,475776000
1998-10-20,0.27,0.29,0.27,0.28,382088000
1998-10-21,0.28,0.28,0.27,0.27,430617600
1998-10-22,0.27,0.28,0.27,0.28,317374400
1998-10-23,0.27,0.28,0.26,0.27,355980800
1998-10-26,0.28,0.28,0.27,0.27,475843200
1998-10-27,0.26,0.29,0.26,0.28,538193600
1998-10-28,0.28,0.28,0.26,0.26,363708800
1998-10-29,0.27,0.28,0.27,0.27,344579200
1998-10-30,0.28,0.28,0.27,0.28,317643200
1998-11-02,0.28,0.28,0.28,0.28,253769600
1998-11-03,0.28,0.29,0.28,0.28,370451200
1998-11-04,0.29,0.29,0.29,0.29,627883200
1998-11-05,0.29,0.29,0.28,0.29,607118400
1998-11-06,0.28,0.29,0.28,0.28,797339200
1998-11-09,0.27,0.29,0.27,0.28,660788800
1998-11-10,0.26,0.27,0.26,0.27,883982400
1998-11-11,0.25,0.27,0.24,0.27,948505600
1998-11-12,0.25,0.26,0.25,0.25,595100800
1998-11-13,0.27,0.27,0.26,0.26,791817600
1998-11-16,0.27,0.27,0.26,0.27,384529600
1998-11-17,0.26,0.27,0.26,0.27,210728000
1998-11-18,0.26,0.27,0.26,0.26,329660800
1998-11-19,0.27,0.28,0.26,0.27,346528000
1998-11-20,0.26,0.27,0.26,0.27,399224000
1998-11-23,0.27,0.28,0.26,0.27,577953600
1998-11-24,0.27,0.27,0.27,0.27,319748800
1998-11-25,0.26,0.27,0.26,0.27,303800000
1998-11-27,0.26,0.26,0.26,0.26,153104000
1998-11-30,0.24,0.26,0.24,0.26,561489600
1998-12-01,0.26,0.26,0.24,0.24,865737600
1998-12-02,0.27,0.28,0.25,0.26,962483200
1998-12-03,0.25,0.27,0.25,0.27,626046400
1998-12-04,0.24,0.26,0.24,0.26,721369600
1998-12-07,0.25,0.25,0.24,0.25,566596800
1998-12-08,0.24,0.25,0.24,0.25,680108800
1998-12-09,0.24,0.25,0.24,0.24,592916800
1998-12-10,0.24,0.25,0.24,0.24,391249600
1998-12-11,0.25,0.25,0.24,0.24,689998400
1998-12-14,0.24,0.25,0.24,0.25,501446400
1998-12-15,0.25,0.25,0.24,0.24,264712000
1998-12-16,0.25,0.26,0.24,0.25,374348800
1998-12-17,0.25,0.25,0.24,0.25,330612800
1998-12-18,0.26,0.26,0.25,0.25,791492800
1998-12-21,0.26,0.27,0.26,0.26,357448000
1998-12-22,0.28,0.29,0.27,0.27,1150800000
1998-12-23,0.30,0.30,0.29,0.29,1235035200
1998-12-24,0.29,0.30,0.29,0.30,199987200
1998-12-28,0.31,0.31,0.29,0.29,725312000
1998-12-29,0.31,0.31,0.30,0.31,387352000
1998-12-30,0.30,0.31,0.30,0.30,237361600
1998-12-31,0.31,0.31,0.30,0.30,271689600
1999-01-04,0.31,0.32,0.30,0.31,952884800
1999-01-05,0.32,0.33,0.31,0.31,1410113600
1999-01-06,0.31,0.33,0.31,0.33,1348569600
1999-01-07,0.34,0.34,0.31,0.32,1429019200
1999-01-08,0.34,0.35,0.33,0.35,678832000
1999-01-11,0.34,0.34,0.34,0.34,560974400
1999-01-12,0.34,0.35,0.33,0.35,820736000
1999-01-13,0.35,0.35,0.32,0.32,1047816000
1999-01-14,0.31,0.34,0.31,0.34,1723859200
1999-01-15,0.31,0.31,0.30,0.31,1006006400
1999-01-19,0.31,0.32,0.30,0.31,534889600
1999-01-20,0.30,0.31,0.30,0.31,778120000
1999-01-21,0.29,0.30,0.28,0.30,600488000
1999-01-22,0.29,0.30,0.28,0.28,345766400
1999-01-25,0.29,0.30,0.29,0.29,385336000
1999-01-26,0.30,0.31,0.30,0.30,560044800
1999-01-27,0.30,0.31,0.30,0.31,364952000
1999-01-28,0.31,0.31,0.30,0.31,336280000
1999-01-29,0.31,0.31,0.30,0.31,242715200
1999-02-01,0.31,0.31,0.30,0.31,278913600
1999-02-02,0.29,0.30,0.29,0.30,307160000
1999-02-03,0.30,0.30,0.29,0.29,338744000
1999-02-04,0.28,0.30,0.28,0.30,463780800
1999-02-05,0.27,0.29,0.27,0.29,777201600
1999-02-08,0.28,0.28,0.27,0.27,468227200
1999-02-09,0.28,0.29,0.28,0.28,701153600
1999-02-10,0.29,0.29,0.27,0.28,563628800
1999-02-11,0.30,0.30,0.29,0.29,565196800
1999-02-12,0.28,0.29,0.28,0.29,428904000
1999-02-16,0.29,0.29,0.28,0.29,300227200
1999-02-17,0.28,0.29,0.28,0.29,296060800
1999-02-18,0.27,0.28,0.27,0.28,500169600
1999-02-19,0.28,0.28,0.27,0.27,361692800
1999-02-22,0.29,0.29,0.28,0.28,298670400
1999-02-23,0.29,0.30,0.28,0.29,322179200
1999-02-24,0.28,0.29,0.28,0.29,212755200
1999-02-25,0.28,0.28,0.27,0.28,264600000
1999-02-26,0.26,0.28,0.26,0.27,667251200
1999-03-01,0.25,0.26,0.25,0.26,487827200
1999-03-02,0.26,0.26,0.25,0.26,683054400
1999-03-03,0.26,0.26,0.25,0.26,293350400
1999-03-04,0.25,0.26,0.24,0.26,367270400
1999-03-05,0.25,0.26,0.24,0.26,468036800
1999-03-08,0.26,0.26,0.25,0.25,550670400
1999-03-09,0.26,0.26,0.25,0.26,319692800
1999-03-10,0.24,0.26,0.24,0.26,546280000
1999-03-11,0.24,0.25,0.24,0.24,473659200
1999-03-12,0.25,0.25,0.24,0.24,271398400
1999-03-15,0.25,0.26,0.25,0.25,352161600
1999-03-16,0.27,0.27,0.26,0.26,399828800
1999-03-17,0.25,0.27,0.25,0.27,366318400
1999-03-18,0.27,0.27,0.26,0.26,227080000
1999-03-19,0.25,0.27,0.25,0.27,536502400
1999-03-22,0.26,0.26,0.25,0.25,593611200
1999-03-23,0.25,0.26,0.24,0.26,415553600
1999-03-24,0.25,0.25,0.24,0.25,400153600
1999-03-25,0.25,0.26,0.25,0.26,399963200
1999-03-26,0.25,0.25,0.25,0.25,253836800
1999-03-29,0.26,0.26,0.25,0.25,568870400
1999-03-30,0.27,0.27,0.26,0.26,554523200
1999-03-31,0.27,0.28,0.27,0.27,422352000
1999-04-01,0.27,0.27,0.27,0.27,262057600
1999-04-05,0.28,0.28,0.27,0.27,460936000
1999-04-06,0.28,0.29,0.28,0.28,628588800
1999-04-07,0.28,0.29,0.27,0.28,411812800
1999-04-08,0.28,0.28,0.27,0.28,296408000
1999-04-09,0.27,0.28,0.27,0.27,268542400
1999-04-12,0.27,0.28,0.26,0.26,395819200
1999-04-13,0.26,0.28,0.26,0.27,412384000
1999-04-14,0.27,0.28,0.26,0.26,681027200
1999-04-15,0.27,0.27,0.26,0.26,1734476800
1999-04-16,0.26,0.27,0.26,0.27,502219200
1999-04-19,0.25,0.27,0.25,0.27,921816000
1999-04-20,0.25,0.26,0.25,0.25,523857600
1999-04-21,0.26,0.26,0.25,0.25,351400000
1999-04-22,0.27,0.27,0.26,0.26,740174400
1999-04-23,0.29,0.29,0.27,0.27,1046841600
1999-04-26,0.31,0.31,0.29,0.30,927931200
1999-04-27,0.34,0.34,0.32,0.32,2106048000
1999-04-28,0.33,0.34,0.33,0.33,954990400
1999-04-29,0.32,0.33,0.31,0.32,789308800
1999-04-30,0.34,0.35,0.33,0.33,1472329600
1999-05-03,0.37,0.37,0.34,0.34,1470436800
1999-05-04,0.35,0.36,0.35,0.36,811238400
1999-05-05,0.35,0.35,0.33,0.35,579297600
1999-05-06,0.33,0.35,0.33,0.35,433148800
1999-05-07,0.34,0.34,0.32,0.33,434716800
1999-05-10,0.34,0.35,0.33,0.35,392996800
1999-05-11,0.33,0.35,0.33,0.34,458595200
1999-05-12,0.35,0.35,0.33,0.34,395124800
1999-05-13,0.35,0.35,0.34,0.35,295523200
1999-05-14,0.33,0.34,0.33,0.34,226632000
1999-05-17,0.33,0.33,0.32,0.33,210761600
1999-05-18,0.34,0.34,0.33,0.34,418376000
1999-05-19,0.34,0.34,0.33,0.34,298278400
1999-05-20,0.32,0.34,0.32,0.34,417715200
1999-05-21,0.33,0.33,0.32,0.32,463187200
1999-05-24,0.31,0.33,0.31,0.33,260926400
1999-05-25,0.31,0.32,0.31,0.31,366508800
1999-05-26,0.33,0.33,0.31,0.31,437550400
1999-05-27,0.33,0.33,0.32,0.32,336761600
1999-05-28,0.33,0.33,0.32,0.32,201129600
1999-06-01,0.34,0.34,0.33,0.34,461025600
1999-06-02,0.35,0.36,0.33,0.33,521057600
1999-06-03,0.35,0.36,0.35,0.35,488510400
1999-06-04,0.36,0.36,0.35,0.36,368681600
1999-06-07,0.37,0.37,0.36,0.36,418286400
1999-06-08,0.36,0.36,0.36,0.36,313656000
1999-06-09,0.36,0.36,0.35,0.35,353785600
1999-06-10,0.36,0.36,0.35,0.36,317049600
1999-06-11,0.35,0.36,0.35,0.36,185046400
1999-06-14,0.34,0.35,0.34,0.35,157080000
1999-06-15,0.34,0.35,0.34,0.34,130390400
1999-06-16,0.36,0.36,0.35,0.35,225019200
1999-06-17,0.35,0.36,0.34,0.36,224403200
1999-06-18,0.35,0.35,0.34,0.34,208062400
1999-06-21,0.35,0.35,0.34,0.35,135150400
1999-06-22,0.34,0.35,0.34,0.35,151076800
1999-06-23,0.33,0.34,0.33,0.34,531496000
1999-06-24,0.32,0.33,0.32,0.33,433361600
1999-06-25,0.32,0.32,0.31,0.32,294134400
1999-06-28,0.32,0.32,0.32,0.32,277692800
1999-06-29,0.34,0.34,0.32,0.32,380385600
1999-06-30,0.35,0.35,0.34,0.34,343268800
1999-07-01,0.34,0.35,0.34,0.35,149217600
1999-07-02,0.35,0.35,0.34,0.34,123681600
1999-07-06,0.35,0.36,0.34,0.34,453812800
1999-07-07,0.37,0.38,0.35,0.35,1099156800
1999-07-08,0.41,0.41,0.38,0.38,1625041600
1999-07-09,0.42,0.42,0.40,0.41,608697600
1999-07-12,0.41,0.42,0.41,0.41,303912000
1999-07-13,0.40,0.41,0.40,0.40,283259200
1999-07-14,0.42,0.42,0.41,0.41,624556800
1999-07-15,0.40,0.42,0.38,0.42,1691804800
1999-07-16,0.40,0.41,0.40,0.40,411499200
1999-07-19,0.41,0.42,0.39,0.40,561299200
1999-07-20,0.40,0.41,0.39,0.41,442075200
1999-07-21,0.40,0.41,0.40,0.40,718166400
1999-07-22,0.39,0.40,0.38,0.40,406728000
1999-07-23,0.40,0.40,0.39,0.39,229051200
1999-07-26,0.38,0.40,0.38,0.40,351187200
1999-07-27,0.40,0.40,0.39,0.39,395908800
1999-07-28,0.41,0.41,0.40,0.40,328910400
1999-07-29,0.40,0.41,0.40,0.40,275475200
1999-07-30,0.42,0.42,0.41,0.41,383140800
1999-08-02,0.42,0.43,0.41,0.42,362443200
1999-08-03,0.41,0.43,0.40,0.42,368379200
1999-08-04,0.40,0.42,0.40,0.41,371425600
1999-08-05,0.41,0.41,0.39,0.40,322537600
1999-08-06,0.40,0.41,0.40,0.40,435556800
1999-08-09,0.41,0.41,0.41,0.41,233284800
1999-08-10,0.41,0.42,0.40,0.40,416225600
1999-08-11,0.45,0.45,0.42,0.42,850337600
1999-08-12,0.45,0.46,0.44,0.44,666108800
1999-08-13,0.45,0.46,0.45,0.45,298435200
1999-08-16,0.45,0.45,0.44,0.45,276931200
1999-08-17,0.45,0.45,0.44,0.45,320936000
1999-08-18,0.45,0.46,0.45,0.45,468574400
1999-08-19,0.44,0.45,0.44,0.45,550020800
1999-08-20,0.44,0.44,0.44,0.44,327947200
1999-08-23,0.45,0.46,0.44,0.44,355566400
1999-08-24,0.45,0.45,0.45,0.45,502264000
1999-08-25,0.46,0.46,0.45,0.45,295164800
1999-08-26,0.46,0.47,0.46,0.46,404488000
1999-08-27,0.48,0.49,0.47,0.47,446835200
1999-08-30,0.46,0.49,0.46,0.49,336593600
1999-08-31,0.49,0.49,0.46,0.47,634547200
1999-09-01,0.51,0.51,0.49,0.50,788625600
1999-09-02,0.53,0.53,0.50,0.51,895148800
1999-09-03,0.55,0.56,0.53,0.54,1635267200
1999-09-07,0.57,0.58,0.55,0.55,984793600
1999-09-08,0.56,0.58,0.56,0.57,762204800
1999-09-09,0.57,0.57,0.55,0.56,534083200
1999-09-10,0.58,0.58,0.56,0.57,458763200
1999-09-13,0.56,0.58,0.56,0.58,252000000
1999-09-14,0.58,0.59,0.56,0.56,388292800
1999-09-15,0.56,0.59,0.56,0.59,359576000
1999-09-16,0.57,0.58,0.55,0.57,441884800
1999-09-17,0.58,0.58,0.57,0.58,277278400
1999-09-20,0.59,0.60,0.57,0.58,456668800
1999-09-21,0.52,0.55,0.52,0.55,3357558400
1999-09-22,0.53,0.54,0.52,0.52,1123169600
1999-09-23,0.47,0.53,0.47,0.53,1143755200
1999-09-24,0.49,0.50,0.47,0.47,1179875200
1999-09-27,0.46,0.50,0.46,0.50,948192000
1999-09-28,0.45,0.46,0.43,0.46,1414963200
1999-09-29,0.44,0.46,0.43,0.45,657283200
1999-09-30,0.47,0.48,0.44,0.45,908084800
1999-10-01,0.46,0.47,0.44,0.46,614790400
1999-10-04,0.48,0.49,0.47,0.47,459356800
1999-10-05,0.51,0.51,0.48,0.49,814206400
1999-10-06,0.50,0.52,0.50,0.52,804272000
1999-10-07,0.50,0.51,0.49,0.51,605886400
1999-10-08,0.49,0.50,0.47,0.49,382804800
1999-10-11,0.50,0.51,0.49,0.49,263121600
1999-10-12,0.51,0.52,0.50,0.51,563752000
1999-10-13,0.48,0.52,0.48,0.50,636731200
1999-10-14,0.55,0.55,0.52,0.52,1898803200
1999-10-15,0.56,0.57,0.52,0.53,1173177600
1999-10-18,0.55,0.56,0.53,0.55,776406400
1999-10-19,0.51,0.56,0.51,0.54,1022582400
1999-10-20,0.56,0.56,0.52,0.52,1081404800
1999-10-21,0.57,0.58,0.54,0.54,793452800
1999-10-22,0.55,0.58,0.55,0.58,419507200
1999-10-25,0.56,0.57,0.55,0.56,326592000
1999-10-26,0.56,0.56,0.55,0.56,361435200
1999-10-27,0.57,0.57,0.55,0.56,443072000
1999-10-28,0.58,0.59,0.57,0.58,504089600
1999-10-29,0.60,0.61,0.59,0.59,523051200
1999-11-01,0.58,0.60,0.58,0.60,278577600
1999-11-02,0.60,0.61,0.58,0.58,399235200
1999-11-03,0.61,0.62,0.61,0.61,328462400
1999-11-04,0.63,0.64,0.60,0.61,379086400
1999-11-05,0.66,0.66,0.63,0.63,416808000
1999-11-08,0.72,0.73,0.65,0.66,950924800
1999-11-09,0.67,0.71,0.66,0.71,809177600
1999-11-10,0.68,0.70,0.66,0.66,577897600
1999-11-11,0.69,0.69,0.67,0.68,269875200
1999-11-12,0.68,0.69,0.65,0.69,279059200
1999-11-15,0.67,0.69,0.66,0.67,259907200
1999-11-16,0.68,0.69,0.66,0.67,233856000
1999-11-17,0.67,0.71,0.67,0.68,364571200
1999-11-18,0.67,0.68,0.66,0.68,364784000
1999-11-19,0.69,0.69,0.66,0.67,312513600
1999-11-22,0.68,0.69,0.67,0.69,202361600
1999-11-23,0.69,0.71,0.66,0.69,543312000
1999-11-24,0.71,0.71,0.69,0.70,215107200
1999-11-26,0.71,0.71,0.70,0.71,132070400
1999-11-29,0.71,0.75,0.70,0.70,464161600
1999-11-30,0.73,0.78,0.73,0.73,843180800
1999-12-01,0.77,0.78,0.75,0.76,618564800
1999-12-02,0.82,0.83,0.76,0.77,567358400
1999-12-03,0.86,0.86,0.84,0.84,647920000
1999-12-06,0.87,0.88,0.83,0.86,466782400
1999-12-07,0.88,0.88,0.85,0.87,445020800
1999-12-08,0.82,0.88,0.82,0.87,412350400
1999-12-09,0.79,0.83,0.75,0.83,855198400
1999-12-10,0.77,0.82,0.74,0.79,637761600
1999-12-13,0.74,0.77,0.74,0.77,529961600
1999-12-14,0.71,0.75,0.71,0.74,435870400
1999-12-15,0.73,0.73,0.68,0.70,622977600
1999-12-16,0.74,0.74,0.70,0.73,463825600
1999-12-17,0.75,0.76,0.74,0.75,495006400
1999-12-20,0.73,0.74,0.72,0.74,283987200
1999-12-21,0.77,0.77,0.73,0.73,307596800
1999-12-22,0.75,0.78,0.74,0.77,327073600
1999-12-23,0.77,0.78,0.76,0.76,229532800
1999-12-27,0.74,0.78,0.74,0.78,168392000
1999-12-28,0.73,0.74,0.71,0.74,247576000
1999-12-29,0.75,0.76,0.71,0.72,284502400
1999-12-30,0.75,0.78,0.74,0.76,207144000
1999-12-31,0.77,0.77,0.74,0.75,163811200
2000-01-03,0.84,0.84,0.76,0.78,535796800
2000-01-04,0.77,0.83,0.76,0.81,512377600
2000-01-05,0.78,0.83,0.77,0.78,778321600
2000-01-06,0.71,0.80,0.71,0.79,767972800
2000-01-07,0.74,0.76,0.71,0.72,460734400
2000-01-10,0.73,0.76,0.71,0.76,505064000
2000-01-11,0.69,0.74,0.68,0.72,441548800
2000-01-12,0.65,0.71,0.65,0.71,976068800
2000-01-13,0.72,0.74,0.69,0.71,1032684800
2000-01-14,0.75,0.76,0.74,0.75,390376000
2000-01-18,0.78,0.79,0.75,0.76,459177600
2000-01-19,0.80,0.81,0.77,0.79,597643200
2000-01-20,0.85,0.91,0.85,0.86,1831132800
2000-01-21,0.83,0.85,0.82,0.85,495924800
2000-01-24,0.79,0.84,0.79,0.81,440876800
2000-01-25,0.84,0.85,0.77,0.79,497145600
2000-01-26,0.82,0.85,0.82,0.82,367158400
2000-01-27,0.82,0.84,0.80,0.81,340144000
2000-01-28,0.76,0.83,0.75,0.81,423348800
2000-01-31,0.78,0.78,0.71,0.76,701680000
2000-02-01,0.75,0.79,0.75,0.78,318035200
2000-02-02,0.74,0.76,0.73,0.75,464195200
2000-02-03,0.77,0.78,0.75,0.75,475193600
2000-02-04,0.81,0.82,0.77,0.78,425320000
2000-02-07,0.85,0.85,0.79,0.81,441067200
2000-02-08,0.86,0.87,0.83,0.85,408643200
2000-02-09,0.84,0.88,0.84,0.85,299364800
2000-02-10,0.85,0.85,0.82,0.84,302982400
2000-02-11,0.81,0.85,0.81,0.85,212251200
2000-02-14,0.87,0.87,0.81,0.82,367539200
2000-02-15,0.89,0.90,0.86,0.86,485744000
2000-02-16,0.85,0.88,0.84,0.88,378246400
2000-02-17,0.86,0.86,0.85,0.86,289497600
2000-02-18,0.83,0.86,0.83,0.86,233441600
2000-02-22,0.85,0.87,0.80,0.82,422296000
2000-02-23,0.87,0.89,0.83,0.85,473099200
2000-02-24,0.86,0.89,0.84,0.88,376432000
2000-02-25,0.83,0.87,0.82,0.86,249144000
2000-02-28,0.85,0.86,0.81,0.82,328328000
2000-02-29,0.86,0.88,0.84,0.85,368961600
2000-03-01,0.97,0.99,0.89,0.89,1077003200
2000-03-02,0.91,0.96,0.90,0.95,311259200
2000-03-03,0.96,0.96,0.90,0.93,323366400
2000-03-06,0.94,0.97,0.93,0.94,210560000
2000-03-07,0.92,0.95,0.91,0.95,273011200
2000-03-08,0.91,0.93,0.89,0.92,271230400
2000-03-09,0.91,0.93,0.88,0.90,276718400
2000-03-10,0.94,0.96,0.90,0.91,248606400
2000-03-13,0.91,0.95,0.89,0.91,303956800
2000-03-14,0.85,0.93,0.85,0.91,428579200
2000-03-15,0.87,0.90,0.85,0.86,443609600
2000-03-16,0.91,0.91,0.86,0.88,378100800
2000-03-17,0.93,0.93,0.89,0.90,305043200
2000-03-20,0.92,0.94,0.92,0.92,204489600
2000-03-21,1.01,1.02,0.91,0.92,524328000
2000-03-22,1.08,1.08,0.98,0.99,567996800
2000-03-23,1.06,1.12,1.05,1.06,562564800
2000-03-24,1.04,1.08,1.01,1.07,446913600
2000-03-27,1.04,1.08,1.02,1.03,279182400
2000-03-28,1.04,1.06,1.03,1.03,202966400
2000-03-29,1.02,1.04,1.00,1.04,239836800
2000-03-30,0.94,1.03,0.94,1.00,414400000
2000-03-31,1.02,1.03,0.94,0.95,404633600
2000-04-03,1.00,1.04,0.97,1.01,328563200
2000-04-04,0.95,0.99,0.87,0.99,660329600
2000-04-05,0.97,0.99,0.93,0.95,457665600
2000-04-06,0.94,1.01,0.92,0.98,259627200
2000-04-07,0.99,0.99,0.94,0.95,242435200
2000-04-10,0.93,0.99,0.93,0.98,212262400
2000-04-11,0.89,0.93,0.88,0.92,541822400
2000-04-12,0.82,0.89,0.78,0.89,941136000
2000-04-13,0.85,0.90,0.81,0.83,529827200
2000-04-14,0.84,0.88,0.82,0.82,667620800
2000-04-17,0.93,0.93,0.82,0.82,409561600
2000-04-18,0.95,0.95,0.89,0.92,390924800
2000-04-19,0.91,0.97,0.90,0.94,520150400
2000-04-20,0.89,0.93,0.88,0.92,722120000
2000-04-24,0.90,0.90,0.86,0.86,443620800
2000-04-25,0.96,0.96,0.91,0.91,391641600
2000-04-26,0.91,0.96,0.90,0.95,366912000
2000-04-27,0.95,0.95,0.87,0.88,326603200
2000-04-28,0.93,0.95,0.91,0.95,249580800
2000-05-01,0.93,0.94,0.91,0.93,226195200
2000-05-02,0.88,0.94,0.88,0.92,236432000
2000-05-03,0.86,0.91,0.83,0.89,489798400
2000-05-04,0.83,0.86,0.83,0.86,399515200
2000-05-05,0.85,0.86,0.83,0.83,284076800
2000-05-08,0.82,0.85,0.82,0.84,184900800
2000-05-09,0.79,0.83,0.78,0.82,327140800
2000-05-10,0.74,0.79,0.74,0.78,535091200
2000-05-11,0.77,0.78,0.74,0.76,499744000
2000-05-12,0.80,0.83,0.78,0.79,306913600
2000-05-15,0.76,0.81,0.75,0.81,678932800
2000-05-16,0.79,0.82,0.77,0.78,440451200
2000-05-17,0.76,0.78,0.75,0.77,398092800
2000-05-18,0.75,0.78,0.75,0.77,373777600
2000-05-19,0.70,0.74,0.70,0.74,740667200
2000-05-22,0.67,0.70,0.64,0.70,755507200
2000-05-23,0.64,0.70,0.64,0.68,517585600
2000-05-24,0.66,0.67,0.62,0.64,678462400
2000-05-25,0.65,0.69,0.64,0.66,406750400
2000-05-26,0.65,0.67,0.64,0.66,181148800
2000-05-30,0.65,0.66,0.61,0.66,713059200
2000-05-31,0.63,0.68,0.63,0.65,433507200
2000-06-01,0.67,0.67,0.60,0.61,903840000
2000-06-02,0.69,0.75,0.67,0.70,792848000
2000-06-05,0.68,0.71,0.67,0.70,323668800
2000-06-06,0.69,0.72,0.68,0.69,525481600
2000-06-07,0.72,0.73,0.69,0.70,337019200
2000-06-08,0.71,0.74,0.70,0.73,238526400
2000-06-09,0.72,0.73,0.71,0.72,252358400
2000-06-12,0.68,0.72,0.68,0.72,290337600
2000-06-13,0.71,0.71,0.66,0.68,351456000
2000-06-14,0.68,0.72,0.67,0.71,277446400
2000-06-15,0.69,0.70,0.67,0.68,248572800
2000-06-16,0.68,0.70,0.67,0.70,303564800
2000-06-19,0.72,0.73,0.67,0.68,394004800
2000-06-20,0.76,0.78,0.74,0.74,501390400
2000-06-21,0.83,0.85,0.75,0.76,490000000
2000-06-22,0.80,0.86,0.80,0.83,467712000
2000-06-23,0.77,0.82,0.76,0.80,204965600
2000-06-26,0.81,0.82,0.78,0.79,185354400
2000-06-27,0.77,0.83,0.77,0.80,203470400
2000-06-28,0.81,0.83,0.77,0.80,286428800
2000-06-29,0.77,0.81,0.76,0.79,203660800
2000-06-30,0.78,0.82,0.77,0.79,323097600
2000-07-03,0.80,0.81,0.78,0.78,70828800
2000-07-05,0.77,0.83,0.76,0.80,265216000
2000-07-06,0.77,0.79,0.74,0.79,309545600
2000-07-07,0.81,0.82,0.78,0.79,263603200
2000-07-10,0.85,0.87,0.80,0.81,397796000
2000-07-11,0.85,0.89,0.83,0.85,357896000
2000-07-12,0.88,0.88,0.84,0.87,225433600
2000-07-13,0.84,0.91,0.82,0.87,445659200
2000-07-14,0.86,0.88,0.85,0.85,190276800
2000-07-17,0.87,0.88,0.85,0.87,260002400
2000-07-18,0.86,0.88,0.85,0.87,318404800
2000-07-19,0.79,0.85,0.77,0.83,457872800
2000-07-20,0.82,0.85,0.81,0.82,465572800
2000-07-21,0.80,0.83,0.79,0.81,196235200
2000-07-24,0.73,0.79,0.71,0.79,412171200
2000-07-25,0.75,0.76,0.73,0.75,211607200
2000-07-26,0.75,0.77,0.74,0.75,210470400
2000-07-27,0.78,0.80,0.75,0.75,294985600
2000-07-28,0.72,0.79,0.70,0.78,237893600
2000-07-31,0.76,0.77,0.73,0.74,155299200
2000-08-01,0.74,0.77,0.74,0.75,137284000
2000-08-02,0.71,0.75,0.71,0.73,162355200
2000-08-03,0.72,0.72,0.66,0.68,339897600
2000-08-04,0.71,0.77,0.69,0.74,263121600
2000-08-07,0.72,0.73,0.71,0.72,187348000
2000-08-08,0.70,0.72,0.69,0.72,176674400
2000-08-09,0.71,0.72,0.71,0.72,379640800
2000-08-10,0.71,0.72,0.71,0.72,251714400
2000-08-11,0.71,0.72,0.68,0.70,238056000
2000-08-14,0.70,0.71,0.69,0.71,156660000
2000-08-15,0.70,0.72,0.70,0.71,114200800
2000-08-16,0.73,0.73,0.70,0.70,143673600
2000-08-17,0.77,0.78,0.72,0.72,270900000
2000-08-18,0.75,0.77,0.75,0.77,190176000
2000-08-21,0.76,0.77,0.74,0.75,134467200
2000-08-22,0.77,0.79,0.75,0.76,276802400
2000-08-23,0.81,0.82,0.76,0.77,236863200
2000-08-24,0.84,0.85,0.80,0.82,310766400
2000-08-25,0.85,0.86,0.84,0.84,334460000
2000-08-28,0.87,0.88,0.85,0.86,359004800
2000-08-29,0.89,0.89,0.86,0.87,267030400
2000-08-30,0.89,0.90,0.88,0.88,285392800
2000-08-31,0.91,0.92,0.88,0.88,419596800
2000-09-01,0.95,0.95,0.91,0.92,256872000
2000-09-05,0.93,0.96,0.93,0.94,298642400
2000-09-06,0.87,0.93,0.86,0.92,355404000
2000-09-07,0.93,0.94,0.87,0.88,217464800
2000-09-08,0.88,0.92,0.87,0.92,195518400
2000-09-11,0.87,0.90,0.87,0.88,187381600
2000-09-12,0.86,0.90,0.85,0.86,187997600
2000-09-13,0.87,0.89,0.85,0.85,305984000
2000-09-14,0.85,0.89,0.85,0.88,426552000
2000-09-15,0.83,0.87,0.81,0.86,394514400
2000-09-18,0.91,0.91,0.82,0.83,424536000
2000-09-19,0.90,0.90,0.88,0.89,271510400
2000-09-20,0.91,0.92,0.88,0.89,227388000
2000-09-21,0.85,0.89,0.83,0.87,510490400
2000-09-22,0.78,0.78,0.75,0.75,726700800
2000-09-25,0.80,0.83,0.78,0.79,435551200
2000-09-26,0.77,0.82,0.77,0.80,290936800
2000-09-27,0.73,0.79,0.72,0.77,402259200
2000-09-28,0.80,0.80,0.72,0.74,979585600
2000-09-29,0.39,0.43,0.38,0.42,7421640800
2000-10-02,0.36,0.40,0.35,0.40,2424788800
2000-10-03,0.33,0.37,0.33,0.37,2038120000
2000-10-04,0.35,0.36,0.33,0.33,1466024000
2000-10-05,0.33,0.37,0.33,0.35,873006400
2000-10-06,0.33,0.34,0.31,0.34,612656800
2000-10-09,0.33,0.34,0.32,0.34,597564800
2000-10-10,0.31,0.34,0.31,0.32,691101600
2000-10-11,0.29,0.31,0.29,0.30,1198422400
2000-10-12,0.30,0.31,0.29,0.30,1191064000
2000-10-13,0.33,0.33,0.30,0.30,1247752800
2000-10-16,0.32,0.35,0.32,0.33,820176000
2000-10-17,0.30,0.33,0.29,0.32,601720000
2000-10-18,0.30,0.31,0.28,0.29,834265600
2000-10-19,0.28,0.30,0.27,0.29,1506724800
2000-10-20,0.29,0.30,0.28,0.29,791263200
2000-10-23,0.30,0.31,0.29,0.30,551292000
2000-10-24,0.28,0.31,0.28,0.31,804451200
2000-10-25,0.28,0.29,0.28,0.29,663969600
2000-10-26,0.28,0.28,0.26,0.28,721851200
2000-10-27,0.28,0.29,0.27,0.28,744503200
2000-10-30,0.29,0.30,0.28,0.29,639189600
2000-10-31,0.29,0.30,0.29,0.30,885880800
2000-11-01,0.31,0.31,0.29,0.29,575366400
2000-11-02,0.33,0.34,0.31,0.32,590693600
2000-11-03,0.33,0.34,0.33,0.34,515821600
2000-11-06,0.32,0.34,0.31,0.34,393478400
2000-11-07,0.32,0.33,0.31,0.32,301963200
2000-11-08,0.30,0.32,0.30,0.32,422088800
2000-11-09,0.30,0.31,0.29,0.30,476834400
2000-11-10,0.29,0.30,0.29,0.29,422251200
2000-11-13,0.29,0.30,0.27,0.28,431816000
2000-11-14,0.30,0.31,0.29,0.30,409001600
2000-11-15,0.30,0.30,0.29,0.30,282357600
2000-11-16,0.28,0.30,0.28,0.29,239372000
2000-11-17,0.28,0.29,0.27,0.29,446180000
2000-11-20,0.28,0.29,0.27,0.28,408066400
2000-11-21,0.28,0.29,0.28,0.29,301952000
2000-11-22,0.28,0.29,0.27,0.28,280532000
2000-11-24,0.29,0.29,0.28,0.28,160932800
2000-11-27,0.28,0.30,0.28,0.30,258792800
2000-11-28,0.27,0.28,0.27,0.28,269124800
2000-11-29,0.26,0.27,0.26,0.27,492150400
2000-11-30,0.25,0.25,0.24,0.25,809597600
2000-12-01,0.26,0.26,0.25,0.25,385705600
2000-12-04,0.25,0.26,0.25,0.26,371520800
2000-12-05,0.25,0.26,0.24,0.25,613978400
2000-12-06,0.21,0.22,0.21,0.22,1374464000
2000-12-07,0.21,0.22,0.21,0.22,408917600
2000-12-08,0.23,0.23,0.22,0.22,435624000
2000-12-11,0.23,0.23,0.22,0.23,332511200
2000-12-12,0.23,0.24,0.22,0.23,386260000
2000-12-13,0.22,0.23,0.22,0.23,344887200
2000-12-14,0.22,0.23,0.22,0.22,263317600
2000-12-15,0.21,0.22,0.21,0.22,513945600
2000-12-18,0.21,0.22,0.21,0.22,325808000
2000-12-19,0.21,0.23,0.21,0.21,374007200
2000-12-20,0.21,0.22,0.20,0.21,565331200
2000-12-21,0.21,0.22,0.21,0.21,366844800
2000-12-22,0.22,0.22,0.21,0.21,318052000
2000-12-26,0.22,0.22,0.21,0.22,216815200
2000-12-27,0.22,0.22,0.21,0.21,325466400
2000-12-28,0.22,0.22,0.21,0.21,305177600
2000-12-29,0.22,0.22,0.22,0.22,630336000
2001-01-02,0.22,0.23,0.22,0.22,452312000
2001-01-03,0.24,0.25,0.22,0.22,817073600
2001-01-04,0.26,0.28,0.25,0.27,739396000
2001-01-05,0.24,0.26,0.24,0.25,412356000
2001-01-08,0.25,0.25,0.24,0.25,373699200
2001-01-09,0.26,0.26,0.25,0.25,588929600
2001-01-10,0.25,0.25,0.24,0.25,580781600
2001-01-11,0.27,0.28,0.24,0.24,803734400
2001-01-12,0.26,0.27,0.26,0.27,423376800
2001-01-16,0.26,0.27,0.25,0.26,306118400
2001-01-17,0.25,0.26,0.25,0.26,840873600
2001-01-18,0.28,0.28,0.26,0.27,1227010400
2001-01-19,0.29,0.29,0.28,0.29,776664000
2001-01-22,0.29,0.29,0.28,0.29,519327200
2001-01-23,0.31,0.31,0.29,0.29,879530400
2001-01-24,0.31,0.31,0.29,0.31,717091200
2001-01-25,0.30,0.31,0.30,0.31,489708800
2001-01-26,0.29,0.30,0.29,0.29,482820800
2001-01-29,0.32,0.33,0.29,0.29,855528800
2001-01-30,0.33,0.33,0.31,0.32,692423200
2001-01-31,0.32,0.34,0.32,0.32,730704800
2001-02-01,0.32,0.32,0.31,0.31,369695200
2001-02-02,0.31,0.33,0.31,0.32,427341600
2001-02-05,0.30,0.31,0.30,0.31,286115200
2001-02-06,0.32,0.32,0.30,0.30,462711200
2001-02-07,0.31,0.31,0.30,0.31,393887200
2001-02-08,0.31,0.31,0.30,0.31,604128000
2001-02-09,0.29,0.31,0.28,0.31,590083200
2001-02-12,0.29,0.30,0.28,0.29,274120000
2001-02-13,0.29,0.31,0.28,0.30,237070400
2001-02-14,0.29,0.29,0.28,0.29,309120000
2001-02-15,0.30,0.31,0.29,0.29,311416000
2001-02-16,0.28,0.29,0.28,0.28,263911200
2001-02-20,0.27,0.29,0.27,0.29,314893600
2001-02-21,0.28,0.30,0.27,0.27,390258400
2001-02-22,0.28,0.29,0.27,0.29,431961600
2001-02-23,0.28,0.28,0.27,0.28,293865600
2001-02-26,0.29,0.29,0.28,0.29,206438400
2001-02-27,0.29,0.29,0.28,0.29,348516000
2001-02-28,0.27,0.29,0.27,0.29,508233600
2001-03-01,0.28,0.28,0.26,0.27,330461600
2001-03-02,0.29,0.31,0.27,0.27,406201600
2001-03-05,0.30,0.31,0.29,0.29,324172800
2001-03-06,0.32,0.33,0.31,0.31,731802400
2001-03-07,0.32,0.32,0.31,0.32,419540800
2001-03-08,0.31,0.32,0.31,0.31,204859200
2001-03-09,0.30,0.31,0.30,0.31,299135200
2001-03-12,0.28,0.30,0.27,0.29,391020000
2001-03-13,0.29,0.29,0.27,0.28,443329600
2001-03-14,0.31,0.31,0.28,0.28,477775200
2001-03-15,0.29,0.32,0.29,0.31,529317600
2001-03-16,0.29,0.30,0.28,0.28,470316000
2001-03-19,0.31,0.31,0.29,0.30,356008800
2001-03-20,0.29,0.31,0.29,0.31,499206400
2001-03-21,0.30,0.31,0.29,0.30,371375200
2001-03-22,0.32,0.33,0.30,0.30,723301600
2001-03-23,0.34,0.35,0.33,0.33,944888000
2001-03-26,0.33,0.36,0.32,0.35,734451200
2001-03-27,0.34,0.34,0.33,0.33,543821600
2001-03-28,0.33,0.34,0.32,0.33,584662400
2001-03-29,0.34,0.35,0.32,0.33,613065600
2001-03-30,0.33,0.34,0.32,0.34,400349600
2001-04-02,0.32,0.34,0.32,0.33,340911200
2001-04-03,0.30,0.32,0.30,0.32,368687200
2001-04-04,0.29,0.30,0.28,0.30,685484800
2001-04-05,0.31,0.34,0.30,0.31,446762400
2001-04-06,0.31,0.31,0.30,0.31,324889600
2001-04-09,0.31,0.32,0.30,0.31,266582400
2001-04-10,0.33,0.34,0.31,0.31,457374400
2001-04-11,0.33,0.34,0.32,0.34,334096000
2001-04-12,0.34,0.34,0.32,0.32,298933600
2001-04-16,0.32,0.33,0.31,0.33,285224800
2001-04-17,0.31,0.32,0.29,0.32,685199200
2001-04-18,0.34,0.36,0.32,0.32,1100842400
2001-04-19,0.38,0.39,0.35,0.38,1873670400
2001-04-20,0.37,0.38,0.37,0.37,693403200
2001-04-23,0.36,0.37,0.36,0.36,541525600
2001-04-24,0.36,0.37,0.35,0.36,377137600
2001-04-25,0.37,0.37,0.35,0.36,330780800
2001-04-26,0.37,0.39,0.37,0.38,799696800
2001-04-27,0.39,0.39,0.37,0.38,453012000
2001-04-30,0.38,0.41,0.37,0.40,494776800
2001-05-01,0.39,0.40,0.38,0.38,427252000
2001-05-02,0.40,0.40,0.39,0.39,368524800
2001-05-03,0.37,0.39,0.37,0.39,301543200
2001-05-04,0.39,0.39,0.36,0.36,281052800
2001-05-07,0.37,0.39,0.37,0.38,276550400
2001-05-08,0.37,0.38,0.36,0.38,315436800
2001-05-09,0.36,0.37,0.35,0.36,324889600
2001-05-10,0.34,0.37,0.34,0.36,288976800
2001-05-11,0.34,0.35,0.34,0.34,203044800
2001-05-14,0.35,0.35,0.34,0.34,309220800
2001-05-15,0.35,0.38,0.34,0.35,237025600
2001-05-16,0.36,0.37,0.34,0.35,322330400
2001-05-17,0.35,0.36,0.35,0.36,332119200
2001-05-18,0.35,0.35,0.35,0.35,159051200
2001-05-21,0.35,0.36,0.34,0.35,460997600
2001-05-22,0.35,0.36,0.35,0.36,412916000
2001-05-23,0.35,0.36,0.34,0.36,281041600
2001-05-24,0.35,0.35,0.34,0.35,271756800
2001-05-25,0.34,0.35,0.34,0.35,158743200
2001-05-29,0.32,0.34,0.31,0.33,515989600
2001-05-30,0.30,0.31,0.29,0.31,777078400
2001-05-31,0.30,0.30,0.29,0.30,442892800
2001-06-01,0.31,0.32,0.30,0.30,456075200
2001-06-04,0.31,0.32,0.31,0.32,281920800
2001-06-05,0.31,0.32,0.30,0.31,471794400
2001-06-06,0.31,0.31,0.30,0.31,223176800
2001-06-07,0.32,0.32,0.31,0.31,325180800
2001-06-08,0.32,0.32,0.31,0.32,342624800
2001-06-11,0.30,0.32,0.30,0.31,294000000
2001-06-12,0.30,0.31,0.30,0.30,303794400
2001-06-13,0.31,0.32,0.30,0.32,511487200
2001-06-14,0.30,0.31,0.30,0.30,297348800
2001-06-15,0.31,0.31,0.29,0.30,454624800
2001-06-18,0.30,0.31,0.30,0.31,345912000
2001-06-19,0.30,0.32,0.30,0.31,321087200
2001-06-20,0.32,0.33,0.30,0.30,431620000
2001-06-21,0.34,0.34,0.32,0.32,341331200
2001-06-22,0.33,0.34,0.33,0.34,286025600
2001-06-25,0.36,0.36,0.34,0.34,439549600
2001-06-26,0.36,0.36,0.34,0.35,272781600
2001-06-27,0.35,0.36,0.34,0.36,374130400
2001-06-28,0.35,0.36,0.34,0.34,348409600
2001-06-29,0.35,0.38,0.35,0.35,515390400
2001-07-02,0.36,0.36,0.35,0.35,230048000
2001-07-03,0.36,0.36,0.35,0.35,112543200
2001-07-05,0.35,0.36,0.34,0.35,152292000
2001-07-06,0.33,0.34,0.32,0.34,302920800
2001-07-09,0.34,0.34,0.32,0.33,337467200
2001-07-10,0.32,0.35,0.31,0.34,395270400
2001-07-11,0.34,0.34,0.31,0.31,470506400
2001-07-12,0.36,0.37,0.35,0.35,614801600
2001-07-13,0.37,0.37,0.36,0.36,454742400
2001-07-16,0.36,0.38,0.36,0.37,278667200
2001-07-17,0.38,0.38,0.34,0.36,647830400
2001-07-18,0.31,0.34,0.31,0.33,1137012800
2001-07-19,0.30,0.32,0.30,0.32,861140000
2001-07-20,0.30,0.30,0.29,0.29,444584000
2001-07-23,0.29,0.31,0.29,0.30,241360000
2001-07-24,0.29,0.30,0.28,0.29,348376000
2001-07-25,0.28,0.29,0.27,0.29,443878400
2001-07-26,0.28,0.28,0.27,0.28,369140800
2001-07-27,0.28,0.29,0.28,0.28,334135200
2001-07-30,0.28,0.29,0.28,0.29,243359200
2001-07-31,0.28,0.29,0.28,0.29,235026400
2001-08-01,0.29,0.30,0.28,0.28,304136000
2001-08-02,0.30,0.30,0.29,0.29,252089600
2001-08-03,0.29,0.30,0.28,0.30,186054400
2001-08-06,0.29,0.29,0.28,0.28,99652000
2001-08-07,0.29,0.29,0.28,0.29,168548800
2001-08-08,0.28,0.29,0.28,0.29,276169600
2001-08-09,0.28,0.29,0.28,0.28,200664800
2001-08-10,0.28,0.29,0.28,0.28,186961600
2001-08-13,0.29,0.29,0.28,0.29,147996800
2001-08-14,0.28,0.29,0.28,0.29,228950400
2001-08-15,0.28,0.28,0.27,0.28,289279200
2001-08-16,0.28,0.28,0.27,0.27,288092000
2001-08-17,0.27,0.28,0.27,0.27,208426400
2001-08-20,0.27,0.27,0.27,0.27,252302400
2001-08-21,0.27,0.27,0.26,0.27,185701600
2001-08-22,0.27,0.27,0.26,0.27,173975200
2001-08-23,0.27,0.27,0.26,0.27,217078400
2001-08-24,0.28,0.28,0.26,0.27,290332000
2001-08-27,0.28,0.29,0.27,0.28,175644000
2001-08-28,0.28,0.29,0.28,0.28,171735200
2001-08-29,0.27,0.28,0.27,0.28,239971200
2001-08-30,0.27,0.27,0.26,0.27,368692800
2001-08-31,0.28,0.28,0.26,0.27,216904800
2001-09-04,0.27,0.29,0.27,0.28,348213600
2001-09-05,0.28,0.28,0.27,0.27,360057600
2001-09-06,0.26,0.28,0.26,0.28,282368800
2001-09-07,0.26,0.27,0.26,0.26,241830400
2001-09-10,0.26,0.26,0.25,0.25,308845600
2001-09-17,0.25,0.26,0.24,0.24,458007200
2001-09-18,0.24,0.26,0.24,0.25,327101600
2001-09-19,0.25,0.26,0.23,0.25,373318400
2001-09-20,0.23,0.25,0.23,0.24,411174400
2001-09-21,0.24,0.24,0.22,0.22,570516800
2001-09-24,0.25,0.25,0.24,0.24,294537600
2001-09-25,0.23,0.24,0.23,0.24,374404800
2001-09-26,0.23,0.24,0.22,0.24,493796800
2001-09-27,0.23,0.24,0.23,0.23,322240800
2001-09-28,0.23,0.24,0.23,0.23,365108800
2001-10-01,0.23,0.24,0.23,0.23,208208000
2001-10-02,0.23,0.24,0.22,0.23,235883200
2001-10-03,0.22,0.23,0.22,0.22,683043200
2001-10-04,0.24,0.24,0.22,0.23,401122400
2001-10-05,0.24,0.24,0.22,0.23,342686400
2001-10-08,0.24,0.24,0.23,0.23,207984000
2001-10-09,0.24,0.24,0.23,0.24,174025600
2001-10-10,0.25,0.25,0.24,0.24,307759200
2001-10-11,0.27,0.27,0.25,0.25,334163200
2001-10-12,0.27,0.27,0.25,0.26,287812000
2001-10-15,0.27,0.27,0.27,0.27,318752000
2001-10-16,0.27,0.27,0.27,0.27,202949600
2001-10-17,0.25,0.28,0.25,0.27,285538400
2001-10-18,0.27,0.27,0.26,0.26,612572800
2001-10-19,0.27,0.28,0.27,0.27,166790400
2001-10-22,0.28,0.29,0.27,0.27,391938400
2001-10-23,0.27,0.29,0.27,0.29,684980800
2001-10-24,0.28,0.29,0.27,0.27,374427200
2001-10-25,0.29,0.29,0.27,0.28,254951200
2001-10-26,0.28,0.29,0.28,0.28,278964000
2001-10-29,0.26,0.28,0.26,0.28,239181600
2001-10-30,0.26,0.27,0.26,0.26,276763200
2001-10-31,0.26,0.28,0.26,0.27,273750400
2001-11-01,0.28,0.28,0.26,0.26,312995200
2001-11-02,0.28,0.28,0.27,0.28,197204000
2001-11-05,0.29,0.29,0.28,0.28,235793600
2001-11-06,0.29,0.29,0.28,0.28,316019200
2001-11-07,0.29,0.30,0.29,0.29,382989600
2001-11-08,0.28,0.30,0.28,0.29,342143200
2001-11-09,0.28,0.29,0.28,0.28,134293600
2001-11-12,0.28,0.29,0.27,0.28,201499200
2001-11-13,0.29,0.29,0.28,0.29,224672000
2001-11-14,0.29,0.30,0.29,0.29,221149600
2001-11-15,0.29,0.30,0.29,0.29,213029600
2001-11-16,0.28,0.29,0.28,0.29,230664000
2001-11-19,0.30,0.30,0.28,0.28,332589600
2001-11-20,0.29,0.30,0.29,0.30,276584000
2001-11-21,0.29,0.30,0.29,0.29,201583200
2001-11-23,0.30,0.30,0.29,0.29,60004000
2001-11-26,0.32,0.32,0.30,0.30,460689600
2001-11-27,0.31,0.32,0.31,0.32,268553600
2001-11-28,0.31,0.32,0.31,0.31,250611200
2001-11-29,0.31,0.31,0.30,0.31,202764800
2001-11-30,0.32,0.32,0.30,0.31,303912000
2001-12-03,0.31,0.32,0.31,0.31,181165600
2001-12-04,0.33,0.34,0.31,0.31,380419200
2001-12-05,0.36,0.36,0.33,0.33,568579200
2001-12-06,0.34,0.35,0.33,0.35,338934400
2001-12-07,0.34,0.34,0.33,0.34,203515200
2001-12-10,0.34,0.34,0.33,0.33,170010400
2001-12-11,0.33,0.34,0.32,0.34,205475200
2001-12-12,0.32,0.33,0.32,0.33,192460800
2001-12-13,0.31,0.32,0.31,0.32,197842400
2001-12-14,0.30,0.31,0.30,0.31,189884800
2001-12-17,0.31,0.31,0.30,0.31,173712000
2001-12-18,0.31,0.32,0.30,0.31,235239200
2001-12-19,0.32,0.32,0.31,0.31,289956800
2001-12-20,0.31,0.32,0.31,0.32,220864000
2001-12-21,0.31,0.32,0.31,0.31,256334400
2001-12-24,0.32,0.32,0.31,0.31,50629600
2001-12-26,0.32,0.33,0.32,0.32,146400800
2001-12-27,0.33,0.33,0.32,0.32,191508800
2001-12-28,0.34,0.34,0.33,0.33,299124000
2001-12-31,0.33,0.34,0.33,0.34,137782400
2002-01-02,0.35,0.35,0.33,0.33,529496800
2002-01-03,0.35,0.36,0.34,0.34,612007200
2002-01-04,0.35,0.36,0.34,0.35,409976000
2002-01-07,0.34,0.36,0.34,0.35,444584000
2002-01-08,0.34,0.34,0.34,0.34,450038400
2002-01-09,0.32,0.34,0.32,0.34,327835200
2002-01-10,0.32,0.32,0.30,0.32,452737600
2002-01-11,0.31,0.33,0.31,0.32,348801600
2002-01-14,0.32,0.32,0.31,0.31,415996000
2002-01-15,0.32,0.33,0.32,0.32,290320800
2002-01-16,0.31,0.32,0.31,0.32,566893600
2002-01-17,0.34,0.34,0.33,0.33,660576000
2002-01-18,0.33,0.34,0.33,0.33,338811200
2002-01-22,0.33,0.33,0.33,0.33,327314400
2002-01-23,0.34,0.34,0.32,0.33,443279200
2002-01-24,0.35,0.35,0.34,0.34,344002400
2002-01-25,0.35,0.35,0.34,0.34,185914400
2002-01-28,0.35,0.35,0.34,0.35,186446400
2002-01-29,0.35,0.35,0.34,0.35,240324000
2002-01-30,0.36,0.36,0.34,0.35,471576000
2002-01-31,0.37,0.37,0.36,0.36,468445600
2002-02-01,0.37,0.37,0.36,0.36,398305600
2002-02-04,0.38,0.38,0.36,0.36,522373600
2002-02-05,0.38,0.39,0.38,0.38,456887200
2002-02-06,0.37,0.39,0.36,0.38,597576000
2002-02-07,0.36,0.38,0.36,0.37,347832800
2002-02-08,0.36,0.37,0.35,0.36,355331200
2002-02-11,0.37,0.37,0.36,0.36,398602400
2002-02-12,0.37,0.37,0.37,0.37,224280000
2002-02-13,0.37,0.38,0.37,0.37,312872000
2002-02-14,0.37,0.38,0.36,0.37,260170400
2002-02-15,0.36,0.37,0.36,0.37,260187200
2002-02-19,0.34,0.36,0.34,0.36,390258400
2002-02-20,0.35,0.35,0.33,0.34,285443200
2002-02-21,0.32,0.34,0.32,0.34,446751200
2002-02-22,0.34,0.34,0.32,0.32,406476000
2002-02-25,0.36,0.37,0.33,0.34,426848800
2002-02-26,0.35,0.36,0.35,0.36,260131200
2002-02-27,0.33,0.36,0.31,0.36,1030159200
2002-02-28,0.32,0.34,0.32,0.33,456937600
2002-03-01,0.35,0.35,0.33,0.33,348992000
2002-03-04,0.36,0.37,0.34,0.35,348258400
2002-03-05,0.35,0.37,0.35,0.36,274702400
2002-03-06,0.36,0.36,0.34,0.35,226206400
2002-03-07,0.36,0.37,0.35,0.36,258249600
2002-03-08,0.37,0.38,0.36,0.37,269774400
2002-03-11,0.37,0.38,0.36,0.37,262785600
2002-03-12,0.37,0.37,0.36,0.37,254055200
2002-03-13,0.37,0.37,0.36,0.36,200765600
2002-03-14,0.37,0.37,0.36,0.36,217296800
2002-03-15,0.37,0.37,0.36,0.37,240900800
2002-03-18,0.37,0.37,0.36,0.37,304556000
2002-03-19,0.37,0.38,0.36,0.37,242345600
2002-03-20,0.37,0.38,0.37,0.37,294319200
2002-03-21,0.36,0.36,0.35,0.36,616352800
2002-03-22,0.36,0.37,0.36,0.36,202193600
2002-03-25,0.35,0.36,0.35,0.36,262830400
2002-03-26,0.35,0.35,0.34,0.35,257840800
2002-03-27,0.35,0.35,0.35,0.35,127702400
2002-03-28,0.35,0.36,0.35,0.35,108455200
2002-04-01,0.37,0.37,0.35,0.35,199046400
2002-04-02,0.36,0.36,0.36,0.36,203795200
2002-04-03,0.36,0.37,0.35,0.36,214530400
2002-04-04,0.37,0.37,0.35,0.35,338497600
2002-04-05,0.37,0.38,0.36,0.37,278348000
2002-04-08,0.37,0.37,0.36,0.36,261514400
2002-04-09,0.36,0.37,0.36,0.37,191531200
2002-04-10,0.37,0.37,0.36,0.36,224980000
2002-04-11,0.37,0.38,0.37,0.37,407254400
2002-04-12,0.37,0.38,0.37,0.37,320241600
2002-04-15,0.37,0.38,0.37,0.37,299370400
2002-04-16,0.38,0.39,0.38,0.38,614577600
2002-04-17,0.39,0.39,0.38,0.39,396250400
2002-04-18,0.38,0.38,0.37,0.38,401710400
2002-04-19,0.37,0.38,0.37,0.38,375407200
2002-04-22,0.37,0.37,0.36,0.37,269427200
2002-04-23,0.36,0.37,0.36,0.37,233469600
2002-04-24,0.36,0.37,0.35,0.36,140448000
2002-04-25,0.36,0.36,0.35,0.35,194202400
2002-04-26,0.34,0.36,0.34,0.36,304981600
2002-04-29,0.36,0.36,0.35,0.35,272288800
2002-04-30,0.36,0.36,0.36,0.36,280963200
2002-05-01,0.36,0.36,0.35,0.36,214704000
2002-05-02,0.35,0.36,0.35,0.36,239344000
2002-05-03,0.35,0.36,0.35,0.35,230781600
2002-05-06,0.34,0.35,0.34,0.35,249664800
2002-05-07,0.34,0.34,0.33,0.34,242748800
2002-05-08,0.36,0.37,0.34,0.35,436682400
2002-05-09,0.36,0.36,0.36,0.36,224616000
2002-05-10,0.35,0.36,0.34,0.36,235396000
2002-05-13,0.36,0.36,0.34,0.35,265608000
2002-05-14,0.38,0.38,0.36,0.37,526506400
2002-05-15,0.38,0.39,0.37,0.38,335826400
2002-05-16,0.38,0.38,0.37,0.37,227052000
2002-05-17,0.37,0.39,0.37,0.38,236493600
2002-05-20,0.37,0.37,0.37,0.37,269914400
2002-05-21,0.35,0.37,0.35,0.37,280991200
2002-05-22,0.36,0.36,0.35,0.35,290875200
2002-05-23,0.38,0.38,0.36,0.37,369398400
2002-05-24,0.36,0.37,0.36,0.37,166174400
2002-05-28,0.36,0.36,0.35,0.35,149716000
2002-05-29,0.36,0.37,0.35,0.36,221793600
2002-05-30,0.36,0.36,0.35,0.36,196375200
2002-05-31,0.35,0.36,0.35,0.36,365495200
2002-06-03,0.34,0.35,0.34,0.35,235110400
2002-06-04,0.34,0.34,0.33,0.34,347821600
2002-06-05,0.34,0.34,0.33,0.34,277082400
2002-06-06,0.33,0.35,0.33,0.34,259996800
2002-06-07,0.32,0.33,0.31,0.33,612376800
2002-06-10,0.32,0.33,0.32,0.32,277575200
2002-06-11,0.31,0.32,0.31,0.32,349496000
2002-06-12,0.30,0.31,0.30,0.31,528718400
2002-06-13,0.29,0.30,0.29,0.30,352083200
2002-06-14,0.30,0.30,0.27,0.29,424900000
2002-06-17,0.31,0.31,0.30,0.30,324609600
2002-06-18,0.30,0.31,0.30,0.31,353360000
2002-06-19,0.26,0.26,0.25,0.26,1709467200
2002-06-20,0.26,0.26,0.25,0.26,396636800
2002-06-21,0.25,0.26,0.25,0.25,445177600
2002-06-24,0.26,0.27,0.25,0.25,431933600
2002-06-25,0.26,0.26,0.25,0.26,301201600
2002-06-26,0.25,0.26,0.24,0.25,558952800
2002-06-27,0.26,0.26,0.25,0.25,251658400
2002-06-28,0.26,0.27,0.25,0.26,269858400
2002-07-01,0.26,0.27,0.25,0.26,222689600
2002-07-02,0.25,0.26,0.25,0.25,305188800
2002-07-03,0.26,0.26,0.25,0.25,199029600
2002-07-05,0.28,0.28,0.26,0.26,161649600
2002-07-08,0.27,0.28,0.26,0.28,211204000
2002-07-09,0.26,0.27,0.26,0.27,226749600
2002-07-10,0.26,0.27,0.26,0.26,206880800
2002-07-11,0.27,0.27,0.25,0.26,373676800
2002-07-12,0.26,0.28,0.26,0.28,443492000
2002-07-15,0.27,0.28,0.25,0.26,295993600
2002-07-16,0.27,0.28,0.26,0.27,446768000
2002-07-17,0.23,0.24,0.23,0.24,1215485600
2002-07-18,0.22,0.23,0.22,0.23,559462400
2002-07-19,0.22,0.23,0.22,0.22,385207200
2002-07-22,0.22,0.23,0.22,0.22,430897600
2002-07-23,0.22,0.23,0.22,0.22,399890400
2002-07-24,0.23,0.23,0.21,0.21,406593600
2002-07-25,0.21,0.22,0.21,0.22,479354400
2002-07-26,0.21,0.22,0.21,0.22,207704000
2002-07-29,0.22,0.23,0.21,0.22,274960000
2002-07-30,0.23,0.23,0.22,0.22,354838400
2002-07-31,0.23,0.23,0.22,0.23,310699200
2002-08-01,0.22,0.23,0.22,0.23,228956000
2002-08-02,0.22,0.22,0.21,0.22,179060000
2002-08-05,0.21,0.22,0.21,0.22,204024800
2002-08-06,0.22,0.23,0.21,0.21,272053600
2002-08-07,0.22,0.23,0.21,0.23,333474400
2002-08-08,0.23,0.23,0.22,0.22,227348800
2002-08-09,0.22,0.23,0.22,0.23,205716000
2002-08-12,0.22,0.22,0.22,0.22,179765600
2002-08-13,0.22,0.23,0.22,0.22,269869600
2002-08-14,0.23,0.23,0.22,0.22,399084000
2002-08-15,0.23,0.24,0.22,0.23,322078400
2002-08-16,0.24,0.24,0.23,0.23,245224000
2002-08-19,0.24,0.24,0.24,0.24,216557600
2002-08-20,0.24,0.24,0.23,0.24,186625600
2002-08-21,0.24,0.24,0.23,0.24,202428800
2002-08-22,0.24,0.24,0.23,0.24,258311200
2002-08-23,0.24,0.24,0.23,0.24,163245600
2002-08-26,0.23,0.24,0.23,0.24,189968800
2002-08-27,0.22,0.24,0.22,0.23,262231200
2002-08-28,0.22,0.23,0.22,0.22,247973600
2002-08-29,0.22,0.23,0.22,0.22,164169600
2002-08-30,0.22,0.23,0.22,0.22,193519200
2002-09-03,0.21,0.22,0.21,0.22,276936800
2002-09-04,0.22,0.22,0.21,0.21,420660800
2002-09-05,0.21,0.21,0.21,0.21,226178400
2002-09-06,0.22,0.22,0.21,0.22,181591200
2002-09-09,0.21,0.22,0.21,0.21,158244800
2002-09-10,0.21,0.22,0.21,0.22,249468800
2002-09-11,0.21,0.22,0.21,0.21,202412000
2002-09-12,0.21,0.22,0.21,0.21,269830400
2002-09-13,0.21,0.21,0.21,0.21,282951200
2002-09-16,0.22,0.22,0.21,0.21,286641600
2002-09-17,0.22,0.22,0.22,0.22,427996800
2002-09-18,0.22,0.23,0.22,0.22,328641600
2002-09-19,0.22,0.22,0.22,0.22,205945600
2002-09-20,0.22,0.22,0.22,0.22,352788800
2002-09-23,0.22,0.22,0.22,0.22,263709600
2002-09-24,0.22,0.22,0.22,0.22,250661600
2002-09-25,0.22,0.23,0.22,0.22,254682400
2002-09-26,0.22,0.23,0.22,0.23,208644800
2002-09-27,0.22,0.22,0.22,0.22,206152800
2002-09-30,0.22,0.22,0.21,0.22,237697600
2002-10-01,0.22,0.22,0.21,0.22,342423200
2002-10-02,0.21,0.22,0.21,0.21,229348000
2002-10-03,0.21,0.22,0.21,0.21,217896000
2002-10-04,0.21,0.22,0.21,0.21,190825600
2002-10-07,0.21,0.21,0.21,0.21,244697600
2002-10-08,0.20,0.21,0.20,0.21,453644800
2002-10-09,0.20,0.21,0.20,0.20,356686400
2002-10-10,0.21,0.21,0.20,0.20,321574400
2002-10-11,0.22,0.22,0.21,0.21,294677600
2002-10-14,0.22,0.22,0.22,0.22,194404000
2002-10-15,0.23,0.23,0.22,0.23,405518400
2002-10-16,0.22,0.23,0.21,0.22,307624800
2002-10-17,0.21,0.22,0.21,0.21,469296800
2002-10-18,0.21,0.21,0.21,0.21,288299200
2002-10-21,0.22,0.22,0.21,0.21,238520800
2002-10-22,0.22,0.22,0.21,0.22,218148000
2002-10-23,0.22,0.22,0.22,0.22,209036800
2002-10-24,0.22,0.23,0.22,0.22,174748000
2002-10-25,0.23,0.23,0.22,0.22,279070400
2002-10-28,0.23,0.24,0.23,0.23,349300000
2002-10-29,0.23,0.24,0.22,0.23,259179200
2002-10-30,0.24,0.24,0.23,0.23,270676000
2002-10-31,0.24,0.25,0.24,0.24,295836800
2002-11-01,0.24,0.25,0.24,0.24,189828800
2002-11-04,0.25,0.26,0.24,0.25,376818400
2002-11-05,0.25,0.25,0.24,0.25,210694400
2002-11-06,0.26,0.26,0.25,0.26,216389600
2002-11-07,0.24,0.26,0.24,0.25,336179200
2002-11-08,0.24,0.24,0.23,0.24,190064000
2002-11-11,0.23,0.24,0.23,0.24,152975200
2002-11-12,0.23,0.24,0.23,0.23,223792800
2002-11-13,0.23,0.24,0.23,0.23,231739200
2002-11-14,0.24,0.25,0.24,0.24,141713600
2002-11-15,0.24,0.24,0.24,0.24,160994400
2002-11-18,0.23,0.24,0.23,0.24,164578400
2002-11-19,0.23,0.24,0.22,0.23,210952000
2002-11-20,0.23,0.23,0.23,0.23,208740000
2002-11-21,0.24,0.25,0.24,0.24,418482400
2002-11-22,0.24,0.24,0.24,0.24,227858400
2002-11-25,0.24,0.24,0.23,0.24,199427200
2002-11-26,0.23,0.24,0.23,0.24,240262400
2002-11-27,0.24,0.24,0.23,0.23,286798400
2002-11-29,0.23,0.24,0.23,0.24,143432800
2002-12-02,0.23,0.24,0.22,0.24,398742400
2002-12-03,0.23,0.23,0.23,0.23,227869600
2002-12-04,0.22,0.23,0.22,0.23,325757600
2002-12-05,0.22,0.23,0.22,0.22,243398400
2002-12-06,0.22,0.23,0.22,0.22,245358400
2002-12-09,0.22,0.22,0.22,0.22,236084800
2002-12-10,0.23,0.23,0.22,0.22,308610400
2002-12-11,0.23,0.23,0.23,0.23,253500800
2002-12-12,0.23,0.23,0.22,0.23,149340800
2002-12-13,0.22,0.23,0.22,0.23,164780000
2002-12-16,0.22,0.23,0.22,0.22,251624800
2002-12-17,0.23,0.23,0.22,0.22,222661600
2002-12-18,0.22,0.22,0.22,0.22,150701600
2002-12-19,0.21,0.22,0.21,0.22,347519200
2002-12-20,0.21,0.22,0.21,0.21,318096800
2002-12-23,0.22,0.22,0.21,0.21,125826400
2002-12-24,0.21,0.22,0.21,0.22,39340000
2002-12-26,0.22,0.22,0.21,0.22,85422400
2002-12-27,0.21,0.22,0.21,0.21,80035200
2002-12-30,0.21,0.21,0.21,0.21,155041600
2002-12-31,0.21,0.21,0.21,0.21,200726400
2003-01-02,0.22,0.22,0.21,0.21,181428800
2003-01-03,0.22,0.22,0.22,0.22,147453600
2003-01-06,0.22,0.23,0.22,0.22,390532800
2003-01-07,0.22,0.22,0.22,0.22,342344800
2003-01-08,0.22,0.22,0.22,0.22,229644800
2003-01-09,0.22,0.22,0.22,0.22,215252800
2003-01-10,0.22,0.22,0.22,0.22,175100800
2003-01-13,0.22,0.22,0.21,0.22,178942400
2003-01-14,0.22,0.22,0.22,0.22,186860800
2003-01-15,0.22,0.22,0.21,0.22,371128800
2003-01-16,0.22,0.22,0.21,0.21,559070400
2003-01-17,0.21,0.22,0.21,0.22,266761600
2003-01-21,0.21,0.22,0.21,0.21,253456000
2003-01-22,0.21,0.21,0.21,0.21,215140800
2003-01-23,0.21,0.21,0.21,0.21,228256000
2003-01-24,0.21,0.21,0.20,0.21,305468800
2003-01-27,0.21,0.22,0.20,0.20,391406400
2003-01-28,0.22,0.22,0.21,0.21,286255200
2003-01-29,0.22,0.23,0.21,0.22,373044000
2003-01-30,0.21,0.23,0.21,0.22,407058400
2003-01-31,0.21,0.22,0.21,0.21,341224800
2003-02-03,0.22,0.22,0.21,0.22,264784800
2003-02-04,0.22,0.22,0.21,0.22,317413600
2003-02-05,0.22,0.22,0.22,0.22,221614400
2003-02-06,0.22,0.22,0.21,0.21,179149600
2003-02-07,0.21,0.22,0.21,0.22,269701600
2003-02-10,0.21,0.22,0.21,0.21,167888000
2003-02-11,0.21,0.22,0.21,0.22,164780000
2003-02-12,0.22,0.22,0.21,0.21,228687200
2003-02-13,0.22,0.22,0.21,0.22,208493600
2003-02-14,0.22,0.22,0.21,0.22,243297600
2003-02-18,0.23,0.23,0.22,0.22,290897600
2003-02-19,0.22,0.23,0.22,0.23,240368800
2003-02-20,0.22,0.22,0.22,0.22,224352800
2003-02-21,0.22,0.23,0.22,0.22,157444000
2003-02-24,0.22,0.22,0.21,0.22,180252800
2003-02-25,0.22,0.23,0.22,0.22,188641600
2003-02-26,0.22,0.22,0.22,0.22,217095200
2003-02-27,0.22,0.22,0.22,0.22,154341600
2003-02-28,0.22,0.23,0.22,0.22,195098400
2003-03-03,0.22,0.23,0.22,0.22,203761600
2003-03-04,0.22,0.22,0.22,0.22,126414400
2003-03-05,0.22,0.22,0.22,0.22,126683200
2003-03-06,0.22,0.22,0.22,0.22,99859200
2003-03-07,0.22,0.22,0.21,0.22,200984000
2003-03-10,0.21,0.22,0.21,0.22,134573600
2003-03-11,0.21,0.22,0.21,0.21,161190400
2003-03-12,0.21,0.22,0.21,0.21,222560800
2003-03-13,0.22,0.22,0.21,0.22,335445600
2003-03-14,0.22,0.22,0.22,0.22,153098400
2003-03-17,0.22,0.23,0.22,0.22,399912800
2003-03-18,0.22,0.23,0.22,0.22,229980800
2003-03-19,0.22,0.23,0.22,0.23,141316000
2003-03-20,0.22,0.22,0.22,0.22,163178400
2003-03-21,0.22,0.23,0.22,0.23,297948000
2003-03-24,0.21,0.22,0.21,0.22,161100800
2003-03-25,0.22,0.22,0.21,0.22,167697600
2003-03-26,0.22,0.22,0.21,0.22,178343200
2003-03-27,0.22,0.22,0.21,0.21,122393600
2003-03-28,0.22,0.22,0.21,0.22,145303200
2003-03-31,0.21,0.22,0.21,0.21,256659200
2003-04-01,0.21,0.21,0.21,0.21,154341600
2003-04-02,0.22,0.22,0.21,0.21,171371200
2003-04-03,0.22,0.22,0.21,0.22,145712000
2003-04-04,0.22,0.22,0.22,0.22,146020000
2003-04-07,0.22,0.22,0.22,0.22,196862400
2003-04-08,0.22,0.22,0.21,0.22,128934400
2003-04-09,0.21,0.22,0.21,0.22,146725600
2003-04-10,0.21,0.22,0.21,0.21,107100000
2003-04-11,0.20,0.22,0.19,0.21,1392708800
2003-04-14,0.20,0.21,0.20,0.21,502958400
2003-04-15,0.20,0.20,0.20,0.20,303968000
2003-04-16,0.20,0.20,0.19,0.19,1016176000
2003-04-17,0.20,0.20,0.19,0.20,616257600
2003-04-21,0.20,0.20,0.19,0.20,152320000
2003-04-22,0.20,0.20,0.20,0.20,300568800
2003-04-23,0.20,0.20,0.20,0.20,209680800
2003-04-24,0.20,0.20,0.19,0.20,325108000
2003-04-25,0.20,0.20,0.20,0.20,205318400
2003-04-28,0.21,0.21,0.20,0.20,636798400
2003-04-29,0.21,0.21,0.20,0.21,458236800
2003-04-30,0.21,0.21,0.21,0.21,458175200
2003-05-01,0.21,0.22,0.21,0.21,342759200
2003-05-02,0.22,0.22,0.21,0.22,321182400
2003-05-05,0.24,0.25,0.22,0.22,1555708000
2003-05-06,0.26,0.27,0.24,0.24,1514492000
2003-05-07,0.26,0.27,0.26,0.26,1054379200
2003-05-08,0.27,0.27,0.26,0.26,687736000
2003-05-09,0.27,0.28,0.27,0.27,588386400
2003-05-12,0.28,0.28,0.27,0.27,419372800
2003-05-13,0.28,0.28,0.27,0.28,446796000
2003-05-14,0.28,0.28,0.28,0.28,355488000
2003-05-15,0.28,0.28,0.28,0.28,284995200
2003-05-16,0.28,0.28,0.27,0.28,341628000
2003-05-19,0.27,0.28,0.27,0.28,445888800
2003-05-20,0.27,0.27,0.26,0.27,416220000
2003-05-21,0.27,0.27,0.26,0.27,305009600
2003-05-22,0.27,0.28,0.27,0.27,178460800
2003-05-23,0.27,0.28,0.27,0.27,206718400
2003-05-27,0.28,0.28,0.27,0.27,290130400
2003-05-28,0.27,0.28,0.27,0.28,339679200
2003-05-29,0.27,0.28,0.27,0.27,333765600
2003-05-30,0.27,0.27,0.26,0.27,382748800
2003-06-02,0.26,0.27,0.26,0.27,418588800
2003-06-03,0.26,0.26,0.25,0.26,360858400
2003-06-04,0.26,0.27,0.26,0.26,271202400
2003-06-05,0.26,0.27,0.26,0.26,205497600
2003-06-06,0.26,0.27,0.26,0.27,241388000
2003-06-09,0.25,0.25,0.25,0.25,259952000
2003-06-10,0.26,0.26,0.25,0.25,176646400
2003-06-11,0.26,0.26,0.25,0.26,225114400
2003-06-12,0.27,0.27,0.26,0.26,252588000
2003-06-13,0.26,0.27,0.26,0.27,191245600
2003-06-16,0.27,0.27,0.26,0.26,238526400
2003-06-17,0.27,0.28,0.27,0.28,177464000
2003-06-18,0.29,0.29,0.27,0.28,454983200
2003-06-19,0.29,0.29,0.28,0.29,381528000
2003-06-20,0.29,0.29,0.28,0.29,356546400
2003-06-23,0.29,0.29,0.28,0.29,307361600
2003-06-24,0.28,0.29,0.28,0.29,514382400
2003-06-25,0.29,0.29,0.28,0.28,329812000
2003-06-26,0.29,0.29,0.28,0.28,161705600
2003-06-27,0.28,0.29,0.28,0.29,365792000
2003-06-30,0.29,0.29,0.28,0.28,222152000
2003-07-01,0.29,0.29,0.28,0.28,180992000
2003-07-02,0.29,0.29,0.28,0.28,325298400
2003-07-03,0.29,0.29,0.28,0.28,137771200
2003-07-07,0.30,0.30,0.29,0.29,286272000
2003-07-08,0.31,0.31,0.29,0.29,256737600
2003-07-09,0.30,0.31,0.30,0.30,213645600
2003-07-10,0.29,0.30,0.29,0.30,170934400
2003-07-11,0.30,0.30,0.29,0.29,136858400
2003-07-14,0.30,0.31,0.30,0.30,188406400
2003-07-15,0.29,0.30,0.29,0.30,206645600
2003-07-16,0.30,0.30,0.29,0.30,250930400
2003-07-17,0.31,0.31,0.30,0.30,751212000
2003-07-18,0.31,0.32,0.31,0.31,298838400
2003-07-21,0.31,0.31,0.30,0.31,183808800
2003-07-22,0.31,0.31,0.31,0.31,198424800
2003-07-23,0.31,0.31,0.31,0.31,143035200
2003-07-24,0.31,0.32,0.30,0.31,229236000
2003-07-25,0.32,0.32,0.31,0.31,216686400
2003-07-28,0.31,0.32,0.31,0.32,170357600
2003-07-29,0.31,0.32,0.31,0.31,197120000
2003-07-30,0.30,0.31,0.30,0.31,173594400
2003-07-31,0.32,0.32,0.31,0.31,301464800
2003-08-01,0.31,0.32,0.31,0.31,149604000
2003-08-04,0.32,0.32,0.30,0.31,230115200
2003-08-05,0.30,0.32,0.30,0.32,249440800
2003-08-06,0.29,0.30,0.29,0.30,245464800
2003-08-07,0.30,0.30,0.29,0.30,174378400
2003-08-08,0.29,0.30,0.29,0.30,137659200
2003-08-11,0.29,0.30,0.29,0.30,137228000
2003-08-12,0.29,0.30,0.29,0.30,164438400
2003-08-13,0.30,0.30,0.29,0.30,284099200
2003-08-14,0.30,0.30,0.30,0.30,192780000
2003-08-15,0.29,0.30,0.29,0.30,125865600
2003-08-18,0.30,0.31,0.29,0.30,192774400
2003-08-19,0.30,0.31,0.30,0.30,133688800
2003-08-20,0.31,0.32,0.30,0.30,273212800
2003-08-21,0.32,0.32,0.31,0.31,255326400
2003-08-22,0.31,0.33,0.31,0.33,250264000
2003-08-25,0.31,0.31,0.31,0.31,137782400
2003-08-26,0.31,0.32,0.30,0.31,164959200
2003-08-27,0.32,0.32,0.31,0.31,225702400
2003-08-28,0.33,0.33,0.32,0.32,319625600
2003-08-29,0.34,0.34,0.33,0.33,263155200
2003-09-02,0.34,0.34,0.33,0.34,242132800
2003-09-03,0.34,0.35,0.34,0.34,268828000
2003-09-04,0.34,0.35,0.34,0.35,199780000
2003-09-05,0.34,0.35,0.34,0.34,240133600
2003-09-08,0.34,0.34,0.34,0.34,167244000
2003-09-09,0.33,0.34,0.33,0.34,180370400
2003-09-10,0.33,0.34,0.33,0.33,224890400
2003-09-11,0.34,0.34,0.33,0.33,213684800
2003-09-12,0.35,0.35,0.33,0.34,179989600
2003-09-15,0.33,0.34,0.33,0.34,226844800
2003-09-16,0.33,0.34,0.33,0.33,269007200
2003-09-17,0.33,0.33,0.33,0.33,289396800
2003-09-18,0.34,0.34,0.33,0.33,252907200
2003-09-19,0.34,0.34,0.34,0.34,205956800
2003-09-22,0.33,0.34,0.33,0.33,179821600
2003-09-23,0.34,0.34,0.33,0.33,132451200
2003-09-24,0.32,0.33,0.32,0.33,301285600
2003-09-25,0.31,0.32,0.30,0.32,574380800
2003-09-26,0.31,0.32,0.30,0.30,347250400
2003-09-29,0.32,0.32,0.31,0.32,365702400
2003-09-30,0.31,0.32,0.31,0.32,285426400
2003-10-01,0.31,0.32,0.30,0.31,236112800
2003-10-02,0.31,0.31,0.30,0.31,204058400
2003-10-03,0.32,0.33,0.31,0.31,299600000
2003-10-06,0.33,0.33,0.32,0.32,268329600
2003-10-07,0.35,0.35,0.33,0.33,418174400
2003-10-08,0.34,0.35,0.34,0.35,428668800
2003-10-09,0.35,0.35,0.34,0.35,347748800
2003-10-10,0.35,0.36,0.35,0.35,174837600
2003-10-13,0.36,0.37,0.35,0.35,279865600
2003-10-14,0.37,0.37,0.36,0.36,275419200
2003-10-15,0.37,0.37,0.37,0.37,610103200
2003-10-16,0.35,0.36,0.34,0.36,975682400
2003-10-17,0.34,0.35,0.34,0.35,359811200
2003-10-20,0.35,0.35,0.33,0.34,279132000
2003-10-21,0.35,0.35,0.34,0.35,176461600
2003-10-22,0.34,0.35,0.34,0.34,161599200
2003-10-23,0.34,0.35,0.34,0.34,165211200
2003-10-24,0.34,0.34,0.33,0.34,219856000
2003-10-27,0.34,0.34,0.34,0.34,162013600
2003-10-28,0.35,0.36,0.33,0.34,251714400
2003-10-29,0.35,0.36,0.35,0.35,267080800
2003-10-30,0.35,0.36,0.34,0.36,260556800
2003-10-31,0.34,0.35,0.34,0.35,218153600
2003-11-03,0.35,0.35,0.34,0.34,302842400
2003-11-04,0.34,0.35,0.34,0.35,249233600
2003-11-05,0.34,0.35,0.34,0.34,322470400
2003-11-06,0.35,0.35,0.34,0.34,397073600
2003-11-07,0.34,0.35,0.34,0.35,210145600
2003-11-10,0.33,0.34,0.33,0.34,234276000
2003-11-11,0.32,0.33,0.32,0.33,215073600
2003-11-12,0.33,0.34,0.32,0.32,300003200
2003-11-13,0.34,0.34,0.33,0.33,212772000
2003-11-14,0.32,0.34,0.32,0.34,237048000
2003-11-17,0.32,0.32,0.31,0.32,228256000
2003-11-18,0.31,0.32,0.30,0.32,267192800
2003-11-19,0.31,0.31,0.30,0.31,344584800
2003-11-20,0.30,0.32,0.30,0.30,239590400
2003-11-21,0.30,0.31,0.30,0.30,241836000
2003-11-24,0.32,0.32,0.31,0.31,381824800
2003-11-25,0.31,0.32,0.31,0.32,268654400
2003-11-26,0.31,0.32,0.30,0.31,245128800
2003-11-28,0.31,0.32,0.31,0.31,76098400
2003-12-01,0.32,0.33,0.31,0.31,361536000
2003-12-02,0.32,0.33,0.32,0.32,205296000
2003-12-03,0.31,0.33,0.31,0.32,191296000
2003-12-04,0.32,0.32,0.31,0.31,177940000
2003-12-05,0.31,0.32,0.31,0.31,186177600
2003-12-08,0.31,0.32,0.31,0.31,148237600
2003-12-09,0.31,0.32,0.31,0.32,135144800
2003-12-10,0.30,0.31,0.30,0.31,271336800
2003-12-11,0.32,0.32,0.30,0.30,183136800
2003-12-12,0.31,0.32,0.31,0.32,192673600
2003-12-15,0.30,0.32,0.30,0.32,388908800
2003-12-16,0.30,0.31,0.30,0.30,373956800
2003-12-17,0.30,0.30,0.30,0.30,274260000
2003-12-18,0.30,0.30,0.30,0.30,330915200
2003-12-19,0.29,0.31,0.29,0.30,453560800
2003-12-22,0.30,0.30,0.29,0.29,377064800
2003-12-23,0.30,0.30,0.29,0.30,308498400
2003-12-24,0.31,0.31,0.29,0.29,177475200
2003-12-26,0.31,0.31,0.30,0.30,103695200
2003-12-29,0.32,0.32,0.31,0.31,233458400
2003-12-30,0.32,0.32,0.32,0.32,204853600
2003-12-31,0.32,0.32,0.32,0.32,174451200
2004-01-02,0.32,0.33,0.32,0.32,144642400
2004-01-05,0.33,0.33,0.32,0.32,395018400
2004-01-06,0.33,0.34,0.32,0.33,509348000
2004-01-07,0.34,0.34,0.33,0.33,586874400
2004-01-08,0.35,0.35,0.34,0.34,460303200
2004-01-09,0.34,0.36,0.34,0.35,427459200
2004-01-12,0.35,0.36,0.35,0.35,487547200
2004-01-13,0.36,0.37,0.36,0.37,679016800
2004-01-14,0.36,0.37,0.36,0.36,620043200
2004-01-15,0.34,0.35,0.34,0.34,1018208800
2004-01-16,0.34,0.34,0.34,0.34,372820000
2004-01-20,0.34,0.34,0.33,0.34,315946400
2004-01-21,0.34,0.34,0.34,0.34,226660000
2004-01-22,0.33,0.34,0.33,0.34,205004800
2004-01-23,0.34,0.34,0.33,0.34,227169600
2004-01-26,0.34,0.34,0.34,0.34,271269600
2004-01-27,0.35,0.35,0.34,0.34,307070400
2004-01-28,0.34,0.35,0.34,0.34,275402400
2004-01-29,0.34,0.34,0.33,0.34,212699200
2004-01-30,0.34,0.34,0.34,0.34,185298400
2004-02-02,0.33,0.34,0.33,0.34,287431200
2004-02-03,0.33,0.33,0.33,0.33,180812800
2004-02-04,0.33,0.33,0.32,0.33,305552800
2004-02-05,0.34,0.34,0.33,0.33,352844800
2004-02-06,0.34,0.34,0.33,0.34,193340000
2004-02-09,0.34,0.34,0.34,0.34,188260800
2004-02-10,0.34,0.35,0.34,0.34,255343200
2004-02-11,0.36,0.36,0.34,0.35,348544000
2004-02-12,0.35,0.36,0.35,0.35,183988000
2004-02-13,0.34,0.36,0.34,0.36,315980000
2004-02-17,0.35,0.35,0.35,0.35,170956800
2004-02-18,0.35,0.35,0.34,0.35,141635200
2004-02-19,0.34,0.35,0.34,0.35,323080800
2004-02-20,0.33,0.34,0.33,0.34,277603200
2004-02-23,0.33,0.34,0.33,0.33,194079200
2004-02-24,0.33,0.34,0.33,0.33,259056000
2004-02-25,0.34,0.34,0.33,0.33,276276000
2004-02-26,0.34,0.35,0.34,0.34,198408000
2004-02-27,0.36,0.36,0.34,0.34,468837600
2004-03-01,0.36,0.36,0.36,0.36,321680800
2004-03-02,0.36,0.36,0.36,0.36,256687200
2004-03-03,0.36,0.36,0.35,0.35,225131200
2004-03-04,0.38,0.38,0.36,0.36,660223200
2004-03-05,0.40,0.41,0.37,0.37,1540599200
2004-03-08,0.39,0.40,0.39,0.40,522872000
2004-03-09,0.41,0.41,0.39,0.39,618363200
2004-03-10,0.41,0.42,0.40,0.40,1006964000
2004-03-11,0.41,0.42,0.41,0.41,595851200
2004-03-12,0.41,0.42,0.41,0.41,329224000
2004-03-15,0.40,0.41,0.39,0.40,481717600
2004-03-16,0.39,0.40,0.38,0.40,605432800
2004-03-17,0.39,0.39,0.39,0.39,411432000
2004-03-18,0.38,0.39,0.38,0.39,321081600
2004-03-19,0.39,0.40,0.38,0.38,408576000
2004-03-22,0.39,0.39,0.38,0.38,419031200
2004-03-23,0.38,0.39,0.38,0.39,385515200
2004-03-24,0.38,0.39,0.38,0.38,428215200
2004-03-25,0.40,0.40,0.39,0.39,566445600
2004-03-26,0.40,0.41,0.40,0.40,419893600
2004-03-29,0.42,0.42,0.41,0.41,350728000
2004-03-30,0.42,0.42,0.41,0.41,359676800
2004-03-31,0.40,0.42,0.40,0.42,390773600
2004-04-01,0.41,0.41,0.40,0.40,318332000
2004-04-02,0.41,0.42,0.41,0.41,274478400
2004-04-05,0.42,0.42,0.41,0.41,385672000
2004-04-06,0.42,0.42,0.41,0.41,257992000
2004-04-07,0.41,0.41,0.40,0.41,255119200
2004-04-08,0.41,0.42,0.41,0.42,240917600
2004-04-12,0.42,0.42,0.41,0.41,230540800
2004-04-13,0.40,0.42,0.40,0.42,436396800
2004-04-14,0.40,0.40,0.39,0.40,639732800
2004-04-15,0.44,0.44,0.42,0.43,1761446400
2004-04-16,0.44,0.44,0.43,0.44,402931200
2004-04-19,0.42,0.43,0.42,0.42,712353600
2004-04-20,0.41,0.42,0.41,0.42,354519200
2004-04-21,0.41,0.42,0.41,0.41,325875200
2004-04-22,0.42,0.42,0.41,0.41,344584800
2004-04-23,0.41,0.42,0.40,0.41,315828800
2004-04-26,0.41,0.41,0.40,0.41,231128800
2004-04-27,0.40,0.41,0.40,0.41,283864000
2004-04-28,0.40,0.40,0.39,0.40,231168000
2004-04-29,0.40,0.40,0.39,0.40,460790400
2004-04-30,0.39,0.40,0.38,0.40,466502400
2004-05-03,0.39,0.39,0.38,0.39,297634400
2004-05-04,0.39,0.40,0.38,0.39,279983200
2004-05-05,0.40,0.40,0.39,0.39,238106400
2004-05-06,0.40,0.40,0.39,0.39,263558400
2004-05-07,0.40,0.41,0.40,0.40,419036800
2004-05-10,0.39,0.40,0.39,0.39,249978400
2004-05-11,0.41,0.41,0.39,0.39,305172000
2004-05-12,0.41,0.41,0.39,0.40,245420000
2004-05-13,0.41,0.41,0.40,0.41,229852000
2004-05-14,0.40,0.41,0.40,0.41,257801600
2004-05-17,0.40,0.40,0.39,0.40,300445600
2004-05-18,0.40,0.41,0.40,0.40,206063200
2004-05-19,0.40,0.41,0.40,0.41,375592000
2004-05-20,0.40,0.40,0.40,0.40,196296800
2004-05-21,0.41,0.41,0.40,0.40,179894400
2004-05-24,0.41,0.42,0.41,0.41,235603200
2004-05-25,0.42,0.43,0.41,0.41,319978400
2004-05-26,0.43,0.43,0.42,0.42,322168000
2004-05-27,0.42,0.43,0.42,0.43,235972800
2004-05-28,0.42,0.42,0.42,0.42,145717600
2004-06-01,0.42,0.42,0.41,0.42,182134400
2004-06-02,0.43,0.44,0.42,0.42,318712800
2004-06-03,0.42,0.43,0.42,0.43,250930400
2004-06-04,0.43,0.44,0.43,0.43,399112000
2004-06-07,0.45,0.45,0.43,0.43,295876000
2004-06-08,0.45,0.46,0.45,0.45,415620800
2004-06-09,0.45,0.46,0.45,0.45,349204800
2004-06-10,0.46,0.46,0.45,0.45,257577600
2004-06-14,0.45,0.46,0.44,0.46,243986400
2004-06-15,0.46,0.47,0.45,0.46,444634400
2004-06-16,0.49,0.50,0.46,0.46,909641600
2004-06-17,0.49,0.50,0.48,0.49,551320000
2004-06-18,0.49,0.50,0.48,0.49,406252000
2004-06-21,0.48,0.50,0.48,0.50,390213600
2004-06-22,0.49,0.49,0.48,0.48,360511200
2004-06-23,0.50,0.51,0.49,0.49,390868800
2004-06-24,0.50,0.50,0.49,0.50,252515200
2004-06-25,0.50,0.50,0.49,0.49,323428000
2004-06-28,0.49,0.51,0.48,0.51,521096800
2004-06-29,0.49,0.49,0.47,0.48,590553600
2004-06-30,0.49,0.49,0.48,0.49,373044000
2004-07-01,0.48,0.49,0.48,0.48,341941600
2004-07-02,0.46,0.47,0.44,0.46,910683200
2004-07-06,0.46,0.47,0.46,0.47,348980800
2004-07-07,0.45,0.47,0.45,0.46,397992000
2004-07-08,0.45,0.46,0.45,0.45,233380000
2004-07-09,0.45,0.46,0.45,0.45,208863200
2004-07-12,0.44,0.45,0.43,0.45,511621600
2004-07-13,0.44,0.44,0.43,0.44,316176000
2004-07-14,0.44,0.45,0.43,0.43,835800000
2004-07-15,0.49,0.50,0.48,0.49,1767724000
2004-07-16,0.48,0.49,0.48,0.49,488381600
2004-07-19,0.48,0.48,0.47,0.48,533170400
2004-07-20,0.48,0.48,0.47,0.48,323747200
2004-07-21,0.47,0.49,0.47,0.48,301257600
2004-07-22,0.47,0.47,0.46,0.47,334118400
2004-07-23,0.46,0.47,0.46,0.47,273571200
2004-07-26,0.47,0.47,0.46,0.46,393932000
2004-07-27,0.48,0.49,0.47,0.48,425006400
2004-07-28,0.48,0.48,0.47,0.48,285051200
2004-07-29,0.49,0.49,0.48,0.49,222157600
2004-07-30,0.48,0.49,0.48,0.49,243023200
2004-08-02,0.47,0.48,0.47,0.47,365092000
2004-08-03,0.47,0.47,0.47,0.47,211629600
2004-08-04,0.48,0.48,0.47,0.47,276488800
2004-08-05,0.47,0.48,0.47,0.48,244501600
2004-08-06,0.45,0.47,0.44,0.46,492290400
2004-08-09,0.45,0.46,0.45,0.45,290847200
2004-08-10,0.47,0.47,0.45,0.45,351036000
2004-08-11,0.46,0.47,0.45,0.47,322392000
2004-08-12,0.45,0.46,0.45,0.46,226200800
2004-08-13,0.46,0.47,0.45,0.46,328048000
2004-08-16,0.46,0.47,0.46,0.46,435674400
2004-08-17,0.46,0.47,0.45,0.46,323019200
2004-08-18,0.47,0.48,0.46,0.46,364655200
2004-08-19,0.46,0.48,0.45,0.47,388920000
2004-08-20,0.46,0.46,0.46,0.46,316780800
2004-08-23,0.46,0.47,0.46,0.46,254660000
2004-08-24,0.48,0.48,0.47,0.47,374136000
2004-08-25,0.49,0.50,0.47,0.48,505618400
2004-08-26,0.52,0.53,0.49,0.49,955858400
2004-08-27,0.51,0.52,0.51,0.52,388813600
2004-08-30,0.51,0.52,0.51,0.51,218142400
2004-08-31,0.52,0.52,0.51,0.51,376560800
2004-09-01,0.54,0.54,0.51,0.51,515726400
2004-09-02,0.53,0.54,0.52,0.53,406324800
2004-09-03,0.53,0.54,0.52,0.52,293468000
2004-09-07,0.53,0.54,0.53,0.53,301957600
2004-09-08,0.54,0.55,0.53,0.53,343526400
2004-09-09,0.53,0.54,0.53,0.54,461339200
2004-09-10,0.54,0.54,0.53,0.53,328014400
2004-09-13,0.53,0.54,0.53,0.54,281976800
2004-09-14,0.53,0.53,0.52,0.53,254822400
2004-09-15,0.53,0.53,0.52,0.53,232668800
2004-09-16,0.54,0.55,0.52,0.53,501916800
2004-09-17,0.56,0.56,0.54,0.55,502308800
2004-09-20,0.56,0.57,0.55,0.55,245000000
2004-09-21,0.57,0.58,0.56,0.56,386652000
2004-09-22,0.55,0.57,0.55,0.57,401688000
2004-09-23,0.56,0.56,0.55,0.55,397404000
2004-09-24,0.56,0.57,0.56,0.56,369488000
2004-09-27,0.56,0.57,0.55,0.55,397516000
2004-09-28,0.57,0.57,0.56,0.56,353186400
2004-09-29,0.58,0.58,0.57,0.57,273509600
2004-09-30,0.58,0.59,0.58,0.58,425012000
2004-10-01,0.58,0.59,0.58,0.59,465404800
2004-10-04,0.58,0.59,0.58,0.59,574084000
2004-10-05,0.59,0.59,0.57,0.58,406162400
2004-10-06,0.61,0.61,0.59,0.59,446303200
2004-10-07,0.59,0.61,0.59,0.61,426148800
2004-10-08,0.58,0.59,0.58,0.59,359228800
2004-10-11,0.58,0.58,0.57,0.58,323870400
2004-10-12,0.57,0.58,0.56,0.58,460191200
2004-10-13,0.59,0.59,0.58,0.58,1163008000
2004-10-14,0.67,0.68,0.64,0.65,2768427200
2004-10-15,0.68,0.68,0.66,0.67,1031128000
2004-10-18,0.71,0.71,0.67,0.67,1200752000
2004-10-19,0.71,0.72,0.71,0.72,801992800
2004-10-20,0.71,0.71,0.70,0.71,605108000
2004-10-21,0.72,0.72,0.71,0.71,724505600
2004-10-22,0.71,0.71,0.70,0.71,483067200
2004-10-25,0.71,0.72,0.70,0.71,392644000
2004-10-26,0.72,0.72,0.70,0.71,594361600
2004-10-27,0.75,0.76,0.72,0.73,1193494400
2004-10-28,0.78,0.78,0.74,0.75,864264800
2004-10-29,0.78,0.80,0.77,0.78,810219200
2004-11-01,0.78,0.80,0.78,0.79,602050400
2004-11-02,0.80,0.81,0.78,0.78,729988000
2004-11-03,0.83,0.84,0.81,0.81,1204173600
2004-11-04,0.81,0.83,0.81,0.82,928625600
2004-11-05,0.82,0.82,0.78,0.82,1205047200
2004-11-08,0.81,0.83,0.81,0.81,526920800
2004-11-09,0.81,0.82,0.80,0.81,475764800
2004-11-10,0.82,0.83,0.81,0.81,508676000
2004-11-11,0.83,0.83,0.81,0.82,407299200
2004-11-12,0.83,0.83,0.82,0.82,395701600
2004-11-15,0.83,0.83,0.81,0.83,376045600
2004-11-16,0.82,0.83,0.81,0.82,295103200
2004-11-17,0.82,0.83,0.81,0.83,397751200
2004-11-18,0.83,0.83,0.81,0.81,459149600
2004-11-19,0.83,0.85,0.82,0.83,765279200
2004-11-22,0.92,0.96,0.87,0.92,2568210400
2004-11-23,0.92,0.93,0.91,0.93,911450400
2004-11-24,0.96,0.98,0.92,0.92,1390788000
2004-11-26,0.97,0.98,0.96,0.98,550144000
2004-11-29,1.02,1.04,1.01,1.03,1712916800
2004-11-30,1.00,1.03,1.00,1.03,1028518400
2004-12-01,1.01,1.02,0.99,1.01,800553600
2004-12-02,0.98,1.00,0.97,0.99,987442400
2004-12-03,0.94,0.97,0.92,0.97,1238848800
2004-12-06,0.98,0.99,0.94,0.96,1247920800
2004-12-07,0.94,1.00,0.94,0.99,1056899200
2004-12-08,0.95,0.96,0.93,0.94,691902400
2004-12-09,0.96,0.96,0.93,0.94,741501600
2004-12-10,0.97,0.99,0.97,0.97,775773600
2004-12-13,0.97,0.99,0.97,0.98,395040800
2004-12-14,0.98,0.99,0.97,0.98,415721600
2004-12-15,0.98,0.98,0.97,0.98,398361600
2004-12-16,1.00,1.01,0.99,0.99,1126115200
2004-12-17,0.97,1.00,0.97,1.00,783496000
2004-12-20,0.94,0.99,0.92,0.98,1168126400
2004-12-21,0.95,0.95,0.92,0.95,1064414400
2004-12-22,0.95,0.96,0.95,0.95,565829600
2004-12-23,0.96,0.96,0.95,0.95,245929600
2004-12-27,0.94,0.97,0.94,0.97,559490400
2004-12-28,0.96,0.96,0.93,0.95,611755200
2004-12-29,0.96,0.97,0.95,0.95,449562400
2004-12-30,0.97,0.97,0.96,0.97,345340800
2004-12-31,0.96,0.97,0.96,0.97,278588800
2005-01-03,0.95,0.97,0.94,0.97,691992000
2005-01-04,0.96,0.98,0.94,0.95,1096810400
2005-01-05,0.96,0.98,0.96,0.96,680433600
2005-01-06,0.97,0.97,0.95,0.97,705555200
2005-01-07,1.04,1.04,0.97,0.97,2227450400
2005-01-10,1.03,1.06,1.02,1.04,1725309600
2005-01-11,0.97,1.03,0.96,1.02,2611627200
2005-01-12,0.98,0.99,0.95,0.98,1919702400
2005-01-13,1.04,1.11,1.04,1.10,3164716800
2005-01-14,1.05,1.07,1.03,1.05,1770742400
2005-01-18,1.06,1.06,1.01,1.04,1006460000
2005-01-19,1.05,1.07,1.04,1.05,751895200
2005-01-20,1.05,1.07,1.04,1.04,914922400
2005-01-21,1.05,1.07,1.05,1.07,911332800
2005-01-24,1.06,1.07,1.06,1.06,841629600
2005-01-25,1.08,1.09,1.06,1.07,969231200
2005-01-26,1.08,1.09,1.07,1.09,739496800
2005-01-27,1.09,1.09,1.07,1.08,496227200
2005-01-28,1.11,1.11,1.08,1.09,801612000
2005-01-31,1.15,1.16,1.11,1.12,1681097600
2005-02-01,1.16,1.16,1.15,1.15,678395200
2005-02-02,1.19,1.20,1.16,1.17,1020062400
2005-02-03,1.16,1.19,1.16,1.18,731651200
2005-02-04,1.18,1.18,1.16,1.16,563556000
2005-02-07,1.18,1.19,1.16,1.18,524456800
2005-02-08,1.21,1.22,1.18,1.18,890019200
2005-02-09,1.18,1.23,1.17,1.21,1191456000
2005-02-10,1.17,1.19,1.15,1.18,1093019200
2005-02-11,1.21,1.22,1.18,1.19,1201054400
2005-02-14,1.27,1.27,1.23,1.24,1271463200
2005-02-15,1.32,1.33,1.29,1.30,2312217600
2005-02-16,1.35,1.35,1.31,1.32,1639243200
2005-02-17,1.31,1.36,1.31,1.36,1518473600
2005-02-18,1.30,1.31,1.29,1.31,1163254400
2005-02-22,1.28,1.32,1.28,1.29,1219293600
2005-02-23,1.32,1.32,1.28,1.30,1345181600
2005-02-24,1.33,1.34,1.31,1.32,1519028000
2005-02-25,1.33,1.34,1.32,1.34,915510400
2005-02-28,1.34,1.35,1.31,1.34,651610400
2005-03-01,1.33,1.35,1.32,1.35,468188000
2005-03-02,1.32,1.34,1.32,1.32,458161200
2005-03-03,1.25,1.33,1.23,1.33,1411653600
2005-03-04,1.28,1.29,1.25,1.28,756618800
2005-03-07,1.28,1.29,1.27,1.28,450632000
2005-03-08,1.21,1.26,1.20,1.25,1021451200
2005-03-09,1.18,1.20,1.16,1.19,1322465200
2005-03-10,1.19,1.20,1.17,1.18,777109200
2005-03-11,1.20,1.21,1.19,1.20,632830800
2005-03-14,1.21,1.22,1.18,1.21,605385200
2005-03-15,1.23,1.23,1.20,1.22,508608800
2005-03-16,1.23,1.27,1.22,1.23,697813200
2005-03-17,1.26,1.28,1.24,1.24,801920000
2005-03-18,1.28,1.30,1.27,1.30,940150400
2005-03-21,1.31,1.32,1.28,1.29,541128000
2005-03-22,1.28,1.31,1.28,1.31,551415200
2005-03-23,1.27,1.30,1.26,1.27,609823200
2005-03-24,1.27,1.29,1.27,1.28,352704800
2005-03-28,1.27,1.28,1.27,1.28,275410800
2005-03-29,1.25,1.28,1.24,1.27,461356000
2005-03-30,1.28,1.28,1.25,1.26,394959600
2005-03-31,1.25,1.27,1.24,1.27,636134800
2005-04-01,1.22,1.26,1.21,1.26,641284000
2005-04-04,1.23,1.24,1.20,1.23,580014400
2005-04-05,1.25,1.26,1.23,1.23,556239600
2005-04-06,1.27,1.28,1.26,1.27,414825600
2005-04-07,1.30,1.31,1.26,1.27,506987600
2005-04-08,1.31,1.33,1.30,1.31,649950000
2005-04-11,1.25,1.32,1.25,1.32,821662800
2005-04-12,1.28,1.29,1.26,1.27,981061200
2005-04-13,1.23,1.29,1.21,1.28,1371946800
2005-04-14,1.11,1.18,1.10,1.16,2753192400
2005-04-15,1.06,1.11,1.06,1.10,1728087200
2005-04-18,1.07,1.09,1.02,1.05,1327177600
2005-04-19,1.11,1.12,1.07,1.09,1081642800
2005-04-20,1.06,1.13,1.06,1.13,945131600
2005-04-21,1.11,1.11,1.07,1.09,759592400
2005-04-22,1.06,1.11,1.04,1.10,839129200
2005-04-25,1.11,1.11,1.08,1.09,746460400
2005-04-26,1.08,1.12,1.08,1.10,810507600
2005-04-27,1.08,1.09,1.06,1.07,613888800
2005-04-28,1.06,1.09,1.05,1.09,575106000
2005-04-29,1.08,1.08,1.05,1.08,671630400
2005-05-02,1.09,1.10,1.08,1.08,465920000
2005-05-03,1.08,1.10,1.08,1.09,496739600
2005-05-04,1.11,1.11,1.08,1.08,448176400
2005-05-05,1.10,1.11,1.09,1.11,387366000
2005-05-06,1.11,1.12,1.10,1.10,326247600
2005-05-09,1.11,1.12,1.10,1.12,355695200
2005-05-10,1.09,1.11,1.09,1.10,440263600
2005-05-11,1.07,1.07,0.99,1.05,2041981200
2005-05-12,1.02,1.06,1.02,1.06,970242000
2005-05-13,1.04,1.05,1.02,1.02,702713200
2005-05-16,1.06,1.07,1.03,1.03,474294800
2005-05-17,1.06,1.06,1.03,1.05,588344400
2005-05-18,1.07,1.12,1.05,1.06,636722800
2005-05-19,1.12,1.13,1.07,1.07,793161600
2005-05-20,1.12,1.13,1.11,1.11,452650800
2005-05-23,1.19,1.19,1.13,1.13,1042574400
2005-05-24,1.19,1.20,1.17,1.18,593460000
2005-05-25,1.19,1.19,1.18,1.18,396006800
2005-05-26,1.22,1.22,1.19,1.19,525520800
2005-05-27,1.21,1.22,1.20,1.22,316008000
2005-05-31,1.19,1.22,1.18,1.22,404205200
2005-06-01,1.21,1.22,1.19,1.19,453812800
2005-06-02,1.20,1.21,1.18,1.20,373973600
2005-06-03,1.14,1.15,1.13,1.14,956869200
2005-06-06,1.13,1.16,1.12,1.15,811966400
2005-06-07,1.09,1.13,1.09,1.12,745264800
2005-06-08,1.10,1.11,1.09,1.10,404006400
2005-06-09,1.13,1.13,1.10,1.11,390255600
2005-06-10,1.07,1.12,1.06,1.12,678932800
2005-06-13,1.07,1.09,1.07,1.07,435772400
2005-06-14,1.08,1.08,1.07,1.07,347846800
2005-06-15,1.11,1.12,1.09,1.10,563343200
2005-06-16,1.14,1.14,1.10,1.11,547674400
2005-06-17,1.15,1.15,1.13,1.15,596125600
2005-06-20,1.12,1.14,1.12,1.13,323716400
2005-06-21,1.13,1.14,1.12,1.13,370526800
2005-06-22,1.15,1.15,1.14,1.14,424925200
2005-06-23,1.16,1.19,1.16,1.16,674254000
2005-06-24,1.13,1.17,1.13,1.17,410709600
2005-06-27,1.11,1.14,1.10,1.10,600171600
2005-06-28,1.12,1.12,1.11,1.12,350299600
2005-06-29,1.09,1.12,1.08,1.11,448358400
2005-06-30,1.10,1.11,1.09,1.09,418390000
2005-07-01,1.09,1.11,1.09,1.10,250000800
2005-07-05,1.14,1.14,1.09,1.09,454269200
2005-07-06,1.12,1.14,1.11,1.13,394626400
2005-07-07,1.13,1.13,1.10,1.10,383723200
2005-07-08,1.14,1.14,1.12,1.13,290735200
2005-07-11,1.14,1.16,1.13,1.15,388788400
2005-07-12,1.14,1.15,1.13,1.14,387038400
2005-07-13,1.15,1.15,1.13,1.15,684835200
2005-07-14,1.22,1.26,1.20,1.22,2096060400
2005-07-15,1.24,1.24,1.21,1.23,687682800
2005-07-18,1.24,1.26,1.24,1.24,586297600
2005-07-19,1.29,1.29,1.23,1.24,671062000
2005-07-20,1.30,1.31,1.28,1.28,453395600
2005-07-21,1.29,1.32,1.28,1.31,404264000
2005-07-22,1.32,1.32,1.30,1.30,301106400
2005-07-25,1.31,1.32,1.31,1.32,294627200
2005-07-26,1.30,1.32,1.30,1.32,268592800
2005-07-27,1.32,1.32,1.28,1.31,283749200
2005-07-28,1.31,1.32,1.30,1.31,251311200
2005-07-29,1.28,1.33,1.26,1.30,562080400
2005-08-01,1.28,1.29,1.26,1.27,314249600
2005-08-02,1.29,1.30,1.27,1.28,296875600
2005-08-03,1.29,1.30,1.28,1.29,258322400
2005-08-04,1.28,1.29,1.26,1.28,269304000
2005-08-05,1.29,1.30,1.26,1.27,241931200
2005-08-08,1.28,1.29,1.27,1.29,176383200
2005-08-09,1.31,1.31,1.28,1.28,380839200
2005-08-10,1.30,1.33,1.30,1.32,360945200
2005-08-11,1.32,1.32,1.29,1.30,271983600
2005-08-12,1.38,1.38,1.30,1.30,916036800
2005-08-15,1.43,1.45,1.39,1.39,1086727600
2005-08-16,1.38,1.42,1.38,1.42,537622400
2005-08-17,1.41,1.42,1.39,1.39,499724400
2005-08-18,1.38,1.41,1.37,1.40,442559600
2005-08-19,1.37,1.40,1.37,1.38,376569200
2005-08-22,1.37,1.40,1.35,1.38,387732800
2005-08-23,1.37,1.38,1.36,1.37,295604400
2005-08-24,1.37,1.41,1.36,1.36,572070800
2005-08-25,1.38,1.39,1.37,1.38,276253600
2005-08-26,1.37,1.39,1.36,1.38,261058000
2005-08-29,1.37,1.38,1.35,1.35,256295200
2005-08-30,1.39,1.40,1.37,1.38,518761600
2005-08-31,1.40,1.41,1.38,1.40,402956400
2005-09-01,1.38,1.41,1.38,1.41,356367200
2005-09-02,1.38,1.40,1.38,1.38,222378800
2005-09-06,1.46,1.46,1.39,1.40,818619200
2005-09-07,1.46,1.48,1.43,1.47,963074000
2005-09-08,1.49,1.50,1.47,1.48,702640400
2005-09-09,1.53,1.54,1.49,1.50,615641600
2005-09-12,1.54,1.54,1.51,1.53,452796400
2005-09-13,1.52,1.53,1.51,1.53,492884000
2005-09-14,1.48,1.53,1.48,1.53,474426400
2005-09-15,1.49,1.50,1.48,1.50,415156000
2005-09-16,1.53,1.53,1.49,1.50,591004400
2005-09-19,1.57,1.58,1.53,1.53,783731200
2005-09-20,1.59,1.61,1.58,1.58,819828800
2005-09-21,1.56,1.59,1.55,1.58,434747600
2005-09-22,1.55,1.57,1.53,1.55,463727600
2005-09-23,1.59,1.60,1.55,1.56,558457200
2005-09-26,1.61,1.63,1.59,1.62,546562800
2005-09-27,1.60,1.62,1.60,1.61,341703600
2005-09-28,1.53,1.59,1.51,1.59,1125544000
2005-09-29,1.57,1.57,1.52,1.53,636846000
2005-09-30,1.60,1.60,1.55,1.57,531633200
2005-10-03,1.63,1.63,1.61,1.62,507553200
2005-10-04,1.61,1.66,1.60,1.64,539459200
2005-10-05,1.58,1.63,1.58,1.62,610769600
2005-10-06,1.55,1.60,1.52,1.59,757537200
2005-10-07,1.53,1.55,1.51,1.55,677882800
2005-10-10,1.51,1.55,1.50,1.55,507505600
2005-10-11,1.54,1.55,1.51,1.53,1225884800
2005-10-12,1.47,1.50,1.43,1.46,2697486400
2005-10-13,1.61,1.61,1.47,1.48,1865575600
2005-10-14,1.62,1.63,1.58,1.62,1035552000
2005-10-17,1.60,1.62,1.58,1.61,616834400
2005-10-18,1.56,1.61,1.56,1.59,609588000
2005-10-19,1.64,1.64,1.53,1.56,1008683200
2005-10-20,1.68,1.69,1.63,1.63,1357762000
2005-10-21,1.66,1.70,1.66,1.70,796726000
2005-10-24,1.70,1.70,1.65,1.65,609753200
2005-10-25,1.68,1.70,1.67,1.69,465127600
2005-10-26,1.71,1.72,1.67,1.68,631593200
2005-10-27,1.66,1.71,1.66,1.70,411541200
2005-10-28,1.63,1.69,1.62,1.68,769787200
2005-10-31,1.72,1.73,1.64,1.65,940844800
2005-11-01,1.72,1.74,1.70,1.71,749686000
2005-11-02,1.79,1.79,1.72,1.73,857060400
2005-11-03,1.85,1.86,1.80,1.80,884382800
2005-11-04,1.83,1.83,1.78,1.81,878035200
2005-11-07,1.80,1.84,1.80,1.82,638831200
2005-11-08,1.79,1.81,1.77,1.79,473765600
2005-11-09,1.80,1.83,1.79,1.79,552930000
2005-11-10,1.83,1.83,1.76,1.81,665344400
2005-11-11,1.84,1.86,1.83,1.84,425448800
2005-11-14,1.84,1.85,1.82,1.84,369933200
2005-11-15,1.86,1.89,1.84,1.84,536841200
2005-11-16,1.94,1.95,1.89,1.89,784515200
2005-11-17,1.93,1.97,1.92,1.96,676205600
2005-11-18,1.93,1.96,1.93,1.95,524960800
2005-11-21,1.94,1.95,1.91,1.94,511711200
2005-11-22,1.99,2.00,1.93,1.94,540282400
2005-11-23,2.01,2.03,1.99,2.00,485853200
2005-11-25,2.07,2.08,2.02,2.02,395012800
2005-11-28,2.08,2.13,2.07,2.12,1018519600
2005-11-29,2.04,2.10,2.01,2.09,891433200
2005-11-30,2.03,2.06,2.02,2.05,595674800
2005-12-01,2.14,2.15,2.06,2.06,812893200
2005-12-02,2.17,2.18,2.11,2.16,895762000
2005-12-05,2.15,2.17,2.14,2.15,583671200
2005-12-06,2.21,2.24,2.19,2.21,857029600
2005-12-07,2.21,2.23,2.19,2.22,679464800
2005-12-08,2.22,2.22,2.17,2.19,790479200
2005-12-09,2.22,2.23,2.19,2.22,555402400
2005-12-12,2.24,2.25,2.23,2.24,524994400
2005-12-13,2.24,2.26,2.22,2.24,493816400
2005-12-14,2.15,2.19,2.10,2.17,1450716400
2005-12-15,2.16,2.18,2.13,2.17,561162000
2005-12-16,2.13,2.16,2.13,2.16,671171200
2005-12-19,2.13,2.17,2.12,2.13,529295200
2005-12-20,2.16,2.16,2.13,2.14,479108000
2005-12-21,2.20,2.20,2.17,2.17,475736800
2005-12-22,2.21,2.23,2.20,2.21,370610800
2005-12-23,2.19,2.22,2.19,2.22,229857600
2005-12-27,2.22,2.25,2.21,2.21,590590000
2005-12-28,2.20,2.24,2.19,2.23,398115200
2005-12-29,2.14,2.21,2.14,2.21,490025200
2005-12-30,2.15,2.17,2.10,2.12,624262800
2006-01-03,2.24,2.24,2.16,2.16,807234400
2006-01-04,2.24,2.27,2.23,2.25,619603600
2006-01-05,2.22,2.24,2.21,2.24,449422400
2006-01-06,2.28,2.29,2.23,2.25,704457600
2006-01-09,2.27,2.31,2.27,2.29,675040800
2006-01-10,2.42,2.45,2.27,2.28,2279869200
2006-01-11,2.51,2.54,2.47,2.51,1493794400
2006-01-12,2.52,2.58,2.50,2.54,1280809600
2006-01-13,2.56,2.57,2.53,2.54,776305600
2006-01-17,2.53,2.58,2.51,2.56,835623600
2006-01-18,2.47,2.51,2.45,2.48,1200637200
2006-01-19,2.36,2.44,2.36,2.43,1695848000
2006-01-20,2.28,2.39,2.27,2.37,1134758800
2006-01-23,2.32,2.38,2.27,2.28,1059730000
2006-01-24,2.27,2.38,2.27,2.36,1142254400
2006-01-25,2.22,2.32,2.19,2.31,1275786400
2006-01-26,2.16,2.26,2.15,2.23,1181387200
2006-01-27,2.15,2.20,2.13,2.18,953864800
2006-01-30,2.24,2.29,2.12,2.13,1398401200
2006-01-31,2.26,2.28,2.21,2.26,913542000
2006-02-01,2.26,2.29,2.23,2.24,521186400
2006-02-02,2.16,2.25,2.15,2.25,707322000
2006-02-03,2.15,2.18,2.12,2.16,692123600
2006-02-06,2.01,2.17,2.00,2.15,1651767600
2006-02-07,2.02,2.08,1.99,2.04,1388830800
2006-02-08,2.06,2.07,1.97,2.05,953114400
2006-02-09,1.94,2.07,1.93,2.07,1149764000
2006-02-10,2.01,2.02,1.88,1.95,1760477600
2006-02-13,1.94,2.00,1.93,1.99,883498000
2006-02-14,2.02,2.04,1.94,1.95,1160938800
2006-02-15,2.07,2.08,2.00,2.01,1159771200
2006-02-16,2.11,2.12,2.08,2.09,948175200
2006-02-17,2.10,2.12,2.08,2.10,575999200
2006-02-21,2.07,2.12,2.05,2.11,779606800
2006-02-22,2.13,2.14,2.03,2.06,978238800
2006-02-23,2.15,2.18,2.14,2.15,856917600
2006-02-24,2.14,2.18,2.13,2.16,534744000
2006-02-27,2.12,2.16,2.11,2.15,791240800
2006-02-28,2.05,2.17,2.04,2.14,1266980400
2006-03-01,2.07,2.08,2.03,2.06,763817600
2006-03-02,2.08,2.09,2.05,2.06,625273600
2006-03-03,2.03,2.09,2.02,2.08,737668400
2006-03-06,1.96,2.03,1.94,2.02,912665600
2006-03-07,1.98,2.00,1.95,1.97,872877600
2006-03-08,1.96,2.01,1.95,1.98,653251200
2006-03-09,1.91,1.99,1.91,1.97,799304800
2006-03-10,1.89,1.93,1.87,1.92,1043142800
2006-03-13,1.96,1.98,1.94,1.95,861187600
2006-03-14,2.01,2.01,1.96,1.97,642020400
2006-03-15,1.98,2.04,1.96,2.03,891996000
2006-03-16,1.92,2.00,1.92,2.00,749638400
2006-03-17,1.93,1.96,1.92,1.94,812042000
2006-03-20,1.91,1.96,1.91,1.95,605441200
2006-03-21,1.85,1.92,1.84,1.85,1345366400
2006-03-22,1.84,1.89,1.83,1.86,1345895600
2006-03-23,1.80,1.85,1.78,1.85,1427826400
2006-03-24,1.79,1.82,1.77,1.80,1071980000
2006-03-27,1.78,1.84,1.78,1.81,1108072000
2006-03-28,1.76,1.80,1.74,1.78,1370322800
2006-03-29,1.86,1.87,1.72,1.77,2346834000
2006-03-30,1.88,1.89,1.84,1.88,1390650800
2006-03-31,1.88,1.90,1.86,1.89,815357200
2006-04-03,1.87,1.92,1.87,1.90,815791200
2006-04-04,1.83,1.86,1.83,1.86,931924000
2006-04-05,2.01,2.01,1.92,1.94,2233408800
2006-04-06,2.13,2.15,2.04,2.04,2663768800
2006-04-07,2.09,2.13,2.05,2.12,1545238800
2006-04-10,2.05,2.12,2.05,2.10,903515200
2006-04-11,2.03,2.07,2.01,2.06,939316000
2006-04-12,2.00,2.04,1.98,2.03,739894400
2006-04-13,1.99,2.02,1.97,1.98,734678000
2006-04-17,1.94,2.00,1.92,1.99,721938000
2006-04-18,1.98,1.99,1.94,1.95,794844400
2006-04-19,1.96,2.00,1.96,2.00,1086033200
2006-04-20,2.02,2.09,1.98,2.08,1666982800
2006-04-21,2.01,2.05,1.99,2.04,788986800
2006-04-24,1.97,2.00,1.96,2.00,707028000
2006-04-25,1.98,1.99,1.96,1.97,529062800
2006-04-26,2.04,2.04,1.99,1.99,710886400
2006-04-27,2.07,2.09,2.01,2.03,845947200
2006-04-28,2.11,2.13,2.07,2.08,760037600
2006-05-01,2.08,2.14,2.07,2.12,750380400
2006-05-02,2.14,2.15,2.10,2.10,771663200
2006-05-03,2.13,2.15,2.10,2.15,686991200
2006-05-04,2.13,2.18,2.11,2.13,860420400
2006-05-05,2.15,2.16,2.13,2.15,563911600
2006-05-08,2.15,2.21,2.15,2.18,594851600
2006-05-09,2.12,2.17,2.11,2.15,531666800
2006-05-10,2.11,2.13,2.08,2.13,459888800
2006-05-11,2.04,2.12,2.02,2.12,812688800
2006-05-12,2.02,2.05,2.00,2.03,641774000
2006-05-15,2.03,2.05,2.01,2.02,529177600
2006-05-16,1.94,2.04,1.94,2.04,936740000
2006-05-17,1.95,1.97,1.92,1.94,754194000
2006-05-18,1.89,1.98,1.89,1.96,658442400
2006-05-19,1.93,1.94,1.88,1.89,985866000
2006-05-22,1.90,1.91,1.88,1.91,718975600
2006-05-23,1.89,1.95,1.88,1.94,694414000
2006-05-24,1.89,1.90,1.84,1.88,916031200
2006-05-25,1.92,1.93,1.89,1.92,463372000
2006-05-26,1.90,1.93,1.89,1.92,432950000
2006-05-30,1.83,1.89,1.83,1.89,563402000
2006-05-31,1.79,1.85,1.76,1.85,1280977600
2006-06-01,1.86,1.86,1.78,1.79,942508000
2006-06-02,1.84,1.89,1.82,1.88,685787200
2006-06-05,1.79,1.83,1.79,1.83,605785600
2006-06-06,1.79,1.81,1.76,1.80,726037200
2006-06-07,1.75,1.81,1.75,1.80,750506400
2006-06-08,1.82,1.82,1.71,1.75,1397482800
2006-06-09,1.77,1.84,1.77,1.83,775838000
2006-06-12,1.70,1.79,1.70,1.78,717785600
2006-06-13,1.74,1.77,1.72,1.72,1080643200
2006-06-14,1.72,1.76,1.70,1.74,878136000
2006-06-15,1.78,1.79,1.70,1.71,1190383600
2006-06-16,1.72,1.77,1.72,1.76,838101600
2006-06-19,1.71,1.74,1.70,1.73,704575200
2006-06-20,1.72,1.75,1.71,1.72,672974400
2006-06-21,1.73,1.76,1.71,1.73,863296000
2006-06-22,1.78,1.79,1.74,1.74,965633200
2006-06-23,1.76,1.80,1.76,1.79,660203600
2006-06-26,1.76,1.77,1.75,1.77,466536000
2006-06-27,1.72,1.77,1.72,1.77,550611600
2006-06-28,1.68,1.71,1.66,1.71,850704400
2006-06-29,1.76,1.77,1.69,1.70,873398400
2006-06-30,1.71,1.73,1.69,1.72,739695600
2006-07-03,1.73,1.74,1.72,1.72,194770800
2006-07-05,1.70,1.72,1.69,1.71,518240800
2006-07-06,1.67,1.72,1.66,1.71,633208800
2006-07-07,1.66,1.69,1.64,1.66,799360800
2006-07-10,1.65,1.69,1.63,1.67,529345600
2006-07-11,1.66,1.67,1.63,1.65,825022800
2006-07-12,1.58,1.65,1.58,1.65,927329200
2006-07-13,1.56,1.62,1.54,1.56,1249906000
2006-07-14,1.52,1.58,1.50,1.57,993036800
2006-07-17,1.57,1.59,1.54,1.55,1024542400
2006-07-18,1.58,1.61,1.55,1.59,1000448400
2006-07-19,1.62,1.65,1.57,1.58,1390743200
2006-07-20,1.81,1.84,1.79,1.82,1972146400
2006-07-21,1.82,1.83,1.78,1.79,891892400
2006-07-24,1.84,1.86,1.81,1.83,722856400
2006-07-25,1.85,1.86,1.82,1.85,589069600
2006-07-26,1.91,1.93,1.84,1.85,898427600
2006-07-27,1.90,1.94,1.88,1.93,735044800
2006-07-28,1.96,1.96,1.90,1.91,691507600
2006-07-31,2.03,2.05,1.98,2.00,892841600
2006-08-01,2.01,2.03,1.97,2.01,711765600
2006-08-02,2.04,2.05,2.02,2.02,550768400
2006-08-03,2.08,2.09,2.03,2.03,841044400
2006-08-04,2.04,2.05,1.94,2.01,1852866400
2006-08-07,2.01,2.08,1.98,2.03,1245512800
2006-08-08,1.94,2.01,1.93,2.01,997864000
2006-08-09,1.90,1.96,1.90,1.96,955838800
2006-08-10,1.92,1.94,1.88,1.89,697760000
2006-08-11,1.90,1.92,1.87,1.89,777529200
2006-08-14,1.91,1.95,1.90,1.92,717620400
2006-08-15,1.99,1.99,1.94,1.95,861352800
2006-08-16,2.03,2.04,1.98,2.01,781284000
2006-08-17,2.02,2.05,2.01,2.03,581148400
2006-08-18,2.03,2.05,2.01,2.03,536354000
2006-08-21,1.99,2.01,1.98,2.01,526226400
2006-08-22,2.02,2.04,1.99,1.99,576968000
2006-08-23,2.01,2.05,2.00,2.03,536258800
2006-08-24,2.03,2.04,1.98,2.03,655191600
2006-08-25,2.06,2.07,2.01,2.01,543958800
2006-08-28,2.00,2.05,1.99,2.05,738161200
2006-08-29,1.99,2.01,1.95,2.00,947332400
2006-08-30,2.00,2.03,1.99,2.01,680142400
2006-08-31,2.03,2.04,1.99,2.01,574697200
2006-09-01,2.05,2.05,2.03,2.05,408494800
2006-09-05,2.14,2.14,2.05,2.06,1012457600
2006-09-06,2.09,2.14,2.08,2.13,974103200
2006-09-07,2.18,2.20,2.10,2.11,1267957600
2006-09-08,2.17,2.20,2.15,2.19,895921600
2006-09-11,2.17,2.21,2.14,2.17,949124400
2006-09-12,2.17,2.20,2.14,2.18,1684687200
2006-09-13,2.22,2.22,2.16,2.18,1146138000
2006-09-14,2.22,2.23,2.20,2.20,801729600
2006-09-15,2.22,2.24,2.19,2.23,981853600
2006-09-18,2.21,2.24,2.19,2.21,705278000
2006-09-19,2.21,2.22,2.18,2.22,710049200
2006-09-20,2.25,2.26,2.22,2.22,822791200
2006-09-21,2.23,2.27,2.21,2.25,794124800
2006-09-22,2.18,2.22,2.17,2.22,665112000
2006-09-25,2.27,2.27,2.20,2.21,858992400
2006-09-26,2.32,2.33,2.28,2.28,1102948000
2006-09-27,2.29,2.32,2.27,2.31,810373200
2006-09-28,2.30,2.32,2.27,2.30,723609600
2006-09-29,2.30,2.32,2.29,2.31,405812400
2006-10-02,2.24,2.27,2.22,2.25,712639200
2006-10-03,2.22,2.24,2.19,2.23,790708800
2006-10-04,2.25,2.26,2.19,2.22,829082800
2006-10-05,2.24,2.28,2.22,2.23,683883200
2006-10-06,2.22,2.24,2.21,2.23,466958800
2006-10-09,2.23,2.25,2.20,2.21,438222400
2006-10-10,2.21,2.23,2.19,2.23,531588400
2006-10-11,2.19,2.21,2.17,2.20,571855200
2006-10-12,2.25,2.25,2.20,2.20,592855200
2006-10-13,2.24,2.30,2.24,2.26,684196800
2006-10-16,2.26,2.27,2.24,2.25,508692800
2006-10-17,2.22,2.25,2.21,2.24,480925200
2006-10-18,2.23,2.25,2.21,2.24,1133907600
2006-10-19,2.36,2.39,2.34,2.37,1512977200
2006-10-20,2.39,2.39,2.35,2.36,639413600
2006-10-23,2.44,2.45,2.39,2.39,832507200
2006-10-24,2.42,2.44,2.40,2.43,463212400
2006-10-25,2.44,2.45,2.42,2.43,485214800
2006-10-26,2.46,2.47,2.43,2.45,432756800
2006-10-27,2.41,2.47,2.39,2.45,594966400
2006-10-30,2.41,2.42,2.38,2.39,499917600
2006-10-31,2.43,2.44,2.40,2.44,501474400
2006-11-01,2.37,2.43,2.34,2.43,611192400
2006-11-02,2.36,2.37,2.35,2.36,465483200
2006-11-03,2.34,2.38,2.33,2.37,431888800
2006-11-06,2.38,2.39,2.35,2.36,434576800
2006-11-07,2.41,2.42,2.40,2.41,525932400
2006-11-08,2.47,2.47,2.39,2.39,690916800
2006-11-09,2.49,2.53,2.46,2.48,923053600
2006-11-10,2.49,2.50,2.47,2.50,373864400
2006-11-13,2.52,2.53,2.47,2.49,450674000
2006-11-14,2.54,2.54,2.51,2.54,588954800
2006-11-15,2.51,2.57,2.51,2.54,655323200
2006-11-16,2.56,2.58,2.53,2.54,693940800
2006-11-17,2.57,2.57,2.54,2.55,466424000
2006-11-20,2.59,2.60,2.55,2.55,570794000
2006-11-21,2.65,2.65,2.61,2.61,622666800
2006-11-22,2.70,2.71,2.63,2.66,671941200
2006-11-24,2.74,2.78,2.68,2.68,518677600
2006-11-27,2.68,2.79,2.68,2.77,1074836000
2006-11-28,2.75,2.75,2.69,2.70,1036173600
2006-11-29,2.75,2.79,2.70,2.78,1157083200
2006-11-30,2.74,2.77,2.72,2.76,870486400
2006-12-01,2.73,2.76,2.69,2.75,795079600
2006-12-04,2.73,2.75,2.71,2.75,709536800
2006-12-05,2.73,2.76,2.72,2.74,662838400
2006-12-06,2.69,2.73,2.68,2.71,638184400
2006-12-07,2.60,2.71,2.60,2.69,1004827600
2006-12-08,2.64,2.67,2.60,2.61,784277200
2006-12-11,2.65,2.67,2.63,2.66,499780400
2006-12-12,2.58,2.66,2.56,2.65,1026620000
2006-12-13,2.66,2.66,2.61,2.63,857052000
2006-12-14,2.65,2.69,2.64,2.66,832330800
2006-12-15,2.62,2.67,2.61,2.66,739939200
2006-12-18,2.56,2.63,2.53,2.62,721576800
2006-12-19,2.58,2.59,2.50,2.53,911405600
2006-12-20,2.54,2.59,2.53,2.59,567691600
2006-12-21,2.48,2.56,2.46,2.53,903599200
2006-12-22,2.46,2.51,2.44,2.50,613303600
2006-12-26,2.44,2.47,2.42,2.46,490688800
2006-12-27,2.44,2.45,2.30,2.34,1935754800
2006-12-28,2.42,2.43,2.38,2.40,1119876800
2006-12-29,2.54,2.55,2.49,2.51,1076429200
2007-01-03,2.51,2.59,2.45,2.58,1238319600
2007-01-04,2.56,2.57,2.51,2.51,847260400
2007-01-05,2.54,2.58,2.52,2.57,834741600
2007-01-08,2.56,2.59,2.55,2.57,797106800
2007-01-09,2.77,2.78,2.55,2.59,3349298400
2007-01-10,2.90,2.93,2.80,2.83,2952880000
2007-01-11,2.87,2.89,2.84,2.87,1440252800
2007-01-12,2.83,2.84,2.79,2.83,1312690400
2007-01-16,2.90,2.91,2.85,2.86,1244076400
2007-01-17,2.84,2.92,2.84,2.92,1646260000
2007-01-18,2.66,2.75,2.66,2.75,2364605600
2007-01-19,2.65,2.68,2.64,2.65,1364473600
2007-01-22,2.60,2.67,2.56,2.67,1454026000
2007-01-23,2.56,2.62,2.56,2.56,1207424400
2007-01-24,2.59,2.61,2.57,2.59,927813600
2007-01-25,2.58,2.65,2.57,2.61,905973600
2007-01-26,2.55,2.61,2.54,2.61,986874000
2007-01-29,2.57,2.59,2.56,2.58,901664400
2007-01-30,2.56,2.59,2.55,2.59,577970400
2007-01-31,2.56,2.57,2.52,2.54,856069200
2007-02-01,2.53,2.58,2.53,2.58,664342000
2007-02-02,2.53,2.55,2.50,2.52,621530000
2007-02-05,2.51,2.55,2.51,2.52,578852400
2007-02-06,2.52,2.53,2.48,2.53,864393600
2007-02-07,2.58,2.58,2.50,2.53,1066825200
2007-02-08,2.58,2.59,2.55,2.56,679030800
2007-02-09,2.49,2.58,2.49,2.57,860540800
2007-02-12,2.54,2.55,2.50,2.53,724071600
2007-02-13,2.53,2.55,2.52,2.55,580986000
2007-02-14,2.55,2.56,2.53,2.53,507981600
2007-02-15,2.55,2.56,2.54,2.56,363661200
2007-02-16,2.54,2.55,2.53,2.55,399868000
2007-02-20,2.57,2.58,2.52,2.53,617702400
2007-02-21,2.67,2.68,2.57,2.57,1155313600
2007-02-22,2.68,2.72,2.65,2.72,838224800
2007-02-23,2.66,2.70,2.66,2.67,517893600
2007-02-26,2.65,2.69,2.62,2.69,615848800
2007-02-27,2.51,2.60,2.49,2.58,1145813200
2007-02-28,2.53,2.56,2.48,2.48,919475200
2007-03-01,2.60,2.64,2.50,2.51,1415528800
2007-03-02,2.55,2.62,2.55,2.60,860000400
2007-03-05,2.58,2.65,2.57,2.57,838899600
2007-03-06,2.64,2.64,2.61,2.63,723186800
2007-03-07,2.62,2.66,2.62,2.63,626284400
2007-03-08,2.63,2.65,2.62,2.65,511011200
2007-03-09,2.63,2.66,2.61,2.66,451836000
2007-03-12,2.69,2.69,2.63,2.63,729408400
2007-03-13,2.64,2.71,2.64,2.67,867890800
2007-03-14,2.69,2.69,2.63,2.65,796586000
2007-03-15,2.68,2.70,2.67,2.69,559498800
2007-03-16,2.68,2.69,2.67,2.68,571704000
2007-03-19,2.73,2.74,2.68,2.70,712961200
2007-03-20,2.74,2.75,2.72,2.73,488916400
2007-03-21,2.81,2.81,2.74,2.75,686896000
2007-03-22,2.81,2.82,2.78,2.80,561492400
2007-03-23,2.80,2.81,2.79,2.79,450884000
2007-03-26,2.87,2.87,2.79,2.81,864987200
2007-03-27,2.86,2.90,2.84,2.86,932052800
2007-03-28,2.79,2.85,2.79,2.84,942337200
2007-03-29,2.80,2.82,2.76,2.82,725723600
2007-03-30,2.78,2.83,2.77,2.82,600558000
2007-04-02,2.80,2.82,2.78,2.82,501992400
2007-04-03,2.83,2.85,2.80,2.82,583934400
2007-04-04,2.82,2.85,2.82,2.84,476784000
2007-04-05,2.83,2.83,2.80,2.82,355516000
2007-04-09,2.80,2.85,2.78,2.85,413341600
2007-04-10,2.82,2.82,2.79,2.80,352466800
2007-04-11,2.77,2.81,2.76,2.81,549018400
2007-04-12,2.76,2.76,2.71,2.75,656675600
2007-04-13,2.70,2.73,2.69,2.72,719941600
2007-04-16,2.73,2.74,2.70,2.71,609033600
2007-04-17,2.70,2.76,2.68,2.75,751920400
2007-04-18,2.70,2.72,2.68,2.70,464044000
2007-04-19,2.70,2.73,2.69,2.70,425913600
2007-04-20,2.72,2.73,2.71,2.72,522779600
2007-04-23,2.80,2.81,2.73,2.74,780290000
2007-04-24,2.79,2.88,2.73,2.81,1055252800
2007-04-25,2.85,2.85,2.81,2.82,1187144000
2007-04-26,2.96,3.07,2.94,3.04,1737778000
2007-04-27,2.99,2.99,2.92,2.94,699403600
2007-04-30,2.98,3.02,2.98,2.99,616509600
2007-05-01,2.98,3.00,2.95,2.98,532523600
2007-05-02,3.00,3.01,2.98,2.98,505145200
2007-05-03,3.00,3.03,2.99,3.01,576077600
2007-05-04,3.02,3.04,3.01,3.01,381987200
2007-05-07,3.11,3.12,3.02,3.02,861557200
2007-05-08,3.14,3.14,3.09,3.09,783997200
2007-05-09,3.20,3.20,3.14,3.14,717757600
2007-05-10,3.21,3.26,3.17,3.19,1197257600
2007-05-11,3.25,3.26,3.19,3.22,653696400
2007-05-14,3.27,3.29,3.24,3.28,651946400
2007-05-15,3.22,3.30,3.18,3.28,954514400
2007-05-16,3.21,3.26,3.09,3.25,1126767600
2007-05-17,3.27,3.29,3.20,3.20,735291200
2007-05-18,3.29,3.31,3.28,3.30,621345200
2007-05-21,3.35,3.36,3.29,3.30,639892400
2007-05-22,3.40,3.40,3.35,3.36,572409600
2007-05-23,3.38,3.44,3.37,3.41,911374800
2007-05-24,3.31,3.42,3.30,3.37,887362000
2007-05-25,3.40,3.40,3.33,3.35,632959600
2007-05-29,3.42,3.44,3.37,3.42,645694000
2007-05-30,3.55,3.56,3.40,3.42,1478444800
2007-05-31,3.62,3.65,3.58,3.59,1297066400
2007-06-01,3.54,3.62,3.54,3.62,885262000
2007-06-04,3.63,3.64,3.53,3.55,886673200
2007-06-05,3.67,3.67,3.60,3.63,920785600
2007-06-06,3.70,3.71,3.65,3.66,1112241200
2007-06-07,3.71,3.82,3.68,3.74,1915079600
2007-06-08,3.72,3.76,3.66,3.76,1241682400
2007-06-11,3.59,3.77,3.58,3.77,1874258400
2007-06-12,3.60,3.64,3.54,3.57,1426566400
2007-06-13,3.51,3.62,3.45,3.62,1721353200
2007-06-14,3.55,3.57,3.48,3.51,973266000
2007-06-15,3.60,3.61,3.58,3.61,811218800
2007-06-18,3.74,3.74,3.67,3.69,910604800
2007-06-19,3.70,3.74,3.68,3.73,943026000
2007-06-20,3.64,3.73,3.63,3.70,897512000
2007-06-21,3.71,3.72,3.61,3.64,867045200
2007-06-22,3.68,3.72,3.66,3.70,631876000
2007-06-25,3.66,3.74,3.62,3.71,965403600
2007-06-26,3.58,3.71,3.55,3.71,1345005200
2007-06-27,3.65,3.65,3.57,3.61,974696800
2007-06-28,3.61,3.66,3.59,3.66,838143600
2007-06-29,3.65,3.71,3.62,3.65,1137841600
2007-07-02,3.63,3.65,3.57,3.62,994862400
2007-07-03,3.80,3.81,3.63,3.65,1162481600
2007-07-05,3.97,3.98,3.85,3.85,1453051600
2007-07-06,3.96,3.99,3.90,3.98,874694800
2007-07-09,3.90,3.97,3.86,3.96,995820000
2007-07-10,3.96,4.02,3.85,3.85,1255007600
2007-07-11,3.96,4.00,3.93,3.95,821772000
2007-07-12,4.01,4.02,3.96,4.00,704608800
2007-07-13,4.12,4.12,4.02,4.04,907606000
2007-07-16,4.13,4.19,4.11,4.14,936112800
2007-07-17,4.15,4.18,4.11,4.14,709959600
2007-07-18,4.13,4.14,4.07,4.13,756856800
2007-07-19,4.19,4.21,4.18,4.20,732891600
2007-07-20,4.30,4.31,4.19,4.24,1167773600
2007-07-23,4.30,4.34,4.22,4.29,1036490000
2007-07-24,4.03,4.22,4.01,4.15,1795292800
2007-07-25,4.11,4.14,4.04,4.11,1496182800
2007-07-26,4.37,4.44,4.10,4.36,2186629200
2007-07-27,4.30,4.45,4.30,4.37,1161098400
2007-07-30,4.23,4.35,4.17,4.32,1106988400
2007-07-31,3.94,4.29,3.93,4.28,1762392800
2007-08-01,4.04,4.05,3.82,4.00,1750156800
2007-08-02,4.08,4.10,4.01,4.09,852644800
2007-08-03,3.94,4.07,3.93,4.05,679187600
2007-08-06,4.05,4.05,3.84,3.97,925170400
2007-08-07,4.04,4.10,3.97,4.04,949936400
2007-08-08,4.01,4.09,3.95,4.09,808096800
2007-08-09,3.78,3.98,3.74,3.92,1125395600
2007-08-10,3.74,3.82,3.60,3.68,1410749200
2007-08-13,3.82,3.87,3.78,3.84,752911600
2007-08-14,3.71,3.84,3.70,3.84,739006800
2007-08-15,3.59,3.73,3.58,3.67,992852000
2007-08-16,3.50,3.54,3.34,3.50,1866690000
2007-08-17,3.65,3.69,3.58,3.65,1195062400
2007-08-20,3.66,3.72,3.60,3.71,803317200
2007-08-21,3.82,3.86,3.62,3.66,1303047200
2007-08-22,3.96,3.97,3.90,3.92,1061765600
2007-08-23,3.92,3.99,3.88,3.98,866838000
2007-08-24,4.05,4.05,3.88,3.90,911834000
2007-08-27,3.96,4.03,3.95,3.99,707439600
2007-08-28,3.79,3.96,3.79,3.92,1179365600
2007-08-29,4.01,4.01,3.87,3.88,1166860800
2007-08-30,4.08,4.14,3.96,3.97,1435582400
2007-08-31,4.14,4.18,4.11,4.17,876887200
2007-09-04,4.31,4.36,4.18,4.19,1316842800
2007-09-05,4.09,4.36,4.07,4.34,2328222400
2007-09-06,4.04,4.11,3.97,4.05,1901261600
2007-09-07,3.94,3.96,3.89,3.95,1430576000
2007-09-10,4.09,4.13,4.01,4.10,1487838800
2007-09-11,4.05,4.14,4.00,4.12,971885600
2007-09-12,4.09,4.17,4.06,4.07,1022770000
2007-09-13,4.10,4.16,4.09,4.15,656163200
2007-09-14,4.15,4.16,4.07,4.08,607320000
2007-09-17,4.14,4.20,4.12,4.16,793371600
2007-09-18,4.21,4.27,4.12,4.16,1064089600
2007-09-19,4.21,4.28,4.17,4.28,1026880400
2007-09-20,4.20,4.24,4.17,4.19,691840800
2007-09-21,4.31,4.33,4.20,4.22,1138880400
2007-09-24,4.43,4.48,4.39,4.39,1052161600
2007-09-25,4.58,4.58,4.39,4.39,1192550800
2007-09-26,4.57,4.64,4.52,4.62,975268000
2007-09-27,4.62,4.62,4.56,4.60,658198800
2007-09-28,4.59,4.62,4.57,4.59,615101200
2007-10-01,4.68,4.71,4.57,4.62,837068400
2007-10-02,4.74,4.74,4.66,4.68,792069600
2007-10-03,4.72,4.76,4.70,4.72,692518400
2007-10-04,4.67,4.73,4.59,4.73,656958400
2007-10-05,4.83,4.83,4.72,4.74,943471200
2007-10-08,5.02,5.02,4.87,4.89,835928800
2007-10-09,5.02,5.12,4.99,5.09,1104286400
2007-10-10,4.99,5.02,4.95,5.01,667590000
2007-10-11,4.85,5.14,4.58,5.07,1643992000
2007-10-12,5.00,5.00,4.84,4.88,988176000
2007-10-15,4.99,5.07,4.89,5.02,1077930000
2007-10-16,5.07,5.09,4.94,4.95,1067830400
2007-10-17,5.17,5.18,5.06,5.17,1127613200
2007-10-18,5.19,5.21,5.12,5.13,823676000
2007-10-19,5.10,5.22,5.08,5.21,1291780000
2007-10-22,5.22,5.23,5.08,5.10,1649499600
2007-10-23,5.57,5.64,5.47,5.64,1795164000
2007-10-24,5.56,5.60,5.36,5.56,1288481600
2007-10-25,5.47,5.56,5.43,5.53,973602000
2007-10-26,5.52,5.54,5.47,5.54,706876800
2007-10-29,5.54,5.58,5.52,5.55,540554000
2007-10-30,5.59,5.66,5.53,5.57,939414000
2007-10-31,5.68,5.69,5.53,5.61,833310800
2007-11-01,5.61,5.69,5.38,5.64,805036400
2007-11-02,5.62,5.67,5.49,5.66,1002114400
2007-11-05,5.57,5.65,5.51,5.54,804176800
2007-11-06,5.74,5.74,5.54,5.59,954727200
2007-11-07,5.57,5.76,5.57,5.70,994327600
2007-11-08,5.25,5.59,5.02,5.58,1890378000
2007-11-09,4.95,5.24,4.94,5.12,1526380800
2007-11-12,4.60,5.02,4.51,4.94,1769065200
2007-11-13,5.08,5.11,4.60,4.81,1739446800
2007-11-14,4.97,5.31,4.90,5.30,1449168000
2007-11-15,4.91,5.07,4.79,4.98,1487410400
2007-11-16,4.98,5.00,4.77,4.94,1383494000
2007-11-19,4.90,5.03,4.85,4.97,1154428800
2007-11-20,5.05,5.14,4.89,4.96,1543642800
2007-11-21,5.04,5.15,4.93,4.96,1217809600
2007-11-23,5.13,5.15,5.08,5.14,465757600
2007-11-26,5.16,5.30,5.15,5.19,1305754800
2007-11-27,5.23,5.26,5.08,5.24,1317030400
2007-11-28,5.39,5.40,5.24,5.29,1150912000
2007-11-29,5.51,5.54,5.36,5.37,1050926800
2007-11-30,5.45,5.61,5.37,5.60,1187802000
2007-12-03,5.35,5.51,5.31,5.44,961469600
2007-12-04,5.38,5.41,5.29,5.30,773799600
2007-12-05,5.55,5.56,5.46,5.47,892402000
2007-12-06,5.68,5.69,5.57,5.57,899810800
2007-12-07,5.81,5.83,5.62,5.70,1066066400
2007-12-10,5.81,5.85,5.76,5.79,722377600
2007-12-11,5.64,5.89,5.60,5.82,1110925200
2007-12-12,5.71,5.82,5.56,5.79,1225660800
2007-12-13,5.74,5.75,5.62,5.69,864617600
2007-12-14,5.69,5.78,5.67,5.69,674312800
2007-12-17,5.52,5.76,5.47,5.70,1024693600
2007-12-18,5.47,5.60,5.34,5.58,1222603200
2007-12-19,5.48,5.52,5.41,5.47,827478400
2007-12-20,5.60,5.62,5.48,5.55,774057200
2007-12-21,5.80,5.80,5.68,5.69,993960800
2007-12-24,5.95,5.96,5.83,5.83,480202800
2007-12-26,5.95,6.01,5.89,5.95,703732400
2007-12-27,5.94,6.07,5.92,5.95,795527600
2007-12-28,5.98,6.03,5.89,6.00,699647200
2007-12-31,5.92,6.00,5.91,5.97,539333200
2008-01-02,5.83,5.99,5.76,5.96,1079178800
2008-01-03,5.83,5.90,5.76,5.84,842066400
2008-01-04,5.39,5.77,5.35,5.73,1455832000
2008-01-07,5.31,5.49,5.09,5.42,2072193200
2008-01-08,5.12,5.46,5.11,5.39,1523816000
2008-01-09,5.37,5.37,5.03,5.12,1813882000
2008-01-10,5.32,5.41,5.25,5.31,1482975200
2008-01-11,5.17,5.32,5.08,5.26,1232285600
2008-01-14,5.35,5.37,5.24,5.31,1100450400
2008-01-15,5.06,5.36,4.92,5.32,2343278000
2008-01-16,4.77,5.06,4.69,4.94,2213845200
2008-01-17,4.81,4.95,4.74,4.83,1757859600
2008-01-18,4.83,4.96,4.77,4.84,1724343600
2008-01-22,4.66,4.78,4.37,4.43,2434754000
2008-01-23,4.16,4.19,3.77,4.07,3372969600
2008-01-24,4.06,4.21,3.95,4.19,2005866800
2008-01-25,3.89,4.16,3.88,4.16,1554739200
2008-01-28,3.89,3.98,3.78,3.83,1474844000
2008-01-29,3.93,3.97,3.86,3.92,1099982800
2008-01-30,3.95,4.05,3.89,3.93,1243051600
2008-01-31,4.05,4.09,3.87,3.87,1345674400
2008-02-01,4.00,4.09,3.95,4.07,1010744000
2008-02-04,3.94,4.06,3.93,4.01,899234000
2008-02-05,3.87,4.01,3.86,3.90,1141042000
2008-02-06,3.65,3.95,3.64,3.91,1573272400
2008-02-07,3.63,3.73,3.51,3.59,2083331600
2008-02-08,3.75,3.76,3.64,3.65,1355972800
2008-02-11,3.87,3.89,3.80,3.83,1201432400
2008-02-12,3.73,3.92,3.70,3.91,1225980000
2008-02-13,3.87,3.88,3.76,3.79,968534000
2008-02-14,3.81,3.91,3.80,3.87,954097200
2008-02-15,3.73,3.80,3.71,3.78,901300400
2008-02-19,3.65,3.79,3.63,3.77,1005046000
2008-02-20,3.70,3.73,3.64,3.65,967439200
2008-02-21,3.64,3.78,3.61,3.77,938114800
2008-02-22,3.57,3.66,3.47,3.66,1529878000
2008-02-25,3.58,3.59,3.49,3.55,1256774400
2008-02-26,3.56,3.62,3.45,3.52,1504888000
2008-02-27,3.68,3.68,3.53,3.54,1475138000
2008-02-28,3.89,3.95,3.76,3.80,1618254400
2008-02-29,3.74,3.89,3.73,3.87,1255480800
2008-03-03,3.64,3.77,3.53,3.72,1593043200
2008-03-04,3.73,3.74,3.60,3.65,1785383600
2008-03-05,3.72,3.74,3.66,3.70,1221836000
2008-03-06,3.62,3.81,3.61,3.73,1473698800
2008-03-07,3.66,3.68,3.56,3.60,1230462800
2008-03-10,3.58,3.69,3.57,3.65,999588800
2008-03-11,3.81,3.81,3.65,3.71,1163943200
2008-03-12,3.77,3.85,3.74,3.80,1059629200
2008-03-13,3.83,3.87,3.68,3.71,1262102800
2008-03-14,3.79,3.90,3.71,3.88,1156640800
2008-03-17,3.79,3.85,3.67,3.67,1072598800
2008-03-18,3.97,3.98,3.85,3.86,1205120000
2008-03-19,3.88,4.02,3.88,3.98,1010536800
2008-03-20,3.99,3.99,3.86,3.92,908787600
2008-03-24,4.17,4.21,4.00,4.01,1066920400
2008-03-25,4.22,4.28,4.11,4.19,1052391200
2008-03-26,4.34,4.36,4.21,4.21,1182084400
2008-03-27,4.19,4.35,4.19,4.34,999829600
2008-03-28,4.28,4.33,4.24,4.24,714610400
2008-03-31,4.29,4.36,4.26,4.29,768065200
2008-04-01,4.47,4.48,4.30,4.38,1032567200
2008-04-02,4.41,4.52,4.36,4.45,1044968400
2008-04-03,4.53,4.60,4.40,4.40,1051568000
2008-04-04,4.58,4.63,4.51,4.55,854417200
2008-04-07,4.66,4.78,4.64,4.67,1158326400
2008-04-08,4.57,4.68,4.56,4.59,1014294400
2008-04-09,4.53,4.60,4.50,4.59,873398400
2008-04-10,4.62,4.65,4.50,4.52,955763200
2008-04-11,4.40,4.59,4.38,4.57,1210076000
2008-04-14,4.42,4.46,4.32,4.39,845087600
2008-04-15,4.44,4.48,4.36,4.47,698037200
2008-04-16,4.60,4.61,4.50,4.54,795774000
2008-04-17,4.62,4.67,4.59,4.61,704267200
2008-04-18,4.82,4.85,4.74,4.76,1026765600
2008-04-21,5.03,5.04,4.84,4.85,1039152800
2008-04-22,4.79,5.02,4.73,5.01,1439572400
2008-04-23,4.87,4.93,4.82,4.91,1504190800
2008-04-24,5.05,5.08,4.76,4.95,1696066400
2008-04-25,5.08,5.12,4.98,5.11,992474000
2008-04-28,5.15,5.20,5.06,5.08,787214400
2008-04-29,5.24,5.25,5.09,5.12,923476400
2008-04-30,5.20,5.38,5.17,5.27,1139524400
2008-05-01,5.38,5.38,5.23,5.23,903576800
2008-05-02,5.41,5.44,5.34,5.39,1006082000
2008-05-05,5.53,5.54,5.42,5.44,854557200
2008-05-06,5.58,5.60,5.45,5.52,918870400
2008-05-07,5.46,5.63,5.40,5.56,1157133600
2008-05-08,5.54,5.58,5.48,5.50,899085600
2008-05-09,5.49,5.51,5.42,5.48,673072400
2008-05-12,5.63,5.65,5.47,5.54,818563200
2008-05-13,5.68,5.73,5.62,5.64,823236400
2008-05-14,5.57,5.75,5.55,5.72,916823600
2008-05-15,5.67,5.68,5.51,5.59,873208000
2008-05-16,5.61,5.69,5.59,5.69,765769200
2008-05-19,5.49,5.64,5.42,5.62,945820400
2008-05-20,5.56,5.57,5.39,5.44,969850000
2008-05-21,5.33,5.62,5.27,5.55,1157657200
2008-05-22,5.30,5.42,5.14,5.36,1206735600
2008-05-23,5.42,5.44,5.32,5.41,906917200
2008-05-27,5.58,5.58,5.44,5.47,789905200
2008-05-28,5.59,5.62,5.49,5.61,743979600
2008-05-29,5.58,5.63,5.55,5.59,647186400
2008-05-30,5.65,5.67,5.60,5.61,610184400
2008-06-02,5.57,5.67,5.52,5.64,679840000
2008-06-03,5.54,5.63,5.45,5.59,750520400
2008-06-04,5.54,5.60,5.48,5.50,726983600
2008-06-05,5.67,5.68,5.55,5.57,755445600
2008-06-06,5.55,5.68,5.55,5.62,966422800
2008-06-09,5.43,5.53,5.26,5.53,1888392800
2008-06-10,5.55,5.59,5.35,5.40,1140941200
2008-06-11,5.41,5.56,5.37,5.51,961550800
2008-06-12,5.18,5.46,5.12,5.43,1308333600
2008-06-13,5.16,5.21,4.94,5.13,1345957200
2008-06-16,5.29,5.32,5.06,5.12,1051730400
2008-06-17,5.43,5.44,5.31,5.33,899656800
2008-06-18,5.35,5.45,5.30,5.42,811468000
2008-06-19,5.41,5.45,5.29,5.34,791949200
2008-06-20,5.24,5.41,5.23,5.36,888367200
2008-06-23,5.18,5.26,5.13,5.23,645780800
2008-06-24,5.18,5.26,5.13,5.16,621947200
2008-06-25,5.31,5.35,5.20,5.22,644450800
2008-06-26,5.03,5.23,5.03,5.21,869610000
2008-06-27,5.09,5.10,4.91,4.98,1042249600
2008-06-30,5.01,5.14,4.98,5.09,684196800
2008-07-01,5.22,5.23,4.91,4.91,1111280800
2008-07-02,5.03,5.31,5.03,5.24,837519200
2008-07-03,5.09,5.15,4.96,5.07,523362000
2008-07-07,5.24,5.30,5.14,5.18,820391600
2008-07-08,5.37,5.37,5.17,5.25,888350400
2008-07-09,5.21,5.41,5.21,5.39,895776000
2008-07-10,5.28,5.30,5.13,5.23,840688800
2008-07-11,5.16,5.30,5.11,5.25,930011600
2008-07-14,5.20,5.36,5.18,5.36,886054400
2008-07-15,5.07,5.20,4.98,5.16,1040043200
2008-07-16,5.17,5.17,5.04,5.09,747790400
2008-07-17,5.14,5.23,5.13,5.21,757526000
2008-07-18,4.94,5.07,4.94,5.04,868414400
2008-07-21,4.97,5.01,4.82,4.99,1360469600
2008-07-22,4.85,4.87,4.38,4.46,1879592400
2008-07-23,4.97,5.04,4.83,4.93,1061768400
2008-07-24,4.76,4.94,4.74,4.91,839619200
2008-07-25,4.85,4.88,4.75,4.80,633637200
2008-07-28,4.62,4.86,4.61,4.86,780712800
2008-07-29,4.70,4.77,4.60,4.65,684070800
2008-07-30,4.78,4.80,4.67,4.72,725183200
2008-07-31,4.75,4.85,4.70,4.71,637498400
2008-08-01,4.69,4.79,4.66,4.78,544639200
2008-08-04,4.58,4.72,4.57,4.68,592527600
2008-08-05,4.80,4.81,4.63,4.65,688371600
2008-08-06,4.91,5.01,4.73,4.78,791408800
2008-08-07,4.89,4.97,4.83,4.87,672372400
2008-08-08,5.07,5.07,4.90,4.90,713997200
2008-08-11,5.19,5.28,5.07,5.09,891304400
2008-08-12,5.29,5.36,5.19,5.19,836278800
2008-08-13,5.36,5.38,5.26,5.32,842346400
2008-08-14,5.36,5.40,5.32,5.33,711300800
2008-08-15,5.26,5.38,5.24,5.36,708251600
2008-08-18,5.25,5.32,5.20,5.25,552014400
2008-08-19,5.19,5.30,5.14,5.22,616204400
2008-08-20,5.26,5.29,5.19,5.23,506951200
2008-08-21,5.21,5.25,5.14,5.22,539744800
2008-08-22,5.29,5.31,5.25,5.26,439611200
2008-08-25,5.16,5.27,5.13,5.27,484425200
2008-08-26,5.19,5.23,5.16,5.17,445550000
2008-08-27,5.22,5.26,5.15,5.18,477780800
2008-08-28,5.20,5.27,5.17,5.24,431384800
2008-08-29,5.07,5.19,5.06,5.17,599289600
2008-09-02,4.97,5.19,4.94,5.16,780763200
2008-09-03,4.99,5.05,4.91,4.99,734834800
2008-09-04,4.82,5.02,4.81,4.96,743386000
2008-09-05,4.79,4.86,4.72,4.74,786884000
2008-09-08,4.72,4.93,4.53,4.92,1045979200
2008-09-09,4.54,4.78,4.48,4.69,1245025600
2008-09-10,4.53,4.64,4.45,4.56,973142800
2008-09-11,4.57,4.58,4.37,4.43,971135200
2008-09-12,4.45,4.51,4.38,4.51,793027200
2008-09-15,4.20,4.42,4.20,4.25,920634400
2008-09-16,4.18,4.26,3.95,4.00,1199836400
2008-09-17,3.82,4.14,3.82,4.14,1200455200
2008-09-18,4.01,4.05,3.61,3.91,1676253600
2008-09-19,4.21,4.31,4.08,4.27,1430875600
2008-09-22,3.92,4.19,3.91,4.19,856713200
2008-09-23,3.79,4.06,3.79,3.94,1280364400
2008-09-24,3.85,3.92,3.74,3.81,1047015200
2008-09-25,3.95,4.03,3.84,3.88,1006045600
2008-09-26,3.84,3.88,3.68,3.74,1126451200
2008-09-29,3.15,3.58,3.01,3.58,2622057200
2008-09-30,3.40,3.44,3.18,3.24,1626682400
2008-10-01,3.26,3.36,3.21,3.35,1296484000
2008-10-02,2.99,3.25,2.99,3.23,1609364400
2008-10-03,2.90,3.19,2.83,3.11,2294398400
2008-10-06,2.94,2.95,2.62,2.75,2107417200
2008-10-07,2.67,3.04,2.66,3.01,1878772000
2008-10-08,2.69,2.88,2.56,2.57,2207741200
2008-10-09,2.65,2.87,2.59,2.79,1617383600
2008-10-10,2.90,2.99,2.54,2.56,2219299600
2008-10-13,3.30,3.31,3.02,3.13,1539076000
2008-10-14,3.11,3.48,3.08,3.48,1980994400
2008-10-15,2.93,3.20,2.93,3.11,1584175600
2008-10-16,3.05,3.09,2.74,2.98,1980521200
2008-10-17,2.91,3.05,2.57,2.98,1762227600
2008-10-20,2.94,2.99,2.80,2.98,1549170000
2008-10-21,2.74,2.93,2.73,2.90,2193660000
2008-10-22,2.90,3.03,2.78,2.91,2248808800
2008-10-23,2.94,2.97,2.75,2.89,1675430400
2008-10-24,2.88,2.93,2.70,2.70,1590058400
2008-10-27,2.75,2.92,2.75,2.84,1208771200
2008-10-28,2.99,3.01,2.76,2.85,1634133200
2008-10-29,3.13,3.28,2.99,3.02,1950978400
2008-10-30,3.32,3.36,3.22,3.24,1638089600
2008-10-31,3.22,3.31,3.14,3.21,1659756000
2008-11-03,3.20,3.26,3.14,3.17,1057938000
2008-11-04,3.32,3.34,3.19,3.29,1398681200
2008-11-05,3.09,3.28,3.08,3.26,1256455200
2008-11-06,2.96,3.07,2.93,3.02,1319074400
2008-11-07,2.94,2.99,2.86,2.97,1095253600
2008-11-10,2.87,3.00,2.83,3.00,1123822000
2008-11-11,2.83,2.91,2.76,2.84,1224538000
2008-11-12,2.70,2.79,2.69,2.76,1178976400
2008-11-13,2.88,2.88,2.57,2.69,1854087200
2008-11-14,2.70,2.81,2.69,2.80,1405266800
2008-11-17,2.64,2.71,2.61,2.65,1162526400
2008-11-18,2.69,2.72,2.60,2.68,1209695200
2008-11-19,2.58,2.74,2.58,2.68,1171900800
2008-11-20,2.41,2.59,2.39,2.55,1716814400
2008-11-21,2.47,2.52,2.37,2.45,1569271200
2008-11-24,2.78,2.84,2.54,2.55,1442257600
2008-11-25,2.72,2.83,2.64,2.83,1235292800
2008-11-26,2.84,2.85,2.69,2.69,899836000
2008-11-28,2.77,2.83,2.75,2.83,297774400
2008-12-01,2.66,2.76,2.66,2.73,923767600
2008-12-02,2.77,2.77,2.59,2.69,1148722400
2008-12-03,2.87,2.88,2.66,2.67,1338680000
2008-12-04,2.73,2.85,2.66,2.82,1091370000
2008-12-05,2.81,2.83,2.66,2.70,1043795200
2008-12-08,2.98,3.01,2.87,2.91,1185142000
2008-12-09,2.99,3.10,2.91,2.93,1203496000
2008-12-10,2.94,2.98,2.89,2.93,938047600
2008-12-11,2.84,3.03,2.84,2.91,1040617200
2008-12-12,2.94,2.96,2.77,2.78,1041174400
2008-12-15,2.83,2.88,2.78,2.87,891758000
2008-12-16,2.85,2.89,2.77,2.81,1093506400
2008-12-17,2.67,2.72,2.63,2.72,1293860400
2008-12-18,2.67,2.72,2.65,2.67,857416000
2008-12-19,2.69,2.72,2.66,2.69,801920000
2008-12-22,2.56,2.69,2.53,2.69,844740400
2008-12-23,2.58,2.63,2.57,2.60,635031600
2008-12-24,2.54,2.58,2.53,2.58,271334000
2008-12-26,2.57,2.61,2.55,2.59,308324800
2008-12-29,2.59,2.62,2.54,2.59,686000000
2008-12-30,2.58,2.63,2.53,2.61,967601600
2008-12-31,2.55,2.62,2.55,2.57,607541200
2009-01-02,2.71,2.72,2.55,2.57,746015200
2009-01-05,2.83,2.88,2.77,2.79,1181608400
2009-01-06,2.78,2.91,2.76,2.87,1289310400
2009-01-07,2.72,2.77,2.70,2.75,753048800
2009-01-08,2.77,2.79,2.69,2.70,673500800
2009-01-09,2.71,2.79,2.70,2.79,546845600
2009-01-12,2.65,2.72,2.62,2.71,617716400
2009-01-13,2.62,2.68,2.58,2.64,798397600
2009-01-14,2.55,2.61,2.53,2.58,1021664000
2009-01-15,2.49,2.52,2.39,2.41,1831634000
2009-01-16,2.46,2.52,2.40,2.52,1047625600
2009-01-20,2.34,2.45,2.34,2.45,919914800
2009-01-21,2.48,2.48,2.37,2.37,1089270000
2009-01-22,2.64,2.69,2.57,2.63,1409528400
2009-01-23,2.64,2.69,2.59,2.60,763770000
2009-01-26,2.68,2.72,2.64,2.66,692238400
2009-01-27,2.71,2.74,2.68,2.70,618038400
2009-01-28,2.82,2.84,2.74,2.76,861406000
2009-01-29,2.78,2.82,2.77,2.78,592729200
2009-01-30,2.70,2.80,2.69,2.77,651478800
2009-02-02,2.74,2.75,2.66,2.66,558247200
2009-02-03,2.78,2.79,2.70,2.75,599309200
2009-02-04,2.80,2.88,2.78,2.79,808421600
2009-02-05,2.89,2.91,2.77,2.77,749246400
2009-02-06,2.98,2.99,2.90,2.90,687209600
2009-02-09,3.07,3.08,2.98,2.99,715010800
2009-02-10,2.93,3.07,2.90,3.03,849060800
2009-02-11,2.90,2.94,2.86,2.88,674973600
2009-02-12,2.97,2.98,2.87,2.87,817188400
2009-02-13,2.97,2.99,2.93,2.96,608977600
2009-02-17,2.83,2.90,2.82,2.90,678238400
2009-02-18,2.82,2.87,2.77,2.84,684779200
2009-02-19,2.71,2.82,2.70,2.79,922804400
2009-02-20,2.73,2.76,2.66,2.67,750316000
2009-02-23,2.60,2.75,2.59,2.74,786982000
2009-02-24,2.70,2.72,2.60,2.62,807105600
2009-02-25,2.73,2.78,2.67,2.69,833053200
2009-02-26,2.67,2.78,2.66,2.75,629868400
2009-02-27,2.67,2.73,2.62,2.63,706658400
2009-03-02,2.63,2.73,2.62,2.64,770929600
2009-03-03,2.64,2.71,2.63,2.66,724340400
2009-03-04,2.73,2.77,2.68,2.70,741403600
2009-03-05,2.66,2.75,2.65,2.71,706899200
2009-03-06,2.55,2.64,2.46,2.64,1011147200
2009-03-09,2.49,2.62,2.47,2.52,698297600
2009-03-10,2.65,2.67,2.52,2.54,844258800
2009-03-11,2.77,2.81,2.68,2.69,846372800
2009-03-12,2.88,2.89,2.75,2.78,768457200
2009-03-13,2.87,2.91,2.84,2.88,601168400
2009-03-16,2.85,2.91,2.82,2.89,797244000
2009-03-17,2.98,2.98,2.84,2.85,786646000
2009-03-18,3.04,3.10,2.98,2.99,796037200
2009-03-19,3.04,3.09,3.00,3.05,500180800
2009-03-20,3.04,3.08,3.01,3.05,695587200
2009-03-23,3.22,3.24,3.04,3.07,666397200
2009-03-24,3.19,3.27,3.15,3.18,640612000
2009-03-25,3.19,3.24,3.11,3.22,646618000
2009-03-26,3.29,3.29,3.22,3.23,616252000
2009-03-27,3.20,3.25,3.18,3.24,492872800
2009-03-30,3.13,3.14,3.07,3.13,502796000
2009-03-31,3.14,3.21,3.14,3.15,570080000
2009-04-01,3.25,3.26,3.11,3.11,589372000
2009-04-02,3.37,3.43,3.28,3.29,812366800
2009-04-03,3.47,3.47,3.40,3.42,636241200
2009-04-06,3.54,3.55,3.39,3.44,658064400
2009-04-07,3.44,3.49,3.42,3.49,536580800
2009-04-08,3.48,3.49,3.43,3.45,455630000
2009-04-09,3.58,3.59,3.53,3.54,530756800
2009-04-13,3.60,3.62,3.56,3.59,389236400
2009-04-14,3.54,3.59,3.51,3.58,454622000
2009-04-15,3.52,3.54,3.46,3.51,412882400
2009-04-16,3.63,3.68,3.55,3.56,593446000
2009-04-17,3.69,3.72,3.60,3.62,497495600
2009-04-20,3.60,3.68,3.56,3.64,466466000
2009-04-21,3.64,3.65,3.55,3.56,470685600
2009-04-22,3.63,3.75,3.63,3.67,938767200
2009-04-23,3.75,3.80,3.69,3.79,945156800
2009-04-24,3.71,3.74,3.68,3.73,540764000
2009-04-27,3.73,3.74,3.67,3.68,480690000
2009-04-28,3.71,3.77,3.69,3.69,455856800
2009-04-29,3.74,3.79,3.70,3.73,458110800
2009-04-30,3.76,3.80,3.74,3.78,498489600
2009-05-01,3.81,3.83,3.76,3.76,397516000
2009-05-04,3.95,3.96,3.82,3.84,609358400
2009-05-05,3.97,3.97,3.92,3.94,398255200
2009-05-06,3.96,3.99,3.89,3.99,473538800
2009-05-07,3.86,3.96,3.83,3.96,531776000
2009-05-08,3.86,3.93,3.78,3.86,467964000
2009-05-11,3.88,3.92,3.80,3.81,404658800
2009-05-12,3.72,3.88,3.69,3.88,609481600
2009-05-13,3.57,3.71,3.57,3.69,595971600
2009-05-14,3.68,3.69,3.58,3.58,447826400
2009-05-15,3.66,3.73,3.64,3.66,367567200
2009-05-18,3.79,3.79,3.64,3.70,458841600
2009-05-19,3.81,3.87,3.76,3.79,372422400
2009-05-20,3.76,3.86,3.75,3.82,388584000
2009-05-21,3.71,3.79,3.68,3.74,407946000
2009-05-22,3.66,3.71,3.64,3.71,297998400
2009-05-26,3.91,3.91,3.73,3.73,636927200
2009-05-27,3.98,4.04,3.92,3.94,646422000
2009-05-28,4.04,4.05,3.95,3.99,487552800
2009-05-29,4.06,4.06,4.00,4.05,456534400
2009-06-01,4.17,4.19,4.07,4.08,452499600
2009-06-02,4.17,4.23,4.14,4.16,456223600
2009-06-03,4.22,4.22,4.16,4.19,565199600
2009-06-04,4.30,4.31,4.19,4.19,550634000
2009-06-05,4.33,4.38,4.28,4.35,632716000
2009-06-08,4.30,4.31,4.17,4.30,931652400
2009-06-09,4.27,4.32,4.20,4.30,676964400
2009-06-10,4.19,4.26,4.14,4.26,688623600
2009-06-11,4.19,4.23,4.14,4.17,524823600
2009-06-12,4.10,4.16,4.07,4.15,563085600
2009-06-15,4.07,4.10,4.03,4.07,539750400
2009-06-16,4.08,4.14,4.07,4.09,514805200
2009-06-17,4.06,4.11,4.02,4.09,571412800
2009-06-18,4.06,4.13,4.06,4.07,427680400
2009-06-19,4.17,4.17,4.09,4.13,721856800
2009-06-22,4.11,4.23,4.08,4.21,634914000
2009-06-23,4.01,4.10,3.97,4.08,706532400
2009-06-24,4.07,4.11,4.03,4.05,485525600
2009-06-25,4.18,4.19,4.04,4.06,589447600
2009-06-26,4.26,4.29,4.18,4.18,439384400
2009-06-29,4.25,4.31,4.23,4.29,567616000
2009-06-30,4.26,4.30,4.24,4.26,434224000
2009-07-01,4.27,4.33,4.26,4.29,414178800
2009-07-02,4.19,4.27,4.18,4.22,370479200
2009-07-06,4.15,4.16,4.08,4.15,498688400
2009-07-07,4.05,4.18,4.04,4.14,461596800
2009-07-08,4.10,4.13,4.02,4.07,575929200
2009-07-09,4.08,4.13,4.07,4.12,343025200
2009-07-10,4.14,4.16,4.08,4.08,445275600
2009-07-13,4.26,4.26,4.11,4.17,483501200
2009-07-14,4.26,4.28,4.22,4.25,347247600
2009-07-15,4.39,4.40,4.32,4.34,485587200
2009-07-16,4.41,4.43,4.35,4.36,393570800
2009-07-17,4.54,4.55,4.45,4.46,602154000
2009-07-20,4.57,4.64,4.51,4.58,735526400
2009-07-21,4.53,4.59,4.48,4.58,874781600
2009-07-22,4.69,4.75,4.67,4.72,874104000
2009-07-23,4.72,4.74,4.65,4.68,526962800
2009-07-24,4.79,4.79,4.68,4.69,438362400
2009-07-27,4.79,4.81,4.70,4.79,433311200
2009-07-28,4.79,4.79,4.71,4.75,363554800
2009-07-29,4.79,4.80,4.73,4.75,382158000
2009-07-30,4.87,4.93,4.83,4.84,469604800
2009-07-31,4.89,4.94,4.87,4.87,422536800
2009-08-03,4.98,4.98,4.93,4.94,394240000
2009-08-04,4.95,4.95,4.91,4.93,395810800
2009-08-05,4.94,5.01,4.91,4.96,423183600
2009-08-06,4.90,4.98,4.88,4.95,341616800
2009-08-07,4.95,4.98,4.93,4.95,387354800
2009-08-10,4.93,4.98,4.90,4.95,300294400
2009-08-11,4.87,4.92,4.84,4.90,355342400
2009-08-12,4.94,4.99,4.86,4.86,445071200
2009-08-13,5.04,5.04,4.98,4.98,439980800
2009-08-14,4.99,5.03,4.95,5.02,305816000
2009-08-17,4.77,4.89,4.77,4.89,524381200
2009-08-18,4.91,4.91,4.83,4.83,431152400
2009-08-19,4.92,4.94,4.86,4.87,413271600
2009-08-20,4.97,4.99,4.92,4.93,342031200
2009-08-21,5.06,5.07,4.99,5.01,416074400
2009-08-24,5.06,5.11,5.03,5.09,406929600
2009-08-25,5.07,5.11,5.06,5.07,324354800
2009-08-26,5.01,5.07,4.99,5.05,303998800
2009-08-27,5.07,5.07,4.93,5.05,449181600
2009-08-28,5.09,5.16,5.04,5.15,453700800
2009-08-31,5.03,5.05,4.98,5.03,311337600
2009-09-01,4.94,5.08,4.93,5.02,469028000
2009-09-02,4.94,5.01,4.91,4.92,364249200
2009-09-03,4.98,5.00,4.94,4.98,293955200
2009-09-04,5.09,5.11,5.00,5.00,374628800
2009-09-08,5.17,5.18,5.14,5.17,315047600
2009-09-09,5.12,5.22,5.08,5.17,811087200
2009-09-10,5.16,5.18,5.11,5.15,491134000
2009-09-11,5.15,5.18,5.11,5.17,348961200
2009-09-14,5.20,5.20,5.09,5.11,322011200
2009-09-15,5.24,5.25,5.19,5.21,426470800
2009-09-16,5.44,5.47,5.32,5.32,754023200
2009-09-17,5.52,5.59,5.44,5.44,810572000
2009-09-18,5.53,5.58,5.53,5.56,601582800
2009-09-21,5.50,5.54,5.43,5.51,437715600
2009-09-22,5.52,5.54,5.47,5.54,356753600
2009-09-23,5.55,5.65,5.53,5.55,593563600
2009-09-24,5.50,5.61,5.47,5.60,550880400
2009-09-25,5.45,5.55,5.43,5.44,445239200
2009-09-28,5.57,5.58,5.48,5.50,337444800
2009-09-29,5.54,5.61,5.51,5.59,345385600
2009-09-30,5.54,5.58,5.46,5.57,539585200
2009-10-01,5.41,5.57,5.40,5.54,524711600
2009-10-02,5.53,5.56,5.42,5.43,553308000
2009-10-05,5.56,5.59,5.51,5.57,423133200
2009-10-06,5.68,5.68,5.60,5.62,605085600
2009-10-07,5.69,5.70,5.65,5.68,465668000
2009-10-08,5.66,5.73,5.65,5.70,438211200
2009-10-09,5.70,5.70,5.64,5.65,293272000
2009-10-12,5.71,5.73,5.67,5.71,288024800
2009-10-13,5.68,5.72,5.67,5.70,348020400
2009-10-14,5.72,5.75,5.69,5.75,375510800
2009-10-15,5.70,5.71,5.67,5.67,373556400
2009-10-16,5.62,5.69,5.62,5.66,431426800
2009-10-19,5.68,5.68,5.55,5.62,942230800
2009-10-20,5.94,6.03,5.92,6.00,1141039200
2009-10-21,6.13,6.24,5.96,5.97,1193726800
2009-10-22,6.14,6.22,6.06,6.12,791392000
2009-10-23,6.10,6.16,6.08,6.15,420786800
2009-10-26,6.06,6.18,5.98,6.09,484338400
2009-10-27,5.90,6.07,5.88,6.03,756551600
2009-10-28,5.75,5.92,5.72,5.91,818386800
2009-10-29,5.87,5.89,5.75,5.83,570270400
2009-10-30,5.64,5.89,5.63,5.86,717525200
2009-11-02,5.66,5.77,5.55,5.68,678983200
2009-11-03,5.65,5.67,5.56,5.62,522541600
2009-11-04,5.71,5.80,5.69,5.70,487530400
2009-11-05,5.80,5.83,5.74,5.75,384801200
2009-11-06,5.81,5.84,5.75,5.76,295097600
2009-11-09,6.03,6.04,5.87,5.89,528855600
2009-11-10,6.07,6.13,6.01,6.01,401195200
2009-11-11,6.08,6.13,6.04,6.12,443870000
2009-11-12,6.04,6.13,6.02,6.08,363731200
2009-11-13,6.12,6.13,6.04,6.07,343240800
2009-11-16,6.18,6.22,6.13,6.15,485206400
2009-11-17,6.19,6.20,6.13,6.16,396513600
2009-11-18,6.16,6.19,6.10,6.18,374320800
2009-11-19,6.00,6.12,5.98,6.12,542326400
2009-11-20,5.98,5.99,5.91,5.96,406666400
2009-11-23,6.16,6.16,6.07,6.07,474896800
2009-11-24,6.11,6.16,6.07,6.14,318438400
2009-11-25,6.11,6.15,6.09,6.14,286454000
2009-11-27,6.00,6.07,5.93,5.96,295257200
2009-11-30,5.98,6.03,5.95,6.02,424858000
2009-12-01,5.89,6.06,5.89,6.05,465763200
2009-12-02,5.87,6.02,5.85,5.95,715260000
2009-12-03,5.88,5.95,5.87,5.90,448719600
2009-12-04,5.78,5.98,5.69,5.97,826884800
2009-12-07,5.65,5.80,5.64,5.78,714758800
2009-12-08,5.68,5.75,5.64,5.66,690398800
2009-12-09,5.92,5.93,5.69,5.72,684782000
2009-12-10,5.88,5.97,5.87,5.97,489669600
2009-12-11,5.82,5.92,5.79,5.92,429774800
2009-12-14,5.89,5.91,5.76,5.84,495790400
2009-12-15,5.81,5.91,5.78,5.86,419459600
2009-12-16,5.83,5.88,5.82,5.84,352984800
2009-12-17,5.74,5.83,5.71,5.81,388838800
2009-12-18,5.85,5.85,5.76,5.78,608770400
2009-12-21,5.93,5.97,5.85,5.86,611906400
2009-12-22,5.99,6.01,5.94,5.97,349515600
2009-12-23,6.04,6.05,6.01,6.02,345525600
2009-12-24,6.25,6.26,6.08,6.09,500889200
2009-12-28,6.33,6.40,6.27,6.33,644565600
2009-12-29,6.25,6.36,6.24,6.36,445205600
2009-12-30,6.33,6.34,6.23,6.25,412084400
2009-12-31,6.30,6.38,6.30,6.37,352410800
2010-01-04,6.40,6.42,6.35,6.38,493729600
2010-01-05,6.41,6.45,6.38,6.42,601904800
2010-01-06,6.31,6.44,6.30,6.41,552160000
2010-01-07,6.30,6.34,6.25,6.33,477131200
2010-01-08,6.34,6.34,6.25,6.29,447610800
2010-01-11,6.28,6.37,6.23,6.36,462229600
2010-01-12,6.21,6.27,6.17,6.26,594459600
2010-01-13,6.30,6.31,6.10,6.22,605892000
2010-01-14,6.26,6.29,6.25,6.28,432894000
2010-01-15,6.16,6.33,6.16,6.31,594067600
2010-01-19,6.43,6.44,6.20,6.23,730007600
2010-01-20,6.33,6.45,6.27,6.43,612152800
2010-01-21,6.22,6.38,6.20,6.34,608154400
2010-01-22,5.91,6.21,5.90,6.18,881767600
2010-01-25,6.07,6.12,5.99,6.06,1065699600
2010-01-26,6.16,6.39,6.06,6.16,1867110000
2010-01-27,6.22,6.30,5.97,6.19,1722568400
2010-01-28,5.96,6.15,5.94,6.13,1173502400
2010-01-29,5.74,6.05,5.69,6.01,1245952400
2010-02-01,5.82,5.86,5.72,5.75,749876400
2010-02-02,5.86,5.87,5.78,5.86,698342400
2010-02-03,5.96,5.99,5.82,5.84,615328000
2010-02-04,5.74,5.93,5.73,5.88,757652000
2010-02-05,5.85,5.86,5.71,5.76,850306800
2010-02-08,5.81,5.92,5.80,5.85,478270800
2010-02-09,5.87,5.91,5.82,5.87,632886800
2010-02-10,5.84,5.88,5.81,5.86,370361600
2010-02-11,5.94,5.97,5.80,5.83,550345600
2010-02-12,5.99,6.03,5.85,5.93,655468800
2010-02-16,6.08,6.09,6.03,6.04,543737600
2010-02-17,6.06,6.11,6.01,6.11,436396800
2010-02-18,6.07,6.10,6.01,6.03,422825200
2010-02-19,6.03,6.08,6.02,6.04,415469600
2010-02-22,5.99,6.06,5.96,6.05,390563600
2010-02-23,5.89,6.02,5.85,5.98,575094800
2010-02-24,6.00,6.02,5.92,5.93,460566400
2010-02-25,6.04,6.07,5.89,5.90,665126000
2010-02-26,6.12,6.14,6.04,6.05,507460800
2010-03-01,6.25,6.27,6.14,6.15,550093600
2010-03-02,6.25,6.31,6.21,6.28,566546400
2010-03-03,6.26,6.28,6.22,6.25,372052800
2010-03-04,6.30,6.31,6.24,6.26,366041200
2010-03-05,6.55,6.57,6.42,6.43,899620400
2010-03-08,6.55,6.58,6.53,6.58,429889600
2010-03-09,6.67,6.73,6.52,6.53,920259200
2010-03-10,6.72,6.74,6.68,6.69,596218000
2010-03-11,6.74,6.74,6.68,6.70,405700400
2010-03-12,6.78,6.81,6.75,6.80,416323600
2010-03-15,6.69,6.74,6.59,6.74,493502800
2010-03-16,6.71,6.73,6.66,6.71,446908000
2010-03-17,6.70,6.77,6.68,6.73,450956800
2010-03-18,6.72,6.73,6.66,6.70,342109600
2010-03-19,6.65,6.74,6.62,6.72,559445600
2010-03-22,6.72,6.76,6.58,6.59,456419600
2010-03-23,6.83,6.84,6.70,6.75,602431200
2010-03-24,6.86,6.89,6.80,6.81,597780400
2010-03-25,6.78,6.91,6.77,6.91,542284400
2010-03-26,6.91,6.94,6.84,6.85,640875200
2010-03-29,6.95,6.99,6.93,6.97,540744400
2010-03-30,7.05,7.10,7.01,7.08,527310000
2010-03-31,7.03,7.08,7.01,7.04,430659600
2010-04-01,7.06,7.14,6.96,7.10,603145200
2010-04-05,7.13,7.13,7.02,7.03,684507600
2010-04-06,7.16,7.19,7.09,7.12,447017200
2010-04-07,7.20,7.24,7.14,7.16,628502000
2010-04-08,7.18,7.22,7.12,7.19,572989200
2010-04-09,7.23,7.23,7.19,7.22,334182800
2010-04-12,7.25,7.27,7.23,7.24,333026400
2010-04-13,7.25,7.26,7.21,7.23,306210800
2010-04-14,7.35,7.35,7.30,7.34,404076400
2010-04-15,7.45,7.45,7.34,7.35,376784800
2010-04-16,7.40,7.51,7.31,7.43,750545600
2010-04-19,7.39,7.41,7.23,7.39,566924400
2010-04-20,7.32,7.45,7.27,7.43,738326400
2010-04-21,7.75,7.78,7.65,7.74,982391200
2010-04-22,7.97,7.98,7.66,7.72,793424800
2010-04-23,8.10,8.14,7.99,8.02,796955600
2010-04-26,8.06,8.15,8.02,8.13,479068800
2010-04-27,7.84,8.01,7.79,7.99,709343600
2010-04-28,7.82,7.90,7.67,7.87,758402400
2010-04-29,8.03,8.08,7.84,7.87,558840800
2010-04-30,7.81,8.09,7.81,8.05,542463600
2010-05-03,7.97,8.01,7.86,7.89,454342000
2010-05-04,7.74,7.87,7.68,7.86,723819600
2010-05-05,7.66,7.72,7.44,7.57,883103200
2010-05-06,7.37,7.72,5.96,7.59,1285860800
2010-05-07,7.05,7.37,6.74,7.29,1676018400
2010-05-10,7.60,7.62,7.43,7.48,984306400
2010-05-11,7.67,7.77,7.49,7.53,848906800
2010-05-12,7.84,7.87,7.74,7.75,654379600
2010-05-13,7.73,7.93,7.67,7.87,599712400
2010-05-14,7.59,7.67,7.46,7.63,759362800
2010-05-17,7.60,7.66,7.41,7.62,762834800
2010-05-18,7.55,7.73,7.49,7.69,782678400
2010-05-19,7.43,7.56,7.32,7.46,1025726800
2010-05-20,7.11,7.29,7.06,7.23,1282915200
2010-05-21,7.25,7.31,6.92,6.96,1223891200
2010-05-24,7.38,7.50,7.37,7.40,754238800
2010-05-25,7.33,7.38,7.09,7.16,1048006400
2010-05-26,7.30,7.54,7.29,7.48,850654000
2010-05-27,7.58,7.59,7.45,7.50,666282400
2010-05-28,7.68,7.76,7.58,7.76,815614800
2010-06-01,7.80,7.95,7.75,7.77,876472800
2010-06-02,7.89,7.92,7.79,7.91,688548000
2010-06-03,7.87,7.94,7.79,7.93,650106800
2010-06-04,7.66,7.83,7.62,7.72,758304400
2010-06-07,7.51,7.75,7.49,7.73,886942000
2010-06-08,7.46,7.59,7.35,7.57,1000770400
2010-06-09,7.27,7.53,7.25,7.52,854630000
2010-06-10,7.49,7.51,7.24,7.32,776356000
2010-06-11,7.58,7.59,7.40,7.42,545759200
2010-06-14,7.61,7.75,7.60,7.66,602960400
2010-06-15,7.77,7.77,7.64,7.65,585074000
2010-06-16,7.99,8.01,7.80,7.81,783678000
2010-06-17,8.13,8.16,8.06,8.09,872855200
2010-06-18,8.20,8.23,8.12,8.14,784621600
2010-06-21,8.08,8.35,8.04,8.31,776490400
2010-06-22,8.19,8.25,8.12,8.14,717262000
2010-06-23,8.10,8.21,8.01,8.21,768457200
2010-06-24,8.05,8.17,8.02,8.11,714277200
2010-06-25,7.98,8.08,7.95,8.08,549942400
2010-06-28,8.02,8.07,7.91,7.98,584948000
2010-06-29,7.66,7.91,7.61,7.90,1133344800
2010-06-30,7.52,7.72,7.48,7.68,739452000
2010-07-01,7.43,7.62,7.27,7.61,1022896000
2010-07-02,7.39,7.51,7.27,7.49,693842800
2010-07-06,7.44,7.56,7.36,7.51,615235600
2010-07-07,7.74,7.74,7.47,7.49,654556000
2010-07-08,7.72,7.86,7.62,7.85,738144400
2010-07-09,7.77,7.77,7.63,7.68,433322400
2010-07-12,7.70,7.83,7.62,7.73,562878400
2010-07-13,7.53,7.67,7.37,7.67,1190924000
2010-07-14,7.56,7.65,7.45,7.46,812047600
2010-07-15,7.52,7.69,7.40,7.42,824866000
2010-07-16,7.47,7.63,7.43,7.57,1039858400
2010-07-19,7.35,7.47,7.17,7.47,1024478000
2010-07-20,7.53,7.56,7.18,7.27,1074950800
2010-07-21,7.60,7.93,7.60,7.93,1185671200
2010-07-22,7.75,7.78,7.64,7.71,645318800
2010-07-23,7.77,7.79,7.67,7.69,533388800
2010-07-26,7.75,7.78,7.71,7.78,420551600
2010-07-27,7.90,7.92,7.79,7.80,584771600
2010-07-28,7.81,7.96,7.78,7.89,519985200
2010-07-29,7.72,7.86,7.66,7.80,643806800
2010-07-30,7.69,7.77,7.62,7.65,448210000
2010-08-02,7.83,7.85,7.77,7.79,428055600
2010-08-03,7.83,7.87,7.76,7.81,417653600
2010-08-04,7.87,7.90,7.79,7.86,420375200
2010-08-05,7.83,7.87,7.79,7.83,289097200
2010-08-06,7.78,7.82,7.71,7.77,444897600
2010-08-09,7.83,7.84,7.76,7.82,303128000
2010-08-10,7.76,7.79,7.70,7.77,451920000
2010-08-11,7.48,7.65,7.47,7.64,620054400
2010-08-12,7.53,7.57,7.36,7.38,534920400
2010-08-13,7.45,7.53,7.45,7.53,354869200
2010-08-16,7.41,7.48,7.38,7.41,318430000
2010-08-17,7.54,7.62,7.45,7.48,422640400
2010-08-18,7.57,7.62,7.52,7.55,339696000
2010-08-19,7.47,7.58,7.44,7.56,426706000
2010-08-20,7.47,7.59,7.45,7.46,384230000
2010-08-23,7.35,7.54,7.34,7.53,414041600
2010-08-24,7.18,7.27,7.14,7.26,602565600
2010-08-25,7.26,7.30,7.09,7.12,596867600
2010-08-26,7.19,7.35,7.19,7.34,466505200
2010-08-27,7.23,7.26,7.05,7.23,548391200
2010-08-30,7.25,7.35,7.20,7.20,383289200
2010-08-31,7.27,7.31,7.19,7.23,420786800
2010-09-01,7.49,7.52,7.37,7.40,697037600
2010-09-02,7.54,7.54,7.43,7.52,415427600
2010-09-03,7.74,7.74,7.61,7.63,520788800
2010-09-07,7.71,7.76,7.66,7.68,342557600
2010-09-08,7.86,7.91,7.75,7.77,526551200
2010-09-09,7.87,7.97,7.86,7.93,438575200
2010-09-10,7.88,7.91,7.82,7.87,387542400
2010-09-13,7.99,8.02,7.95,7.95,388780000
2010-09-14,8.02,8.05,7.94,7.96,408150400
2010-09-15,8.08,8.09,8.01,8.02,429368800
2010-09-16,8.27,8.28,8.06,8.08,652103200
2010-09-17,8.24,8.31,8.19,8.31,634477200
2010-09-20,8.47,8.49,8.25,8.26,658677600
2010-09-21,8.49,8.59,8.46,8.49,668074400
2010-09-22,8.61,8.61,8.45,8.46,585289600
2010-09-23,8.64,8.76,8.55,8.56,786116800
2010-09-24,8.74,8.78,8.69,8.74,649488000
2010-09-27,8.71,8.82,8.70,8.79,482834800
2010-09-28,8.58,8.73,8.23,8.73,1035042400
2010-09-29,8.60,8.67,8.55,8.59,469644000
2010-09-30,8.49,8.67,8.41,8.64,673391600
2010-10-01,8.45,8.57,8.42,8.56,448142800
2010-10-04,8.33,8.46,8.31,8.42,435302000
2010-10-05,8.64,8.66,8.43,8.43,501967200
2010-10-06,8.65,8.73,8.53,8.66,670868800
2010-10-07,8.65,8.69,8.58,8.68,408399600
2010-10-08,8.80,8.81,8.67,8.72,658403200
2010-10-11,8.83,8.89,8.81,8.82,427753200
2010-10-12,8.93,8.96,8.75,8.84,558544000
2010-10-13,8.98,9.03,8.97,8.98,630092400
2010-10-14,9.04,9.05,8.98,9.02,435296400
2010-10-15,9.41,9.42,9.12,9.20,922194000
2010-10-18,9.51,9.54,9.40,9.53,1093010800
2010-10-19,9.26,9.38,8.97,9.07,1232784000
2010-10-20,9.29,9.40,9.18,9.24,721624400
2010-10-21,9.26,9.41,9.18,9.34,551460000
2010-10-22,9.20,9.27,9.16,9.24,372778000
2010-10-25,9.24,9.32,9.23,9.24,392462000
2010-10-26,9.21,9.26,9.14,9.18,392929600
2010-10-27,9.21,9.27,9.14,9.20,399002800
2010-10-28,9.13,9.21,9.00,9.21,551051200
2010-10-29,9.00,9.15,9.00,9.10,430511200
2010-11-01,9.10,9.14,9.04,9.04,423889200
2010-11-02,9.25,9.28,9.18,9.18,433930000
2010-11-03,9.36,9.36,9.23,9.31,508348400
2010-11-04,9.52,9.58,9.42,9.43,642488000
2010-11-05,9.49,9.56,9.47,9.51,361253200
2010-11-08,9.53,9.56,9.47,9.49,281758400
2010-11-09,9.45,9.61,9.41,9.60,383544000
2010-11-10,9.51,9.53,9.38,9.47,384227200
2010-11-11,9.47,9.52,9.40,9.42,361284000
2010-11-12,9.21,9.47,9.08,9.45,795846800
2010-11-15,9.18,9.29,9.16,9.23,403606000
2010-11-16,9.02,9.20,8.95,9.14,657650000
2010-11-17,8.99,9.09,8.91,9.01,479449600
2010-11-18,9.23,9.26,9.11,9.13,494491200
2010-11-19,9.17,9.22,9.13,9.21,384843200
2010-11-22,9.37,9.37,9.15,9.17,393075200
2010-11-23,9.23,9.32,9.17,9.29,519447600
2010-11-24,9.42,9.43,9.32,9.33,413725200
2010-11-26,9.42,9.50,9.36,9.38,237585600
2010-11-29,9.48,9.50,9.31,9.44,445785200
2010-11-30,9.31,9.40,9.30,9.38,501858000
2010-12-01,9.46,9.50,9.42,9.43,461750800
2010-12-02,9.52,9.54,9.42,9.50,462837200
2010-12-03,9.49,9.53,9.46,9.48,342092800
2010-12-06,9.58,9.64,9.52,9.53,448481600
2010-12-07,9.52,9.69,9.51,9.68,391454000
2010-12-08,9.60,9.60,9.48,9.56,321935600
2010-12-09,9.56,9.65,9.54,9.63,294151200
2010-12-10,9.59,9.60,9.53,9.56,262511200
2010-12-13,9.62,9.72,9.60,9.70,439815600
2010-12-14,9.58,9.65,9.54,9.62,351008000
2010-12-15,9.58,9.66,9.55,9.57,417312000
2010-12-16,9.61,9.65,9.57,9.60,322030800
2010-12-17,9.59,9.62,9.58,9.62,386929200
2010-12-20,9.64,9.67,9.52,9.62,385610400
2010-12-21,9.70,9.70,9.63,9.66,256354000
2010-12-22,9.73,9.74,9.68,9.70,265921600
2010-12-23,9.68,9.73,9.67,9.72,223157200
2010-12-27,9.71,9.73,9.62,9.66,249816000
2010-12-28,9.73,9.77,9.72,9.75,175924000
2010-12-29,9.73,9.76,9.72,9.76,163139200
2010-12-30,9.68,9.74,9.66,9.73,157494400
2010-12-31,9.65,9.68,9.61,9.66,193508000
2011-01-03,9.86,9.88,9.72,9.74,445138400
2011-01-04,9.91,9.94,9.81,9.94,309080800
2011-01-05,9.99,10.00,9.86,9.86,255519600
2011-01-06,9.98,10.03,9.96,10.01,300428800
2011-01-07,10.05,10.06,9.93,9.99,311931200
2011-01-10,10.24,10.27,10.08,10.13,448560000
2011-01-11,10.22,10.32,10.15,10.32,444108000
2011-01-12,10.30,10.30,10.23,10.27,302590400
2011-01-13,10.34,10.37,10.28,10.32,296780400
2011-01-14,10.42,10.42,10.30,10.35,308840000
2011-01-18,10.19,10.31,9.75,9.86,1880998000
2011-01-19,10.13,10.43,10.08,10.42,1135612800
2011-01-20,9.95,10.12,9.87,10.06,764789200
2011-01-21,9.77,10.02,9.77,9.98,754401200
2011-01-24,10.09,10.09,9.77,9.78,574683200
2011-01-25,10.21,10.21,10.01,10.06,546868000
2011-01-26,10.28,10.34,10.21,10.26,506875600
2011-01-27,10.27,10.31,10.25,10.28,285026000
2011-01-28,10.05,10.30,9.98,10.29,592057200
2011-01-31,10.15,10.17,10.00,10.04,377246800
2011-02-01,10.32,10.34,10.20,10.21,426633200
2011-02-02,10.30,10.33,10.28,10.30,258955200
2011-02-03,10.27,10.30,10.13,10.28,393797600
2011-02-04,10.36,10.37,10.27,10.28,321840400
2011-02-07,10.52,10.57,10.40,10.41,485021600
2011-02-08,10.62,10.63,10.53,10.58,381040800
2011-02-09,10.71,10.74,10.61,10.62,482745200
2011-02-10,10.60,10.77,10.41,10.69,928550000
2011-02-11,10.67,10.70,10.57,10.61,367572800
2011-02-14,10.74,10.75,10.67,10.67,310416400
2011-02-15,10.76,10.77,10.69,10.74,284174800
2011-02-16,10.86,10.91,10.78,10.79,481157600
2011-02-17,10.72,10.78,10.66,10.69,530583200
2011-02-18,10.49,10.75,10.45,10.73,816057200
2011-02-22,10.13,10.33,10.10,10.23,872555600
2011-02-23,10.25,10.31,10.13,10.13,671854400
2011-02-24,10.26,10.32,10.12,10.29,499900800
2011-02-25,10.41,10.42,10.31,10.33,380018800
2011-02-28,10.56,10.62,10.50,10.51,403074000
2011-03-01,10.45,10.64,10.40,10.63,456136800
2011-03-02,10.53,10.60,10.42,10.47,602590800
2011-03-03,10.75,10.76,10.65,10.68,500788400
2011-03-04,10.77,10.78,10.70,10.77,453266800
2011-03-07,10.63,10.82,10.51,10.81,546123200
2011-03-08,10.64,10.69,10.54,10.62,356316800
2011-03-09,10.54,10.61,10.49,10.61,453306000
2011-03-10,10.37,10.46,10.32,10.44,507539200
2011-03-11,10.53,10.54,10.32,10.33,471080400
2011-03-14,10.57,10.66,10.51,10.56,435957200
2011-03-15,10.33,10.40,10.17,10.23,721081200
2011-03-16,9.87,10.26,9.76,10.23,1162011200
2011-03-17,10.01,10.16,9.89,10.07,659422400
2011-03-18,9.89,10.12,9.87,10.08,753214000
2011-03-21,10.15,10.16,10.03,10.05,409402000
2011-03-22,10.21,10.25,10.14,10.25,325922800
2011-03-23,10.15,10.18,10.05,10.15,372996400
2011-03-24,10.32,10.35,10.14,10.22,404712000
2011-03-25,10.51,10.53,10.38,10.41,448910000
2011-03-28,10.48,10.60,10.48,10.56,309355200
2011-03-29,10.50,10.50,10.35,10.40,352900800
2011-03-30,10.43,10.49,10.39,10.49,329406000
2011-03-31,10.42,10.46,10.35,10.36,274019200
2011-04-01,10.31,10.52,10.27,10.50,418661600
2011-04-04,10.20,10.31,10.12,10.30,460084800
2011-04-05,10.14,10.24,10.05,10.08,482731200
2011-04-06,10.11,10.29,10.08,10.21,402539200
2011-04-07,10.11,10.18,10.05,10.11,373447200
2011-04-08,10.02,10.17,9.99,10.17,377535200
2011-04-11,9.89,10.04,9.87,9.99,398946800
2011-04-12,9.94,9.98,9.88,9.88,425639200
2011-04-13,10.05,10.05,9.95,10.02,346220000
2011-04-14,9.94,10.05,9.93,10.01,301800800
2011-04-15,9.79,9.98,9.77,9.97,453605600
2011-04-18,9.93,9.94,9.58,9.75,609898800
2011-04-19,10.11,10.11,9.92,9.96,419378400
2011-04-20,10.24,10.34,10.21,10.27,700666400
2011-04-21,10.49,10.62,10.42,10.62,753810400
2011-04-25,10.56,10.58,10.48,10.48,266546000
2011-04-26,10.48,10.62,10.45,10.58,338800000
2011-04-27,10.47,10.54,10.38,10.54,356213200
2011-04-28,10.37,10.46,10.33,10.35,360959200
2011-04-29,10.47,10.59,10.37,10.37,1006345200
2011-05-02,10.36,10.48,10.33,10.46,442713600
2011-05-03,10.41,10.47,10.34,10.41,313348000
2011-05-04,10.46,10.52,10.38,10.42,389250400
2011-05-05,10.37,10.50,10.35,10.42,335969200
2011-05-06,10.37,10.47,10.36,10.46,280134400
2011-05-09,10.40,10.44,10.36,10.40,204747200
2011-05-10,10.45,10.46,10.37,10.44,282091600
2011-05-11,10.39,10.47,10.33,10.44,336000000
2011-05-12,10.37,10.38,10.24,10.35,322000000
2011-05-13,10.18,10.36,10.18,10.34,326116000
2011-05-16,9.97,10.21,9.95,10.15,449775200
2011-05-17,10.05,10.05,9.89,9.93,452334400
2011-05-18,10.17,10.20,10.05,10.06,334776400
2011-05-19,10.19,10.24,10.13,10.23,261170000
2011-05-20,10.03,10.20,10.02,10.16,337968400
2011-05-23,10.00,10.05,9.85,9.87,383600000
2011-05-24,9.94,10.05,9.91,10.03,321927200
2011-05-25,10.07,10.13,9.96,9.97,294224000
2011-05-26,10.02,10.08,10.00,10.05,222560800
2011-05-27,10.09,10.10,10.00,10.01,203599200
2011-05-31,10.40,10.40,10.20,10.20,417754400
2011-06-01,10.33,10.53,10.31,10.43,554682800
2011-06-02,10.35,10.41,10.30,10.36,338783200
2011-06-03,10.27,10.33,10.23,10.26,313250000
2011-06-06,10.11,10.38,10.10,10.34,461941200
2011-06-07,9.93,10.12,9.93,10.11,529785200
2011-06-08,9.94,10.01,9.89,9.92,333723600
2011-06-09,9.91,9.98,9.89,9.97,275088800
2011-06-10,9.75,9.92,9.74,9.89,433955200
2011-06-13,9.77,9.82,9.72,9.79,329473200
2011-06-14,9.94,9.97,9.85,9.87,334569200
2011-06-15,9.77,9.88,9.72,9.86,399196000
2011-06-16,9.73,9.83,9.52,9.78,510591200
2011-06-17,9.58,9.85,9.55,9.84,615020000
2011-06-20,9.43,9.50,9.29,9.49,640645600
2011-06-21,9.73,9.74,9.43,9.47,493382400
2011-06-22,9.65,9.84,9.64,9.73,390583200
2011-06-23,9.91,9.92,9.51,9.54,559759200
2011-06-24,9.76,9.96,9.72,9.91,439807200
2011-06-27,9.93,9.99,9.79,9.80,339813600
2011-06-28,10.03,10.07,9.97,9.98,294299600
2011-06-29,9.99,10.06,9.93,10.05,352545200
2011-06-30,10.04,10.05,9.96,10.01,322954800
2011-07-01,10.27,10.27,10.00,10.05,435313200
2011-07-05,10.45,10.46,10.24,10.26,355054000
2011-07-06,10.52,10.59,10.37,10.44,444626000
2011-07-07,10.68,10.71,10.59,10.61,399663600
2011-07-08,10.76,10.77,10.53,10.57,489633200
2011-07-11,10.59,10.76,10.55,10.66,442674400
2011-07-12,10.58,10.70,10.43,10.57,451609200
2011-07-13,10.71,10.77,10.66,10.72,391638800
2011-07-14,10.70,10.82,10.66,10.80,430533600
2011-07-15,10.91,10.92,10.74,10.80,484467200
2011-07-18,11.18,11.21,10.93,10.93,572653200
2011-07-19,11.27,11.33,11.17,11.31,819145600
2011-07-20,11.57,11.85,11.55,11.85,941340400
2011-07-21,11.58,11.67,11.48,11.57,526534400
2011-07-22,11.76,11.82,11.60,11.61,516728800
2011-07-25,11.92,11.96,11.65,11.68,589806000
2011-07-26,12.07,12.10,11.95,11.96,476582400
2011-07-27,11.74,12.04,11.73,11.98,659324400
2011-07-28,11.72,11.87,11.61,11.71,594034000
2011-07-29,11.68,11.82,11.49,11.59,632584400
2011-08-01,11.87,11.95,11.74,11.90,612836000
2011-08-02,11.63,11.90,11.62,11.89,639539600
2011-08-03,11.74,11.77,11.43,11.69,732508000
2011-08-04,11.29,11.70,11.29,11.65,871407600
2011-08-05,11.17,11.47,10.84,11.38,1204590800
2011-08-08,10.56,11.00,10.56,10.82,1143833600
2011-08-09,11.19,11.20,10.62,10.81,1082583600
2011-08-10,10.88,11.21,10.84,11.10,878656800
2011-08-11,11.18,11.23,10.91,11.08,741969200
2011-08-12,11.28,11.35,11.19,11.31,528976000
2011-08-15,11.47,11.51,11.31,11.35,460544000
2011-08-16,11.38,11.47,11.25,11.41,498750000
2011-08-17,11.38,11.50,11.31,11.43,442061200
2011-08-18,10.95,11.15,10.81,11.09,851435200
2011-08-19,10.65,10.98,10.65,10.83,775888400
2011-08-22,10.66,10.91,10.62,10.90,535315200
2011-08-23,11.17,11.18,10.68,10.78,656835200
2011-08-24,11.25,11.33,11.08,11.17,626267600
2011-08-25,11.18,11.23,10.92,10.92,871346000
2011-08-26,11.47,11.48,11.09,11.10,641477200
2011-08-29,11.66,11.71,11.60,11.61,405269200
2011-08-30,11.66,11.72,11.55,11.61,417922400
2011-08-31,11.51,11.73,11.42,11.68,522586400
2011-09-01,11.40,11.59,11.39,11.54,343725200
2011-09-02,11.19,11.31,11.12,11.21,438939200
2011-09-06,11.36,11.38,10.96,10.99,509698000
2011-09-07,11.48,11.53,11.43,11.53,350576800
2011-09-08,11.49,11.62,11.43,11.44,416158400
2011-09-09,11.29,11.55,11.22,11.48,564813200
2011-09-12,11.36,11.39,11.12,11.16,467832400
2011-09-13,11.50,11.55,11.37,11.43,440560400
2011-09-14,11.64,11.73,11.54,11.58,534724400
2011-09-15,11.75,11.77,11.66,11.71,417818800
2011-09-16,11.98,11.98,11.82,11.83,698513200
2011-09-19,12.31,12.36,11.82,11.87,823860800
2011-09-20,12.37,12.65,12.30,12.42,775754000
2011-09-21,12.33,12.61,12.32,12.55,605976000
2011-09-22,12.02,12.26,11.87,11.99,968480800
2011-09-23,12.09,12.17,11.96,11.97,546277200
2011-09-26,12.06,12.08,11.70,11.96,812876400
2011-09-27,11.94,12.24,11.91,12.22,632497600
2011-09-28,11.87,12.08,11.86,11.97,429637600
2011-09-29,11.68,12.03,11.55,12.02,651086800
2011-09-30,11.41,11.63,11.40,11.58,547640800
2011-10-03,11.20,11.44,11.16,11.38,669099200
2011-10-04,11.14,11.42,10.60,11.20,1233677200
2011-10-05,11.31,11.36,10.78,11.00,786469600
2011-10-06,11.29,11.51,11.12,11.17,812582400
2011-10-07,11.06,11.30,11.02,11.24,535458000
2011-10-10,11.63,11.63,11.31,11.34,442514800
2011-10-11,11.97,12.06,11.71,11.74,605687600
2011-10-12,12.03,12.24,11.97,12.18,622286000
2011-10-13,12.22,12.22,12.05,12.11,426185200
2011-10-14,12.62,12.62,12.42,12.47,573367200
2011-10-17,12.56,12.76,12.44,12.61,686044800
2011-10-18,12.63,12.71,12.44,12.61,881602400
2011-10-19,11.92,12.22,11.90,12.00,1104059600
2011-10-20,11.82,11.97,11.79,11.96,549270400
2011-10-21,11.75,11.94,11.69,11.91,621244400
2011-10-24,12.14,12.16,11.83,11.85,502138000
2011-10-25,11.90,12.16,11.89,12.11,430427200
2011-10-26,11.98,12.04,11.76,12.02,456304800
2011-10-27,12.10,12.23,12.02,12.19,494664800
2011-10-28,12.11,12.15,12.04,12.05,322842800
2011-10-31,12.11,12.24,12.00,12.04,385501200
2011-11-01,11.86,11.95,11.76,11.89,531790000
2011-11-02,11.89,11.98,11.82,11.97,327350800
2011-11-03,12.06,12.07,11.83,11.94,441386400
2011-11-04,11.97,12.07,11.94,12.02,302229200
2011-11-07,11.96,11.96,11.85,11.96,270275600
2011-11-08,12.15,12.20,12.01,12.03,400442000
2011-11-09,11.82,11.99,11.79,11.87,558684000
2011-11-10,11.52,11.88,11.43,11.88,744752400
2011-11-11,11.50,11.63,11.37,11.56,653786000
2011-11-14,11.34,11.52,11.31,11.47,432905200
2011-11-15,11.63,11.65,11.35,11.39,430810800
2011-11-16,11.51,11.70,11.49,11.64,349210400
2011-11-17,11.29,11.50,11.23,11.48,479900400
2011-11-18,11.21,11.37,11.21,11.33,371938000
2011-11-21,11.04,11.12,10.94,11.08,447980400
2011-11-22,11.26,11.30,11.09,11.10,409021200
2011-11-23,10.98,11.24,10.97,11.20,428271200
2011-11-25,10.87,11.10,10.87,11.02,254760800
2011-11-28,11.25,11.27,11.08,11.14,346413200
2011-11-29,11.16,11.33,11.07,11.24,375855200
2011-11-30,11.43,11.43,11.31,11.40,405938400
2011-12-01,11.60,11.63,11.39,11.44,387181200
2011-12-02,11.66,11.77,11.62,11.66,379055600
2011-12-05,11.75,11.86,11.68,11.77,357210000
2011-12-06,11.69,11.80,11.65,11.74,283598000
2011-12-07,11.64,11.69,11.57,11.66,304746400
2011-12-08,11.68,11.83,11.67,11.71,376356400
2011-12-09,11.77,11.79,11.70,11.75,296993200
2011-12-12,11.72,11.78,11.65,11.72,301067200
2011-12-13,11.63,11.83,11.58,11.75,338928800
2011-12-14,11.37,11.59,11.30,11.57,406887600
2011-12-15,11.33,11.48,11.32,11.47,256200000
2011-12-16,11.40,11.49,11.35,11.38,421478400
2011-12-19,11.43,11.51,11.38,11.44,235530400
2011-12-20,11.84,11.85,11.58,11.60,337215200
2011-12-21,11.86,11.88,11.72,11.86,262948000
2011-12-22,11.92,11.94,11.85,11.87,202358800
2011-12-23,12.06,12.07,11.95,11.95,269399200
2011-12-27,12.16,12.24,12.05,12.06,265076000
2011-12-28,12.04,12.21,12.00,12.17,228662000
2011-12-29,12.12,12.13,11.98,12.07,215978000
2011-12-30,12.11,12.15,12.07,12.07,179662000
2012-01-03,12.30,12.34,12.23,12.25,302220800
2012-01-04,12.37,12.40,12.24,12.26,260022000
2012-01-05,12.50,12.52,12.34,12.41,271269600
2012-01-06,12.63,12.64,12.54,12.56,318292800
2012-01-09,12.61,12.79,12.60,12.73,394024400
2012-01-10,12.66,12.74,12.61,12.74,258196400
2012-01-11,12.64,12.65,12.54,12.64,215084800
2012-01-12,12.60,12.65,12.52,12.63,212587200
2012-01-13,12.56,12.58,12.52,12.55,226021600
2012-01-17,12.70,12.74,12.65,12.69,242897200
2012-01-18,12.83,12.85,12.75,12.77,276791200
2012-01-19,12.79,12.90,12.76,12.87,261738400
2012-01-20,12.57,12.79,12.55,12.79,413974400
2012-01-23,12.78,12.81,12.63,12.64,306062400
2012-01-24,12.57,12.71,12.55,12.71,547638000
2012-01-25,13.36,13.59,13.27,13.59,958314000
2012-01-26,13.30,13.42,13.25,13.41,323985200
2012-01-27,13.38,13.41,13.27,13.29,299709200
2012-01-30,13.55,13.58,13.32,13.33,379341200
2012-01-31,13.65,13.71,13.55,13.63,391683600
2012-02-01,13.64,13.73,13.63,13.71,270046000
2012-02-02,13.61,13.67,13.58,13.64,186796400
2012-02-03,13.75,13.76,13.63,13.68,286599600
2012-02-06,13.88,13.91,13.70,13.71,249412800
2012-02-07,14.02,14.05,13.90,13.92,316223600
2012-02-08,14.26,14.26,14.05,14.07,407890000
2012-02-09,14.75,14.86,14.37,14.38,884214800
2012-02-10,14.76,14.88,14.61,14.68,631302000
2012-02-13,15.03,15.07,14.87,14.94,517216000
2012-02-14,15.24,15.24,15.01,15.09,460398400
2012-02-15,14.89,15.74,14.86,15.38,1506120000
2012-02-16,15.02,15.10,14.55,14.70,944552000
2012-02-17,15.02,15.19,14.96,15.05,535805200
2012-02-21,15.40,15.40,15.08,15.16,605595200
2012-02-22,15.34,15.42,15.23,15.35,483302400
2012-02-23,15.45,15.49,15.24,15.41,568027600
2012-02-24,15.63,15.64,15.51,15.54,415072000
2012-02-27,15.73,15.81,15.44,15.59,547582000
2012-02-28,16.01,16.01,15.73,15.79,600387200
2012-02-29,16.22,16.38,16.02,16.20,952011200
2012-03-01,16.28,16.40,16.11,16.40,683270000
2012-03-02,16.31,16.35,16.23,16.28,431712400
2012-03-05,15.95,16.37,15.73,16.31,809124400
2012-03-06,15.86,15.96,15.44,15.66,810238800
2012-03-07,15.87,16.08,15.65,16.06,798520800
2012-03-08,16.21,16.24,15.92,15.99,516457200
2012-03-09,16.31,16.38,16.24,16.28,418919200
2012-03-12,16.51,16.51,16.36,16.42,407282400
2012-03-13,16.99,16.99,16.62,16.68,690855200
2012-03-14,17.63,17.79,17.21,17.29,1418844000
2012-03-15,17.51,17.95,17.30,17.93,1159718000
2012-03-16,17.51,17.62,17.29,17.49,825487600
2012-03-19,17.98,18.00,17.62,17.90,901236000
2012-03-20,18.12,18.15,17.69,17.93,816662000
2012-03-21,18.02,18.23,17.99,18.03,644042000
2012-03-22,17.93,18.08,17.81,17.88,623870800
2012-03-23,17.83,18.00,17.78,17.96,430488800
2012-03-26,18.15,18.16,17.80,17.94,595742000
2012-03-27,18.38,18.43,18.13,18.13,607129600
2012-03-28,18.47,18.59,18.25,18.50,655460400
2012-03-29,18.24,18.44,18.16,18.33,608238400
2012-03-30,17.93,18.26,17.88,18.21,731038000
2012-04-02,18.50,18.51,17.96,18.00,598351600
2012-04-03,18.82,18.91,18.62,18.76,834559600
2012-04-04,18.67,18.72,18.45,18.67,572980800
2012-04-05,18.95,18.98,18.65,18.75,641298000
2012-04-09,19.03,19.14,18.70,18.73,597536800
2012-04-10,18.80,19.26,18.72,19.14,889725200
2012-04-11,18.73,19.05,18.64,19.03,696614800
2012-04-12,18.63,18.88,18.56,18.69,614336800
2012-04-13,18.10,18.68,18.05,18.67,859644800
2012-04-16,17.35,18.25,17.30,18.25,1050786800
2012-04-17,18.24,18.24,17.11,17.32,1025528000
2012-04-18,18.20,18.55,18.03,18.36,954531200
2012-04-19,17.57,18.09,17.48,17.95,834719200
2012-04-20,17.14,17.78,17.06,17.69,1030985200
2012-04-23,17.10,17.25,16.65,17.07,966529200
2012-04-24,16.76,16.98,16.60,16.83,1076149200
2012-04-25,18.24,18.48,18.13,18.41,905777600
2012-04-26,18.18,18.39,18.01,18.37,536068400
2012-04-27,18.04,18.13,17.96,18.10,406722400
2012-04-30,17.47,17.90,17.44,17.88,506144800
2012-05-01,17.41,17.85,17.38,17.49,610999200
2012-05-02,17.53,17.57,17.31,17.35,427389200
2012-05-03,17.40,17.69,17.36,17.66,390549600
2012-05-04,16.91,17.30,16.90,17.26,529992400
2012-05-07,17.03,17.13,16.79,16.79,460118400
2012-05-08,16.99,17.09,16.71,17.04,497252000
2012-05-09,17.02,17.17,16.77,16.86,480704000
2012-05-10,17.06,17.22,17.00,17.19,333200000
2012-05-11,16.95,17.18,16.88,16.90,399546000
2012-05-14,16.70,16.97,16.68,16.83,352626400
2012-05-15,16.55,16.85,16.50,16.79,476336000
2012-05-16,16.33,16.66,16.18,16.57,560896000
2012-05-17,15.86,16.38,15.86,16.31,717220000
2012-05-18,15.86,16.25,15.62,15.97,732292400
2012-05-21,16.79,16.80,15.97,15.99,631106000
2012-05-22,16.66,17.16,16.53,17.04,694870400
2012-05-23,17.07,17.13,16.55,16.67,584897600
2012-05-24,16.91,17.24,16.79,17.22,496230000
2012-05-25,16.82,16.92,16.70,16.89,328507200
2012-05-29,17.12,17.17,16.91,17.08,380508800
2012-05-30,17.32,17.35,16.95,17.02,529429600
2012-05-31,17.28,17.39,17.09,17.37,491674400
2012-06-01,16.78,17.13,16.76,17.02,520987600
2012-06-04,16.88,16.97,16.41,16.79,556995600
2012-06-05,16.83,16.94,16.70,16.79,388214400
2012-06-06,17.09,17.16,16.91,16.98,401455600
2012-06-07,17.10,17.27,17.06,17.27,379766800
2012-06-08,17.36,17.36,17.02,17.10,347516400
2012-06-11,17.08,17.60,17.07,17.58,591264800
2012-06-12,17.23,17.25,16.95,17.18,435380400
2012-06-13,17.11,17.30,17.06,17.18,293580000
2012-06-14,17.09,17.15,16.97,17.09,345573200
2012-06-15,17.17,17.19,17.04,17.08,335255200
2012-06-18,17.52,17.58,17.06,17.08,440412000
2012-06-19,17.57,17.65,17.44,17.45,361404400
2012-06-20,17.52,17.62,17.37,17.59,358943200
2012-06-21,17.28,17.59,17.27,17.51,326351200
2012-06-22,17.41,17.41,17.21,17.32,284471600
2012-06-25,17.07,17.34,17.06,17.27,304382400
2012-06-26,17.11,17.18,16.97,17.09,276536400
2012-06-27,17.18,17.25,17.11,17.20,202997200
2012-06-28,17.02,17.17,16.92,17.10,282836400
2012-06-29,17.47,17.47,17.18,17.29,421500800
2012-07-02,17.72,17.75,17.46,17.49,400092000
2012-07-03,17.93,17.95,17.77,17.79,241712800
2012-07-05,18.24,18.37,17.94,17.96,484383200
2012-07-06,18.12,18.20,17.99,18.16,418930400
2012-07-09,18.36,18.36,18.07,18.10,379405600
2012-07-10,18.19,18.54,18.10,18.48,511957600
2012-07-11,18.08,18.17,17.86,18.13,469322000
2012-07-12,17.91,18.05,17.73,17.95,428041600
2012-07-13,18.09,18.16,17.95,18.03,311427200
2012-07-16,18.15,18.29,18.10,18.10,301260400
2012-07-17,18.15,18.29,18.04,18.27,293624800
2012-07-18,18.13,18.20,18.05,18.14,252700000
2012-07-19,18.37,18.40,18.13,18.28,436861600
2012-07-20,18.07,18.38,18.06,18.34,397471200
2012-07-23,18.06,18.12,17.58,17.78,487975600
2012-07-24,17.97,18.24,17.90,18.17,565132400
2012-07-25,17.20,17.37,17.05,17.18,877312800
2012-07-26,17.19,17.36,17.06,17.34,406632800
2012-07-27,17.50,17.52,17.10,17.20,403936400
2012-07-30,17.80,17.93,17.58,17.67,379142400
2012-07-31,18.27,18.30,18.03,18.04,462327600
2012-08-01,18.15,18.44,18.04,18.42,384501600
2012-08-02,18.18,18.27,17.95,18.03,332158400
2012-08-03,18.42,18.48,18.29,18.35,344920800
2012-08-06,18.62,18.69,18.40,18.46,302103200
2012-08-07,18.57,18.69,18.49,18.63,290446800
2012-08-08,18.54,18.66,18.46,18.53,244706000
2012-08-09,18.65,18.68,18.56,18.56,221642400
2012-08-10,18.67,18.68,18.58,18.58,194938800
2012-08-13,18.92,18.92,18.72,18.73,278832400
2012-08-14,18.97,19.18,18.93,18.98,340169200
2012-08-15,18.95,19.04,18.86,18.96,257342400
2012-08-16,19.11,19.13,18.94,18.96,254534000
2012-08-17,19.47,19.47,19.19,19.22,442761200
2012-08-20,19.98,19.98,19.52,19.53,613384800
2012-08-21,19.71,20.27,19.53,20.15,812719600
2012-08-22,20.09,20.10,19.47,19.66,565322800
2012-08-23,19.90,20.12,19.86,20.01,420128800
2012-08-24,19.92,20.11,19.69,19.81,437340400
2012-08-27,20.30,20.45,20.23,20.43,427008400
2012-08-28,20.27,20.31,20.15,20.28,267416800
2012-08-29,20.23,20.36,20.20,20.28,202806800
2012-08-30,19.94,20.17,19.91,20.14,302699600
2012-08-31,19.98,20.08,19.74,20.04,338321200
2012-09-04,20.27,20.28,19.96,20.00,367892000
2012-09-05,20.13,20.32,20.11,20.29,336375200
2012-09-06,20.31,20.37,20.15,20.22,391196400
2012-09-07,20.44,20.50,20.30,20.37,329666400
2012-09-10,19.91,20.52,19.89,20.44,487998000
2012-09-11,19.84,20.13,19.72,19.98,503983200
2012-09-12,20.12,20.12,19.70,20.03,712233200
2012-09-13,20.52,20.59,20.27,20.35,598360000
2012-09-14,20.76,20.94,20.66,20.73,600474000
2012-09-17,21.02,21.02,20.86,21.01,398031200
2012-09-18,21.08,21.10,20.92,21.02,373503200
2012-09-19,21.09,21.15,21.01,21.03,326874800
2012-09-20,20.99,21.03,20.83,21.00,336568400
2012-09-21,21.03,21.18,21.01,21.10,571589200
2012-09-24,20.75,20.88,20.52,20.63,639766400
2012-09-25,20.23,20.81,20.22,20.67,518789600
2012-09-26,19.98,20.21,19.86,20.09,576503200
2012-09-27,20.47,20.49,19.84,19.95,594090000
2012-09-28,20.04,20.46,20.03,20.39,535110800
2012-10-01,19.81,20.33,19.72,20.16,543594800
2012-10-02,19.86,20.02,19.54,19.88,627992400
2012-10-03,20.17,20.18,19.90,19.97,424281200
2012-10-04,20.03,20.25,19.99,20.16,370725600
2012-10-05,19.60,20.01,19.56,19.98,594006000
2012-10-08,19.17,19.45,19.11,19.43,637994000
2012-10-09,19.10,19.24,18.73,19.18,838597200
2012-10-10,19.25,19.37,19.13,19.22,510356000
2012-10-11,18.87,19.44,18.87,19.42,546081200
2012-10-12,18.92,19.09,18.78,18.91,460014800
2012-10-15,19.07,19.08,18.74,18.99,432502000
2012-10-16,19.52,19.53,18.95,19.09,549771600
2012-10-17,19.36,19.61,19.34,19.49,389037600
2012-10-18,19.00,19.29,18.92,19.21,476624400
2012-10-19,18.32,18.98,18.31,18.96,744086000
2012-10-22,19.05,19.09,18.35,18.40,546730800
2012-10-23,18.42,19.04,18.37,18.95,707145600
2012-10-24,18.53,18.82,18.34,18.67,558527200
2012-10-25,18.31,18.68,18.19,18.62,656325600
2012-10-26,18.14,18.44,17.75,18.31,1018432800
2012-10-31,17.88,18.08,17.65,17.87,510003200
2012-11-01,17.92,18.11,17.85,17.97,361298000
2012-11-02,17.33,17.93,17.26,17.90,599373600
2012-11-05,17.56,17.66,17.35,17.53,529135600
2012-11-06,17.51,17.74,17.42,17.73,374917200
2012-11-07,16.84,17.34,16.77,17.32,793648800
2012-11-08,16.23,16.97,16.15,16.92,1056146000
2012-11-09,16.51,16.74,16.11,16.31,929913600
2012-11-12,16.38,16.73,16.25,16.72,515802000
2012-11-13,16.38,16.61,16.18,16.26,532949200
2012-11-14,16.20,16.52,16.18,16.46,477170400
2012-11-15,15.86,16.28,15.77,16.22,789910800
2012-11-16,15.92,15.99,15.26,15.85,1266893600
2012-11-19,17.07,17.12,16.29,16.32,823317600
2012-11-20,16.93,17.26,16.73,17.26,642754000
2012-11-21,16.95,17.12,16.80,17.03,373002000
2012-11-23,17.25,17.26,16.98,17.11,272826400
2012-11-26,17.79,17.80,17.31,17.38,630579600
2012-11-27,17.65,17.82,17.50,17.79,533330000
2012-11-28,17.59,17.68,17.27,17.42,520864400
2012-11-29,17.78,17.93,17.66,17.81,514698800
2012-11-30,17.66,17.76,17.58,17.71,391319600
2012-12-03,17.69,17.94,17.67,17.91,364280000
2012-12-04,17.38,17.56,17.26,17.56,557068400
2012-12-05,16.26,17.18,16.26,17.17,1044638000
2012-12-06,16.51,16.70,15.65,15.96,1177212400
2012-12-07,16.09,16.75,15.99,16.70,787040800
2012-12-10,15.99,16.25,15.74,15.84,630484400
2012-12-11,16.34,16.58,16.22,16.29,592345600
2012-12-12,16.26,16.54,16.18,16.53,487144000
2012-12-13,15.98,16.22,15.87,16.03,625259600
2012-12-14,15.38,15.63,15.26,15.53,1009579200
2012-12-17,15.66,15.69,15.12,15.36,757607200
2012-12-18,16.11,16.14,15.70,15.84,625685200
2012-12-19,15.88,16.10,15.86,16.04,449369200
2012-12-20,15.74,16.00,15.66,15.99,481689600
2012-12-21,15.67,15.68,15.40,15.46,596268400
2012-12-24,15.70,15.82,15.65,15.70,175753200
2012-12-26,15.48,15.67,15.42,15.66,302436400
2012-12-27,15.54,15.58,15.23,15.50,455120400
2012-12-28,15.38,15.52,15.33,15.40,354278400
2012-12-31,16.06,16.16,15.36,15.41,659492400
2013-01-02,16.57,16.75,16.34,16.71,560518000
2013-01-03,16.36,16.59,16.32,16.53,352965200
2013-01-04,15.90,16.25,15.87,16.20,594333600
2013-01-07,15.81,15.97,15.55,15.75,484156400
2013-01-08,15.85,16.05,15.73,15.97,458707200
2013-01-09,15.60,15.84,15.57,15.77,407604400
2013-01-10,15.80,15.95,15.56,15.95,601146000
2013-01-11,15.70,15.85,15.66,15.72,350506800
2013-01-14,15.14,15.31,15.04,15.17,734207600
2013-01-15,14.66,15.06,14.59,15.04,876772400
2013-01-16,15.27,15.37,14.86,14.93,690804800
2013-01-17,15.17,15.41,15.15,15.40,453678400
2013-01-18,15.09,15.15,14.98,15.04,472922800
2013-01-22,15.23,15.33,14.99,15.23,461546400
2013-01-23,15.51,15.54,15.23,15.35,861509600
2013-01-24,13.59,14.05,13.59,13.88,1460852400
2013-01-25,13.27,13.77,13.13,13.63,1208026400
2013-01-28,13.57,13.68,13.15,13.21,785517600
2013-01-29,13.83,13.89,13.64,13.84,571158000
2013-01-30,13.78,13.96,13.71,13.79,417155200
2013-01-31,13.74,13.86,13.73,13.79,319334400
2013-02-01,13.69,13.86,13.53,13.85,539484400
2013-02-04,13.35,13.76,13.34,13.70,477117200
2013-02-05,13.82,13.87,13.34,13.40,573347600
2013-02-06,13.80,14.08,13.66,13.77,593706400
2013-02-07,14.21,14.27,13.78,14.06,704580800
2013-02-08,14.42,14.53,14.21,14.39,633158400
2013-02-11,14.57,14.72,14.36,14.46,517490400
2013-02-12,14.20,14.64,14.20,14.55,609053200
2013-02-13,14.17,14.38,14.06,14.18,475207600
2013-02-14,14.16,14.31,14.08,14.10,355275200
2013-02-15,13.97,14.27,13.96,14.23,391745200
2013-02-19,13.96,14.04,13.77,13.99,435783600
2013-02-20,13.62,13.89,13.62,13.89,476302400
2013-02-21,13.54,13.63,13.44,13.54,447182400
2013-02-22,13.68,13.71,13.55,13.64,330654800
2013-02-25,13.44,13.81,13.43,13.77,372579200
2013-02-26,13.63,13.70,13.28,13.47,501499600
2013-02-27,13.49,13.73,13.37,13.61,587350400
2013-02-28,13.40,13.59,13.40,13.48,322515200
2013-03-01,13.07,13.30,13.05,13.29,552448400
2013-03-04,12.75,13.00,12.72,12.98,582755600
2013-03-05,13.09,13.21,12.77,12.79,638433600
2013-03-06,12.92,13.21,12.88,13.19,460250000
2013-03-07,13.07,13.11,12.78,12.88,468473600
2013-03-08,13.10,13.22,13.01,13.04,391482000
2013-03-11,13.29,13.32,12.90,13.04,474236000
2013-03-12,13.00,13.32,12.98,13.22,465911600
2013-03-13,13.00,13.19,12.91,13.00,405549200
2013-03-14,13.13,13.19,13.06,13.14,303875600
2013-03-15,13.47,13.48,13.27,13.29,643960800
2013-03-18,13.83,13.88,13.39,13.40,606197200
2013-03-19,13.79,13.99,13.61,13.95,526775200
2013-03-20,13.72,13.89,13.65,13.88,308660800
2013-03-21,13.74,13.90,13.66,13.66,383255600
2013-03-22,14.02,14.03,13.75,13.80,395105200
2013-03-25,14.07,14.26,14.02,14.10,501135600
2013-03-26,14.00,14.14,13.98,14.13,294294000
2013-03-27,13.72,13.86,13.68,13.85,331237200
2013-03-28,13.44,13.71,13.40,13.65,442839600
2013-04-01,13.02,13.47,12.98,13.41,389732000
2013-04-02,13.04,13.30,12.94,12.98,529519200
2013-04-03,13.11,13.27,13.06,13.09,363216000
2013-04-04,12.98,13.20,12.91,13.17,358447600
2013-04-05,12.84,12.90,12.74,12.88,383695200
2013-04-08,12.94,12.98,12.82,12.89,300829200
2013-04-09,12.96,13.01,12.83,12.94,306614000
2013-04-10,13.22,13.27,12.93,12.99,375928000
2013-04-11,13.18,13.29,13.09,13.16,328364400
2013-04-12,13.04,13.18,13.02,13.18,238613200
2013-04-15,12.74,12.99,12.73,12.96,317520000
2013-04-16,12.94,12.95,12.76,12.80,305771200
2013-04-17,12.23,12.77,12.08,12.76,945056000
2013-04-18,11.90,12.32,11.83,12.29,666299200
2013-04-19,11.85,12.13,11.69,11.78,609274400
2013-04-22,12.10,12.21,11.88,11.92,429920400
2013-04-23,12.33,12.39,12.10,12.26,664238400
2013-04-24,12.31,12.60,11.91,11.94,969651200
2013-04-25,12.39,12.56,12.35,12.48,384837600
2013-04-26,12.66,12.71,12.39,12.44,764097600
2013-04-29,13.05,13.16,12.75,12.76,640326400
2013-04-30,13.44,13.51,13.11,13.21,691538400
2013-05-01,13.33,13.50,13.18,13.49,506909200
2013-05-02,13.52,13.62,13.37,13.41,421828400
2013-05-03,13.66,13.76,13.63,13.70,361300800
2013-05-06,13.98,14.03,13.79,13.83,496641600
2013-05-07,13.92,14.14,13.77,14.11,483753200
2013-05-08,14.08,14.12,13.83,13.93,472598000
2013-05-09,13.96,14.15,13.92,14.05,398487600
2013-05-10,13.84,14.05,13.76,13.99,334852000
2013-05-13,13.89,13.99,13.79,13.79,316948800
2013-05-14,13.56,13.91,13.51,13.87,447118000
2013-05-15,13.10,13.47,12.90,13.42,741613600
2013-05-16,13.28,13.38,12.80,12.93,603204000
2013-05-17,13.24,13.45,13.17,13.41,427904400
2013-05-20,13.53,13.62,13.14,13.20,451578400
2013-05-21,13.43,13.61,13.27,13.39,456022000
2013-05-22,13.48,13.70,13.39,13.57,443038400
2013-05-23,13.51,13.63,13.31,13.32,353021200
2013-05-24,13.60,13.62,13.45,13.47,276166800
2013-05-28,13.49,13.78,13.47,13.75,386145200
2013-05-29,13.59,13.67,13.42,13.44,330576400
2013-05-30,13.80,13.89,13.58,13.62,353519600
2013-05-31,13.74,13.97,13.73,13.82,384302800
2013-06-03,13.77,13.82,13.52,13.77,372352400
2013-06-04,13.73,13.88,13.67,13.85,292728800
2013-06-05,13.60,13.77,13.56,13.62,290589600
2013-06-06,13.40,13.66,13.26,13.61,416934000
2013-06-07,13.50,13.54,13.22,13.34,404535600
2013-06-10,13.41,13.72,13.35,13.59,450153200
2013-06-11,13.37,13.53,13.24,13.31,286112400
2013-06-12,13.20,13.48,13.18,13.43,265227200
2013-06-13,13.32,13.36,13.10,13.21,285832400
2013-06-14,13.14,13.33,13.09,13.30,271866000
2013-06-17,13.20,13.31,13.15,13.18,259414400
2013-06-18,13.19,13.29,13.14,13.19,195025600
2013-06-19,12.92,13.19,12.92,13.18,310940000
2013-06-20,12.74,13.01,12.68,12.81,357310800
2013-06-21,12.63,12.83,12.47,12.79,481118400
2013-06-24,12.30,12.49,12.16,12.45,480746000
2013-06-25,12.30,12.46,12.19,12.39,314162800
2013-06-26,12.16,12.37,12.09,12.34,367724000
2013-06-27,12.03,12.26,12.02,12.20,337246000
2013-06-28,12.11,12.23,11.88,11.96,578516400
2013-07-01,12.50,12.60,12.26,12.30,391053600
2013-07-02,12.79,12.88,12.51,12.53,469865200
2013-07-03,12.86,12.92,12.75,12.86,240928800
2013-07-05,12.75,12.93,12.69,12.84,274024800
2013-07-08,12.68,12.86,12.55,12.84,298138400
2013-07-09,12.90,12.94,12.54,12.64,352584400
2013-07-10,12.85,12.98,12.78,12.82,281405600
2013-07-11,13.05,13.08,12.87,12.92,326292400
2013-07-12,13.03,13.13,12.94,13.07,279563200
2013-07-15,13.06,13.18,12.98,12.98,241917200
2013-07-16,13.14,13.16,12.96,13.03,216538000
2013-07-17,13.15,13.21,13.08,13.13,198990400
2013-07-18,13.19,13.29,13.16,13.24,218878800
2013-07-19,12.98,13.26,12.96,13.23,268721600
2013-07-22,13.02,13.13,13.00,13.12,207796400
2013-07-23,12.80,13.04,12.79,13.02,369395600
2013-07-24,13.46,13.58,13.30,13.41,591936800
2013-07-25,13.40,13.49,13.31,13.46,229493600
2013-07-26,13.47,13.47,13.27,13.30,200152400
2013-07-29,13.68,13.75,13.45,13.47,248057600
2013-07-30,13.85,13.97,13.72,13.75,309422400
2013-07-31,13.83,13.97,13.73,13.90,322957600
2013-08-01,13.95,13.96,13.85,13.92,206250800
2013-08-02,14.13,14.14,13.95,13.99,274783600
2013-08-05,14.34,14.38,14.12,14.20,318855600
2013-08-06,14.21,14.42,14.12,14.30,334857600
2013-08-07,14.21,14.27,14.11,14.17,298858000
2013-08-08,14.18,14.27,14.08,14.27,255777200
2013-08-09,13.98,14.16,13.95,14.10,266865200
2013-08-12,14.37,14.41,14.04,14.05,364434000
2013-08-13,15.06,15.21,14.39,14.48,881941200
2013-08-14,15.33,15.51,15.17,15.31,756372400
2013-08-15,15.31,15.45,15.04,15.27,490294000
2013-08-16,15.45,15.47,15.34,15.38,362306000
2013-08-19,15.61,15.80,15.50,15.51,510518400
2013-08-20,15.41,15.70,15.40,15.68,358688400
2013-08-21,15.45,15.60,15.41,15.49,335879600
2013-08-22,15.47,15.55,15.32,15.53,244207600
2013-08-23,15.41,15.48,15.36,15.48,222731600
2013-08-26,15.47,15.69,15.39,15.40,330965600
2013-08-27,15.03,15.45,14.96,15.32,424188800
2013-08-28,15.10,15.25,14.95,14.95,307608000
2013-08-29,15.12,15.27,15.10,15.12,239657600
2013-08-30,14.98,15.16,14.96,15.13,272297200
2013-09-03,15.03,15.40,14.99,15.16,331928800
2013-09-04,15.34,15.45,15.26,15.36,345032800
2013-09-05,15.23,15.40,15.18,15.38,236367600
2013-09-06,15.32,15.36,15.07,15.33,359525600
2013-09-09,15.57,15.62,15.48,15.53,340687200
2013-09-10,15.21,15.61,15.05,15.57,743195600
2013-09-11,14.38,14.57,14.29,14.36,898696400
2013-09-12,14.54,14.62,14.33,14.41,404051200
2013-09-13,14.30,14.51,14.29,14.43,298835600
2013-09-16,13.84,14.20,13.75,14.18,543706800
2013-09-17,14.00,14.14,13.76,13.78,399380800
2013-09-18,14.29,14.34,14.17,14.24,456862000
2013-09-19,14.52,14.63,14.43,14.48,404541200
2013-09-20,14.37,14.72,14.33,14.70,699302800
2013-09-23,15.09,15.28,14.84,15.26,762106800
2013-09-24,15.04,15.24,15.00,15.22,364344400
2013-09-25,14.81,15.06,14.81,15.04,316957200
2013-09-26,14.95,15.03,14.88,14.95,237221600
2013-09-27,14.85,14.91,14.78,14.88,228040400
2013-09-30,14.66,14.81,14.59,14.68,260156400
2013-10-01,15.01,15.04,14.71,14.71,353883600
2013-10-02,15.06,15.12,14.88,14.93,289184000
2013-10-03,14.87,15.14,14.78,15.09,322753200
2013-10-04,14.85,14.90,14.72,14.88,258868400
2013-10-07,15.00,15.15,14.93,14.96,312292400
2013-10-08,14.79,15.09,14.78,15.07,290917200
2013-10-09,14.96,15.00,14.71,14.90,301725200
2013-10-10,15.06,15.14,14.98,15.11,278602800
2013-10-11,15.16,15.19,14.92,14.98,267738800
2013-10-14,15.26,15.30,15.05,15.06,261898000
2013-10-15,15.34,15.44,15.24,15.30,320073600
2013-10-16,15.41,15.45,15.35,15.40,251101200
2013-10-17,15.52,15.52,15.37,15.38,253593200
2013-10-18,15.65,15.66,15.55,15.56,290542000
2013-10-21,16.03,16.12,15.73,15.74,398106800
2013-10-22,15.99,16.25,15.62,16.19,534063600
2013-10-23,16.14,16.17,15.96,15.96,313723200
2013-10-24,16.36,16.38,16.07,16.15,384764800
2013-10-25,16.18,16.40,16.15,16.34,337792000
2013-10-28,16.30,16.33,16.09,16.27,550440800
2013-10-29,15.89,16.58,15.82,16.49,635807200
2013-10-30,16.14,16.22,15.90,15.98,354163600
2013-10-31,16.07,16.22,16.03,16.15,275696400
2013-11-01,15.99,16.14,15.86,16.12,274890000
2013-11-04,16.20,16.20,15.96,16.03,244627600
2013-11-05,16.16,16.27,16.08,16.13,265213200
2013-11-06,16.11,16.24,16.03,16.21,223375600
2013-11-07,15.85,16.18,15.85,16.07,262620400
2013-11-08,16.10,16.12,15.86,15.92,279316800
2013-11-11,16.06,16.14,15.91,16.08,227452400
2013-11-12,16.09,16.21,15.99,16.01,204276800
2013-11-13,16.10,16.15,15.99,16.02,197220800
2013-11-14,16.34,16.37,16.14,16.17,282419200
2013-11-15,16.24,16.37,16.22,16.29,317920400
2013-11-18,16.04,16.31,16.03,16.24,244944000
2013-11-19,16.07,16.19,16.02,16.06,208938800
2013-11-20,15.93,16.10,15.91,16.06,193916800
2013-11-21,16.12,16.12,15.89,16.01,262026800
2013-11-22,16.08,16.15,16.04,16.07,223725600
2013-11-25,16.20,16.27,16.12,16.12,229311600
2013-11-26,16.50,16.58,16.21,16.21,401382800
2013-11-27,16.89,16.89,16.50,16.59,363448400
2013-11-29,17.20,17.27,16.95,17.00,318127600
2013-12-02,17.05,17.46,17.04,17.26,472544800
2013-12-03,17.52,17.52,17.25,17.27,450968000
2013-12-04,17.48,17.61,17.35,17.49,377809600
2013-12-05,17.57,17.79,17.52,17.71,447580000
2013-12-06,17.32,17.53,17.31,17.50,344352400
2013-12-09,17.52,17.62,17.35,17.35,320493600
2013-12-10,17.49,17.57,17.36,17.43,278269600
2013-12-11,17.36,17.66,17.31,17.54,359718800
2013-12-12,17.34,17.49,17.32,17.39,262290000
2013-12-13,17.15,17.41,17.13,17.41,332822000
2013-12-16,17.25,17.40,17.17,17.17,282592800
2013-12-17,17.17,17.31,17.12,17.19,229902400
2013-12-18,17.04,17.06,16.67,17.00,565863200
2013-12-19,16.84,17.01,16.82,17.00,320308800
2013-12-20,16.98,17.06,16.85,16.87,436413600
2013-12-23,17.63,17.65,17.41,17.57,501306400
2013-12-24,17.56,17.69,17.51,17.63,167554800
2013-12-26,17.44,17.62,17.43,17.57,204008000
2013-12-27,17.33,17.46,17.31,17.44,225884400
2013-12-30,17.15,17.33,17.09,17.24,253629600
2013-12-31,17.35,17.36,17.14,17.14,223084400
2014-01-02,17.11,17.23,17.08,17.19,234684800
2014-01-03,16.73,17.13,16.72,17.10,392467600
2014-01-06,16.83,16.91,16.51,16.63,412610800
2014-01-07,16.71,16.89,16.64,16.84,317209200
2014-01-08,16.81,16.88,16.66,16.67,258529600
2014-01-09,16.60,16.92,16.56,16.91,279148800
2014-01-10,16.49,16.73,16.43,16.70,304976000
2014-01-13,16.57,16.78,16.39,16.39,378492800
2014-01-14,16.90,16.91,16.63,16.65,332561600
2014-01-15,17.24,17.33,17.06,17.12,391638800
2014-01-16,17.14,17.23,17.07,17.16,229278000
2014-01-17,16.72,17.08,16.70,17.06,426739600
2014-01-21,16.98,17.02,16.72,16.73,328526800
2014-01-22,17.06,17.24,16.95,17.04,379985200
2014-01-23,17.20,17.21,16.85,17.01,403239200
2014-01-24,16.89,17.19,16.85,17.14,429354800
2014-01-27,17.03,17.16,16.88,17.02,554878800
2014-01-28,15.67,15.93,15.53,15.74,1065523200
2014-01-29,15.49,15.69,15.42,15.59,502810000
2014-01-30,15.46,15.67,15.36,15.55,678501600
2014-01-31,15.49,15.51,15.27,15.32,464797200
2014-02-03,15.51,15.71,15.44,15.55,401464000
2014-02-04,15.74,15.76,15.55,15.65,376681200
2014-02-05,15.86,15.94,15.66,15.67,328344800
2014-02-06,15.95,15.98,15.80,15.87,257765200
2014-02-07,16.17,16.27,16.10,16.22,370280400
2014-02-10,16.46,16.55,16.12,16.14,345559200
2014-02-11,16.68,16.73,16.48,16.51,282256800
2014-02-12,16.68,16.79,16.59,16.71,308100800
2014-02-13,16.94,16.95,16.62,16.64,307398000
2014-02-14,16.93,16.99,16.84,16.88,272924400
2014-02-18,16.99,17.15,16.98,16.99,260251600
2014-02-19,16.72,17.02,16.63,16.95,313768000
2014-02-20,16.53,16.71,16.46,16.59,305858000
2014-02-21,16.34,16.63,16.32,16.58,278784800
2014-02-24,16.42,16.49,16.26,16.28,288909600
2014-02-25,16.25,16.48,16.21,16.47,231952000
2014-02-26,16.10,16.34,16.04,16.29,276217200
2014-02-27,16.42,16.45,16.06,16.09,301882000
2014-02-28,16.38,16.58,16.25,16.46,371968800
2014-03-03,16.42,16.51,16.27,16.29,238781200
2014-03-04,16.53,16.57,16.42,16.52,259140000
2014-03-05,16.57,16.64,16.47,16.52,200062800
2014-03-06,16.52,16.63,16.43,16.58,185488800
2014-03-07,16.51,16.55,16.37,16.53,220729600
2014-03-10,16.52,16.60,16.44,16.44,178584000
2014-03-11,16.68,16.76,16.57,16.66,279224400
2014-03-12,16.70,16.72,16.56,16.63,199326400
2014-03-13,16.51,16.79,16.47,16.72,257742800
2014-03-14,16.33,16.52,16.27,16.46,237199200
2014-03-17,16.39,16.49,16.36,16.42,199544800
2014-03-18,16.54,16.55,16.34,16.37,209647200
2014-03-19,16.53,16.69,16.46,16.56,224756000
2014-03-20,16.45,16.58,16.41,16.49,208398400
2014-03-21,16.58,16.61,16.38,16.55,374046400
2014-03-24,16.78,16.82,16.65,16.75,355700800
2014-03-25,16.96,16.98,16.79,16.85,282293200
2014-03-26,16.80,17.08,16.77,17.01,299768000
2014-03-27,16.72,16.85,16.65,16.80,222031600
2014-03-28,16.71,16.77,16.63,16.75,200564000
2014-03-31,16.70,16.83,16.68,16.78,168669200
2014-04-01,16.86,16.86,16.70,16.73,200760000
2014-04-02,16.88,16.91,16.81,16.88,180420800
2014-04-03,16.77,16.88,16.73,16.85,162344000
2014-04-04,16.55,16.80,16.51,16.80,275251200
2014-04-07,16.29,16.52,16.24,16.43,289850400
2014-04-08,16.29,16.37,16.14,16.34,243888400
2014-04-09,16.50,16.51,16.24,16.26,206169600
2014-04-10,16.29,16.56,16.28,16.51,239652000
2014-04-11,16.17,16.27,16.09,16.15,271717600
2014-04-14,16.23,16.25,16.09,16.24,205674000
2014-04-15,16.12,16.23,15.91,16.19,266490000
2014-04-16,16.15,16.22,16.00,16.12,214765600
2014-04-17,16.34,16.42,16.16,16.18,284334400
2014-04-21,16.53,16.56,16.30,16.35,182548800
2014-04-22,16.55,16.55,16.38,16.44,202563200
2014-04-23,16.33,16.53,16.32,16.46,394940000
2014-04-24,17.67,17.74,17.45,17.68,759911600
2014-04-25,17.80,17.80,17.55,17.57,390275200
2014-04-28,18.49,18.54,17.82,17.82,669485600
2014-04-29,18.43,18.55,18.34,18.48,337377600
2014-04-30,18.36,18.65,18.35,18.44,456640800
2014-05-01,18.41,18.51,18.25,18.42,244048000
2014-05-02,18.44,18.49,18.35,18.43,191514400
2014-05-05,18.70,18.70,18.36,18.36,287067200
2014-05-06,18.50,18.81,18.50,18.73,374564400
2014-05-07,18.43,18.59,18.29,18.52,282864400
2014-05-08,18.40,18.60,18.35,18.41,230297200
2014-05-09,18.32,18.35,18.16,18.29,291597600
2014-05-12,18.55,18.58,18.38,18.38,213208800
2014-05-13,18.58,18.60,18.48,18.53,159737200
2014-05-14,18.58,18.69,18.52,18.54,166404000
2014-05-15,18.43,18.67,18.40,18.61,230846000
2014-05-16,18.70,18.70,18.32,18.42,276256400
2014-05-19,18.92,19.00,18.69,18.71,317755200
2014-05-20,18.92,18.98,18.80,18.92,234836000
2014-05-21,18.97,18.99,18.84,18.90,196859600
2014-05-22,19.00,19.08,18.90,18.98,200760000
2014-05-23,19.22,19.24,18.98,19.00,232209600
2014-05-27,19.58,19.58,19.26,19.27,348866000
2014-05-28,19.53,19.71,19.52,19.59,315481600
2014-05-29,19.88,19.93,19.64,19.65,376474000
2014-05-30,19.81,20.16,19.68,19.96,564020800
2014-06-02,19.67,19.87,19.48,19.84,369350800
2014-06-03,19.95,19.99,19.66,19.67,292709200
2014-06-04,20.18,20.27,19.91,19.95,335482000
2014-06-05,20.26,20.32,20.11,20.22,303805600
2014-06-06,20.20,20.38,20.17,20.34,349938400
2014-06-09,20.52,20.56,20.10,20.31,301660000
2014-06-10,20.65,20.82,20.50,20.75,251108000
2014-06-11,20.56,20.76,20.47,20.62,182724000
2014-06-12,20.22,20.62,20.13,20.60,218996000
2014-06-13,19.99,20.25,19.91,20.20,218100000
2014-06-16,20.20,20.32,20.03,20.04,142244000
2014-06-17,20.17,20.31,20.11,20.22,118904000
2014-06-18,20.19,20.22,20.01,20.21,134056000
2014-06-19,20.12,20.22,20.01,20.22,142112000
2014-06-20,19.91,20.27,19.91,20.12,403592000
2014-06-23,19.90,20.07,19.85,20.00,174776000
2014-06-24,19.78,20.10,19.76,19.88,156144000
2014-06-25,19.79,19.87,19.64,19.76,147476000
2014-06-26,19.91,19.94,19.67,19.80,130516000
2014-06-27,20.15,20.15,19.88,19.89,256116000
2014-06-30,20.36,20.53,20.17,20.17,197929200
2014-07-01,20.49,20.61,20.40,20.49,152892000
2014-07-02,20.48,20.60,20.39,20.56,113860000
2014-07-03,20.60,20.61,20.42,20.52,91567200
2014-07-07,21.02,21.03,20.61,20.62,225872000
2014-07-08,20.89,21.20,20.57,21.09,260888000
2014-07-09,20.89,21.02,20.76,20.91,145744000
2014-07-10,20.82,20.93,20.49,20.54,158744000
2014-07-11,20.86,21.00,20.78,20.89,136072000
2014-07-14,21.13,21.22,20.95,21.00,171240000
2014-07-15,20.88,21.21,20.82,21.20,181911600
2014-07-16,20.76,21.27,20.75,21.24,213585200
2014-07-17,20.39,20.87,20.28,20.82,229192000
2014-07-18,20.68,20.75,20.38,20.51,199952000
2014-07-21,20.58,20.81,20.53,20.81,156316000
2014-07-22,20.75,20.79,20.62,20.74,220788000
2014-07-23,21.29,21.44,20.85,20.90,371672000
2014-07-24,21.25,21.32,21.12,21.26,182916000
2014-07-25,21.39,21.43,21.17,21.21,173876000
2014-07-28,21.69,21.74,21.37,21.43,221272000
2014-07-29,21.55,21.78,21.52,21.76,172572000
2014-07-30,21.50,21.62,21.39,21.56,132040000
2014-07-31,20.94,21.35,20.88,21.28,227372000
2014-08-01,21.06,21.16,20.77,20.79,194044000
2014-08-04,20.94,21.16,20.85,21.11,159832000
2014-08-05,20.84,20.96,20.67,20.89,223732000
2014-08-06,20.80,20.91,20.75,20.75,154232000
2014-08-07,20.80,21.12,20.71,20.90,186844000
2014-08-08,20.86,20.87,20.53,20.75,167460000
2014-08-11,21.13,21.15,20.88,20.97,146340000
2014-08-12,21.13,21.33,21.05,21.14,135180000
2014-08-13,21.41,21.41,21.14,21.17,127664000
2014-08-14,21.46,21.48,21.31,21.43,112464000
2014-08-15,21.57,21.62,21.32,21.55,195804000
2014-08-18,21.83,21.87,21.57,21.68,190288000
2014-08-19,22.13,22.16,21.86,21.88,277596000
2014-08-20,22.14,22.25,22.00,22.11,210796000
2014-08-21,22.14,22.22,22.04,22.14,133912000
2014-08-22,22.30,22.34,22.06,22.08,176736000
2014-08-25,22.35,22.49,22.30,22.41,161080000
2014-08-26,22.21,22.34,22.20,22.33,132608000
2014-08-27,22.48,22.58,22.17,22.24,209476000
2014-08-28,22.51,22.63,22.36,22.36,273840000
2014-08-29,22.56,22.65,22.50,22.64,178380000
2014-09-02,22.74,22.84,22.61,22.69,214256000
2014-09-03,21.78,22.72,21.70,22.70,501684000
2014-09-04,21.60,22.03,21.53,21.76,342872000
2014-09-05,21.79,21.88,21.64,21.75,233828000
2014-09-08,21.65,21.86,21.58,21.86,185426800
2014-09-09,21.57,22.69,21.16,21.81,759385200
2014-09-10,22.23,22.26,21.52,21.58,403478400
2014-09-11,22.33,22.33,21.93,22.10,249412400
2014-09-12,22.38,22.50,22.25,22.28,250504400
2014-09-15,22.37,22.68,22.33,22.63,245266000
2014-09-16,22.20,22.29,21.77,21.97,267632400
2014-09-17,22.36,22.41,22.14,22.29,243706000
2014-09-18,22.41,22.53,22.36,22.44,149197600
2014-09-19,22.22,22.53,22.12,22.52,283609600
2014-09-22,22.25,22.48,22.14,22.41,211153600
2014-09-23,22.59,22.66,22.13,22.15,253608800
2014-09-24,22.40,22.64,22.28,22.49,240687200
2014-09-25,21.54,22.17,21.51,22.13,400368000
2014-09-26,22.18,22.18,21.66,21.69,249482000
2014-09-29,22.04,22.11,21.71,21.72,199065200
2014-09-30,22.18,22.35,22.13,22.19,221056400
2014-10-01,21.83,22.17,21.73,22.14,205965200
2014-10-02,21.99,22.06,21.58,21.85,191031200
2014-10-03,21.93,22.06,21.80,21.89,173878400
2014-10-06,21.93,22.16,21.89,22.00,148204800
2014-10-07,21.74,22.04,21.73,21.89,168376800
2014-10-08,22.19,22.26,21.64,21.74,229618800
2014-10-09,22.24,22.54,22.15,22.35,309506000
2014-10-10,22.17,22.46,22.08,22.17,265326400
2014-10-13,21.97,22.41,21.97,22.31,214333600
2014-10-14,21.74,22.13,21.70,22.10,254754400
2014-10-15,21.47,21.83,20.95,21.57,403734400
2014-10-16,21.19,21.51,21.00,21.03,288618000
2014-10-17,21.50,21.79,21.31,21.46,272718800
2014-10-20,21.96,22.00,21.62,21.64,310069200
2014-10-21,22.56,22.68,22.29,22.68,378495600
2014-10-22,22.67,22.92,22.59,22.64,273052400
2014-10-23,23.08,23.13,22.81,22.91,284298800
2014-10-24,23.16,23.22,23.01,23.15,188215600
2014-10-27,23.14,23.22,23.05,23.08,136750800
2014-10-28,23.50,23.50,23.19,23.20,192243600
2014-10-29,23.63,23.64,23.41,23.48,210751600
2014-10-30,23.55,23.63,23.31,23.55,162619200
2014-10-31,23.77,23.78,23.60,23.78,178557200
2014-11-03,24.08,24.28,23.78,23.82,209130400
2014-11-04,23.91,24.10,23.71,24.07,166297600
2014-11-05,23.96,24.06,23.80,24.02,149743600
2014-11-06,24.03,24.05,23.83,24.01,139874000
2014-11-07,24.10,24.17,24.00,24.04,134766000
2014-11-10,24.06,24.17,24.03,24.10,108782000
2014-11-11,24.25,24.26,23.97,24.03,109769200
2014-11-12,24.60,24.64,24.18,24.18,187769600
2014-11-13,24.94,25.08,24.67,24.72,238091600
2014-11-14,25.24,25.25,24.59,25.02,176254400
2014-11-17,25.20,25.93,25.05,25.26,186986800
2014-11-18,25.53,25.58,25.18,25.19,176896000
2014-11-19,25.35,25.59,25.16,25.52,167476800
2014-11-20,25.71,25.84,25.39,25.41,173582000
2014-11-21,25.75,25.99,25.65,25.98,228717200
2014-11-24,26.23,26.26,25.78,25.83,189803200
2014-11-25,26.00,26.48,25.97,26.33,275361600
2014-11-26,26.31,26.33,26.05,26.08,163073200
2014-11-28,26.29,26.40,26.10,26.37,99257600
2014-12-01,25.44,26.36,24.60,26.27,335256000
2014-12-02,25.34,25.59,24.93,25.09,237395600
2014-12-03,25.63,25.72,25.45,25.59,172253600
2014-12-04,25.53,25.91,25.49,25.60,168178000
2014-12-05,25.43,25.66,25.35,25.64,153275600
2014-12-08,24.85,25.35,24.68,25.23,230659600
2014-12-09,25.23,25.27,24.18,24.36,240832000
2014-12-10,24.75,25.39,24.66,25.29,178261200
2014-12-11,24.68,25.16,24.62,24.82,165606800
2014-12-12,24.26,24.73,24.23,24.42,224112400
2014-12-15,23.93,24.67,23.51,24.47,268872400
2014-12-16,23.60,24.36,23.49,23.52,243162800
2014-12-17,24.19,24.28,23.62,23.68,213647200
2014-12-18,24.91,24.91,24.47,24.73,236024800
2014-12-19,24.71,25.04,24.69,24.82,353719200
2014-12-22,24.97,25.09,24.76,24.80,180670000
2014-12-23,24.88,25.06,24.86,25.03,104113600
2014-12-24,24.76,24.92,24.76,24.89,57918400
2014-12-26,25.20,25.32,24.76,24.78,134884000
2014-12-29,25.18,25.37,25.14,25.16,110395600
2014-12-30,24.88,25.19,24.79,25.12,119526000
2014-12-31,24.40,25.01,24.37,24.94,165613600
2015-01-02,24.17,24.64,23.73,24.63,212818400
2015-01-05,23.49,24.02,23.31,23.94,257142000
2015-01-06,23.49,23.75,23.13,23.55,263188400
2015-01-07,23.82,23.92,23.59,23.70,160423600
2015-01-08,24.74,24.80,24.03,24.15,237458000
2015-01-09,24.76,25.04,24.37,24.91,214798000
2015-01-12,24.15,24.90,24.05,24.89,198603200
2015-01-13,24.37,24.94,24.08,24.64,268367600
2015-01-14,24.28,24.43,23.99,24.11,195826400
2015-01-15,23.62,24.33,23.58,24.32,240056000
2015-01-16,23.43,23.78,23.26,23.66,314053200
2015-01-20,24.04,24.09,23.55,23.84,199599600
2015-01-21,24.22,24.55,23.94,24.09,194303600
2015-01-22,24.85,24.87,24.26,24.38,215185600
2015-01-23,24.98,25.15,24.66,24.83,185859200
2015-01-26,25.01,25.28,24.94,25.15,222460000
2015-01-27,24.13,24.87,24.11,24.85,382274800
2015-01-28,25.49,26.12,25.49,26.01,585908400
2015-01-29,26.29,26.35,25.55,25.72,337745600
2015-01-30,25.90,26.53,25.83,26.18,334982000
2015-02-02,26.23,26.35,25.66,26.10,250956400
2015-02-03,26.23,26.33,26.00,26.20,207662800
2015-02-04,26.43,26.64,26.16,26.20,280598800
2015-02-05,26.62,26.69,26.47,26.64,168984800
2015-02-06,26.40,26.69,26.29,26.64,174826400
2015-02-09,26.57,26.60,26.29,26.31,155559200
2015-02-10,27.08,27.11,26.67,26.67,248034000
2015-02-11,27.72,27.73,27.19,27.25,294247200
2015-02-12,28.07,28.30,27.87,27.98,297898000
2015-02-13,28.21,28.25,27.89,28.25,217088800
2015-02-17,28.37,28.61,28.17,28.30,252609600
2015-02-18,28.57,28.58,28.29,28.33,179566800
2015-02-19,28.51,28.64,28.48,28.52,149449600
2015-02-20,28.74,28.74,28.42,28.55,195793600
2015-02-23,29.52,29.52,28.78,28.86,283896400
2015-02-24,29.34,29.65,29.11,29.51,276912400
2015-02-25,28.59,29.21,28.44,29.20,298846800
2015-02-26,28.95,29.05,28.10,28.59,365150000
2015-02-27,28.51,28.98,28.46,28.86,248059200
2015-03-02,28.65,28.92,28.48,28.69,192386800
2015-03-03,28.71,28.75,28.43,28.62,151265200
2015-03-04,28.53,28.76,28.48,28.66,126665200
2015-03-05,28.06,28.58,27.91,28.54,226068400
2015-03-06,28.10,28.72,28.02,28.50,291368400
2015-03-09,28.22,28.76,27.76,28.40,354114000
2015-03-10,27.64,28.24,27.48,28.06,275426400
2015-03-11,27.13,27.69,27.10,27.69,275756000
2015-03-12,27.62,27.72,27.00,27.15,193450800
2015-03-13,27.43,27.83,27.21,27.61,207309200
2015-03-16,27.73,27.73,27.27,27.50,143497200
2015-03-17,28.20,28.26,27.89,27.95,204092400
2015-03-18,28.52,28.67,28.05,28.19,261083600
2015-03-19,28.30,28.69,28.28,28.58,183238000
2015-03-20,27.95,28.50,27.78,28.47,274780400
2015-03-23,28.24,28.38,28.08,28.22,150838800
2015-03-24,28.12,28.42,28.09,28.24,131369200
2015-03-25,27.39,28.15,27.39,28.09,206620800
2015-03-26,27.58,27.72,27.21,27.25,190291600
2015-03-27,27.36,27.68,27.28,27.65,158184800
2015-03-30,28.05,28.06,27.52,27.53,188398800
2015-03-31,27.62,28.08,27.60,27.99,168362400
2015-04-01,27.58,27.77,27.32,27.71,162485600
2015-04-02,27.82,27.87,27.57,27.75,128880400
2015-04-06,28.27,28.30,27.60,27.63,148776000
2015-04-07,27.97,28.44,27.96,28.33,140049200
2015-04-08,27.88,28.06,27.74,27.93,149316800
2015-04-09,28.09,28.10,27.67,27.93,129936000
2015-04-10,28.21,28.24,27.80,27.96,160752000
2015-04-13,28.16,28.54,28.10,28.49,145460400
2015-04-14,28.03,28.25,27.95,28.19,102098400
2015-04-15,28.14,28.22,27.97,28.06,115881600
2015-04-16,28.01,28.21,27.99,28.03,113476000
2015-04-17,27.69,28.00,27.63,27.87,207828000
2015-04-20,28.32,28.44,27.78,27.87,188217200
2015-04-21,28.17,28.46,28.12,28.43,129740400
2015-04-22,28.55,28.60,28.04,28.19,150618000
2015-04-23,28.78,28.95,28.44,28.48,183083600
2015-04-24,28.92,28.99,28.68,28.96,178103600
2015-04-27,29.44,29.55,29.11,29.37,387816800
2015-04-28,28.98,29.86,28.76,29.85,475696000
2015-04-29,28.55,29.21,28.48,28.89,253544400
2015-04-30,27.78,28.55,27.65,28.55,332781600
2015-05-01,28.62,28.88,27.81,27.99,234050400
2015-05-04,28.57,28.98,28.47,28.74,203953200
2015-05-05,27.92,28.51,27.92,28.44,197085600
2015-05-06,27.75,28.13,27.38,28.09,288564000
2015-05-07,27.92,28.10,27.64,27.81,175763600
2015-05-08,28.45,28.45,28.11,28.24,222201600
2015-05-11,28.16,28.43,28.00,28.39,168143200
2015-05-12,28.06,28.28,27.82,27.99,192640000
2015-05-13,28.09,28.35,28.06,28.12,138776800
2015-05-14,28.74,28.74,28.34,28.40,180814000
2015-05-15,28.70,28.86,28.58,28.77,152832000
2015-05-18,29.02,29.14,28.61,28.61,203531600
2015-05-19,28.99,29.17,28.90,29.13,178532800
2015-05-20,28.99,29.19,28.83,28.98,145819600
2015-05-21,29.29,29.34,28.94,28.99,158921600
2015-05-22,29.54,29.64,29.29,29.33,182384000
2015-05-26,28.89,29.62,28.78,29.56,282790400
2015-05-27,29.43,29.48,28.99,29.05,183332800
2015-05-28,29.37,29.41,29.22,29.39,122933200
2015-05-29,29.04,29.30,28.95,29.25,203538000
2015-06-01,29.10,29.29,28.99,29.04,128451200
2015-06-02,28.97,29.12,28.82,28.94,134670400
2015-06-03,29.00,29.19,28.95,29.12,123934000
2015-06-04,28.83,29.10,28.73,28.88,153800400
2015-06-05,28.67,28.91,28.61,28.86,142507200
2015-06-08,28.49,28.80,28.27,28.73,210699200
2015-06-09,28.40,28.55,28.00,28.24,224301600
2015-06-10,28.73,28.83,28.50,28.51,156349200
2015-06-11,28.66,29.02,28.64,28.79,141563600
2015-06-12,28.34,28.60,28.33,28.57,147544800
2015-06-15,28.29,28.36,28.02,28.11,175955600
2015-06-16,28.44,28.50,28.17,28.31,125976400
2015-06-17,28.37,28.50,28.25,28.47,131672400
2015-06-18,28.50,28.60,28.36,28.36,141628800
2015-06-19,28.22,28.49,28.17,28.47,218867600
2015-06-22,28.44,28.54,28.32,28.42,136157200
2015-06-23,28.31,28.44,28.28,28.41,121075600
2015-06-24,28.55,28.93,28.33,28.35,221123600
2015-06-25,28.42,28.80,28.42,28.72,127752400
2015-06-26,28.25,28.53,28.20,28.46,176267200
2015-06-29,27.76,28.19,27.75,27.96,196645600
2015-06-30,27.96,28.11,27.83,27.99,177482800
2015-07-01,28.22,28.29,28.08,28.28,120955200
2015-07-02,28.18,28.24,28.03,28.18,108844000
2015-07-06,28.08,28.14,27.83,27.85,112241600
2015-07-07,28.01,28.12,27.59,28.06,187787200
2015-07-08,27.32,27.78,27.31,27.75,243046400
2015-07-09,26.76,27.65,26.57,27.60,314380000
2015-07-10,27.48,27.60,27.02,27.18,245418000
2015-07-13,28.01,28.03,27.71,27.87,165762000
2015-07-14,28.00,28.17,27.87,28.09,127072400
2015-07-15,28.27,28.34,27.99,28.02,134596800
2015-07-16,28.64,28.66,28.38,28.47,144889600
2015-07-17,28.89,28.89,28.60,28.77,184658800
2015-07-20,29.44,29.64,29.13,29.19,235600800
2015-07-21,29.14,29.63,29.05,29.61,307025600
2015-07-22,27.91,27.97,27.19,27.19,461802400
2015-07-23,27.90,28.33,27.87,28.13,203998000
2015-07-24,27.75,28.03,27.62,27.93,168649200
2015-07-27,27.36,27.55,27.22,27.44,177822000
2015-07-28,27.50,27.62,27.32,27.50,134472400
2015-07-29,27.41,27.53,27.25,27.45,148046800
2015-07-30,27.27,27.32,27.13,27.26,134513200
2015-07-31,27.04,27.34,26.95,27.33,171540000
2015-08-03,26.40,27.32,26.19,27.08,279904000
2015-08-04,25.55,26.23,25.24,26.17,496554400
2015-08-05,25.72,26.18,24.99,25.18,397250400
2015-08-06,25.78,26.08,25.55,25.97,211612000
2015-08-07,25.86,26.03,25.64,25.65,154681600
2015-08-10,26.81,26.87,26.09,26.09,219806400
2015-08-11,25.41,26.46,25.37,26.38,388331200
2015-08-12,25.80,25.84,24.55,25.20,404870000
2015-08-13,25.78,26.06,25.65,25.98,194143200
2015-08-14,25.96,26.04,25.53,25.60,171718000
2015-08-17,26.23,26.34,25.86,25.98,163538800
2015-08-18,26.08,26.29,25.97,26.07,138242800
2015-08-19,25.75,26.09,25.68,25.99,193146000
2015-08-20,25.22,25.60,24.99,25.54,274006400
2015-08-21,23.68,25.05,23.65,24.73,513102000
2015-08-24,23.09,24.36,20.60,21.24,648825200
2015-08-25,23.23,24.88,23.17,24.88,414406400
2015-08-26,24.56,24.60,23.52,23.98,387098400
2015-08-27,25.28,25.35,24.63,25.13,338464400
2015-08-28,25.37,25.37,24.97,25.11,212657600
2015-08-31,25.25,25.64,25.08,25.08,224917200
2015-09-01,24.12,25.05,24.04,24.66,307383600
2015-09-02,25.15,25.15,24.43,24.68,247555200
2015-09-03,24.71,25.25,24.64,25.19,212935600
2015-09-04,24.47,24.73,24.30,24.40,199985200
2015-09-08,25.15,25.20,24.70,25.02,219374400
2015-09-09,24.66,25.53,24.58,25.47,340043200
2015-09-10,25.20,25.36,24.61,24.69,251571200
2015-09-11,25.57,25.57,25.02,25.03,199662000
2015-09-14,25.82,26.17,25.72,26.10,233453600
2015-09-15,26.03,26.09,25.62,25.96,173364800
2015-09-16,26.06,26.09,25.85,26.03,148694000
2015-09-17,25.51,26.08,25.46,25.90,256450400
2015-09-18,25.40,25.59,25.05,25.12,297141200
2015-09-21,25.80,25.83,25.45,25.45,200888000
2015-09-22,25.39,25.56,25.19,25.39,201384800
2015-09-23,25.60,25.69,25.37,25.44,143026800
2015-09-24,25.75,25.86,25.16,25.36,200878000
2015-09-25,25.68,26.13,25.53,26.07,224607600
2015-09-28,25.18,25.65,25.18,25.49,208436000
2015-09-29,24.42,25.41,24.15,25.26,293461600
2015-09-30,24.70,24.97,24.34,24.67,265892000
2015-10-01,24.53,24.54,24.03,24.42,255716400
2015-10-02,24.71,24.85,24.08,24.18,232079200
2015-10-05,24.80,24.94,24.42,24.60,208258800
2015-10-06,24.92,25.02,24.58,24.77,192787200
2015-10-07,24.80,25.03,24.50,25.02,187062400
2015-10-08,24.52,24.67,24.23,24.67,247918400
2015-10-09,25.10,25.14,24.51,24.63,211064400
2015-10-12,24.99,25.24,24.95,25.24,121868800
2015-10-13,25.03,25.18,24.78,24.81,132197200
2015-10-14,24.68,24.97,24.53,24.92,177849600
2015-10-15,25.05,25.10,24.74,24.84,150694000
2015-10-16,24.86,25.08,24.75,25.03,156930400
2015-10-19,25.02,25.02,24.65,24.81,119036800
2015-10-20,25.47,25.56,24.81,24.93,195871200
2015-10-21,25.47,25.88,25.46,25.52,167180800
2015-10-22,25.86,25.86,25.55,25.60,166616400
2015-10-23,26.66,26.70,26.05,26.13,237467600
2015-10-26,25.81,26.45,25.73,26.44,265335200
2015-10-27,25.65,26.09,25.52,25.84,279537600
2015-10-28,26.70,26.71,25.99,26.18,342205600
2015-10-29,26.99,27.02,26.48,26.58,204909200
2015-10-30,26.76,27.14,26.74,27.09,197461200
2015-11-02,27.13,27.17,26.78,27.05,128813200
2015-11-03,27.44,27.65,27.02,27.04,182076000
2015-11-04,27.32,27.72,27.23,27.57,179544400
2015-11-05,27.19,27.59,27.02,27.40,158210800
2015-11-06,27.22,27.39,27.12,27.23,132169200
2015-11-09,27.11,27.39,26.99,27.20,135485600
2015-11-10,26.26,26.55,26.10,26.29,236511600
2015-11-11,26.11,26.40,25.91,26.17,180872000
2015-11-12,26.02,26.27,26.00,26.14,130102400
2015-11-13,25.26,25.99,25.24,25.90,183249600
2015-11-16,25.67,25.69,24.96,25.04,152426800
2015-11-17,25.56,25.87,25.48,25.84,110467600
2015-11-18,26.37,26.42,25.97,26.03,186698800
2015-11-19,26.71,26.93,26.25,26.45,173183200
2015-11-20,26.83,26.96,26.72,26.80,137148400
2015-11-23,26.48,26.92,26.38,26.82,129930000
2015-11-24,26.73,26.84,26.34,26.38,171212800
2015-11-25,26.54,26.81,26.52,26.81,85553200
2015-11-27,26.49,26.63,26.44,26.60,52185600
2015-11-30,26.60,26.85,26.48,26.53,156721200
2015-12-01,26.38,26.72,26.28,26.70,139409600
2015-12-02,26.15,26.56,26.10,26.38,133546400
2015-12-03,25.90,26.26,25.68,26.21,166278000
2015-12-04,26.76,26.81,25.88,25.92,231108000
2015-12-07,26.60,26.95,26.49,26.75,128336800
2015-12-08,26.58,26.67,26.28,26.43,137238000
2015-12-09,26.00,26.46,25.88,26.45,185445600
2015-12-10,26.12,26.29,25.97,26.09,116850800
2015-12-11,25.45,25.95,25.38,25.90,187544800
2015-12-14,25.29,25.34,24.69,25.22,257274800
2015-12-15,24.84,25.36,24.81,25.17,213292400
2015-12-16,25.04,25.18,24.46,24.97,224954000
2015-12-17,24.50,25.24,24.50,25.19,179091200
2015-12-18,23.84,24.63,23.79,24.49,385813200
2015-12-21,24.13,24.14,23.74,24.12,190362400
2015-12-22,24.11,24.22,23.94,24.15,131157600
2015-12-23,24.42,24.48,24.10,24.12,130629600
2015-12-24,24.29,24.51,24.27,24.51,54281600
2015-12-28,24.02,24.21,23.88,24.19,106816800
2015-12-29,24.45,24.61,24.03,24.05,123724800
2015-12-30,24.13,24.44,24.10,24.41,100855200
2015-12-31,23.67,24.07,23.57,24.06,163649200
2016-01-04,23.69,23.69,22.94,23.07,270597600
2016-01-05,23.10,23.80,23.03,23.78,223164000
2016-01-06,22.64,23.02,22.46,22.61,273829600
2016-01-07,21.69,22.51,21.68,22.19,324377600
2016-01-08,21.80,22.29,21.76,22.16,283192000
2016-01-11,22.16,22.27,21.89,22.25,198957600
2016-01-12,22.48,22.64,22.22,22.61,196616800
2016-01-13,21.90,22.75,21.88,22.56,249758400
2016-01-14,22.38,22.59,21.53,22.03,252680400
2016-01-15,21.84,21.97,21.44,21.63,319335600
2016-01-19,21.73,22.18,21.47,22.13,212350800
2016-01-20,21.76,22.08,21.01,21.38,289337600
2016-01-21,21.65,22.01,21.35,21.82,208646000
2016-01-22,22.80,22.81,22.12,22.18,263202000
2016-01-25,22.36,22.83,22.31,22.83,207178000
2016-01-26,22.48,22.68,22.05,22.47,300308000
2016-01-27,21.01,21.73,20.99,21.60,533478800
2016-01-28,21.16,21.25,20.77,21.09,222715200
2016-01-29,21.89,21.89,21.22,21.31,257666000
2016-02-01,21.68,21.75,21.45,21.69,163774000
2016-02-02,21.24,21.60,21.20,21.46,149428800
2016-02-03,21.66,21.78,21.15,21.36,183857200
2016-02-04,21.84,22.00,21.52,21.67,185886800
2016-02-05,21.26,21.91,21.18,21.82,185672400
2016-02-08,21.48,21.64,21.03,21.05,216085600
2016-02-09,21.48,21.69,21.24,21.32,177324800
2016-02-10,21.31,21.78,21.27,21.69,169374400
2016-02-11,21.18,21.41,20.93,21.20,200298800
2016-02-12,21.25,21.36,21.03,21.29,161405600
2016-02-16,21.85,21.90,21.39,21.48,196231600
2016-02-17,22.18,22.20,21.74,21.85,179452800
2016-02-18,21.76,22.36,21.72,22.35,156084000
2016-02-19,21.71,21.88,21.66,21.70,141496800
2016-02-22,21.90,21.91,21.69,21.77,137123200
2016-02-23,21.41,21.82,21.38,21.79,127770400
2016-02-24,21.73,21.79,21.10,21.25,145022800
2016-02-25,21.88,21.88,21.53,21.71,110330800
2016-02-26,21.91,22.16,21.83,21.97,115964400
2016-02-29,21.86,22.21,21.85,21.90,140865200
2016-03-01,22.73,22.78,22.02,22.08,201628400
2016-03-02,22.78,22.81,22.53,22.72,132678400
2016-03-03,22.95,22.99,22.71,22.74,147822800
2016-03-04,23.29,23.46,22.92,23.14,184220400
2016-03-07,23.03,23.25,22.82,23.15,143315600
2016-03-08,22.84,23.01,22.70,22.78,126247600
2016-03-09,22.86,22.96,22.67,22.90,108806800
2016-03-10,22.87,23.11,22.64,22.93,134054400
2016-03-11,23.12,23.12,22.95,23.11,109632800
2016-03-14,23.18,23.27,23.01,23.04,100304400
2016-03-15,23.64,23.78,23.48,23.50,160270800
2016-03-16,23.96,24.03,23.65,23.65,153214000
2016-03-17,23.92,24.07,23.73,23.86,137682800
2016-03-18,23.95,24.08,23.78,24.04,176820800
2016-03-21,23.94,24.34,23.77,23.95,142010800
2016-03-22,24.13,24.26,23.79,23.79,129777600
2016-03-23,23.99,24.21,23.94,24.07,102814000
2016-03-24,23.89,24.02,23.71,23.84,104532000
2016-03-28,23.78,24.01,23.75,23.96,77645600
2016-03-29,24.34,24.37,23.71,23.71,124760400
2016-03-30,24.77,24.96,24.55,24.56,182404400
2016-03-31,24.64,24.85,24.62,24.81,103553600
2016-04-01,24.87,24.87,24.46,24.59,103496000
2016-04-04,25.12,25.36,24.93,24.96,149424800
2016-04-05,24.83,25.03,24.74,24.76,106314800
2016-04-06,25.09,25.09,24.69,24.92,105616400
2016-04-07,24.54,24.96,24.44,24.86,127207600
2016-04-08,24.57,24.82,24.45,24.62,94326800
2016-04-11,24.65,25.01,24.60,24.64,117630000
2016-04-12,24.97,24.98,24.57,24.72,108929200
2016-04-13,25.33,25.40,25.05,25.05,133029200
2016-04-14,25.34,25.41,25.17,25.23,101895600
2016-04-15,24.83,25.39,24.81,25.35,187756000
2016-04-18,24.30,24.63,24.18,24.62,243286000
2016-04-19,24.17,24.42,24.02,24.39,129539600
2016-04-20,24.22,24.44,23.98,24.11,122444000
2016-04-21,23.96,24.17,23.86,24.17,126210000
2016-04-22,23.89,24.07,23.65,23.74,134732400
2016-04-25,23.76,23.89,23.63,23.74,112126400
2016-04-26,23.59,23.81,23.49,23.49,224064800
2016-04-27,22.11,22.32,21.63,21.70,458408400
2016-04-28,21.44,22.13,21.31,22.07,328970800
2016-04-29,21.19,21.41,20.91,21.25,274126000
2016-05-02,21.17,21.27,20.89,21.24,192640400
2016-05-03,21.52,21.64,21.18,21.30,227325200
2016-05-04,21.29,21.68,21.21,21.52,164102000
2016-05-05,21.21,21.40,21.08,21.38,143562000
2016-05-06,21.09,21.26,20.89,21.24,174799600
2016-05-09,21.11,21.33,21.06,21.15,131745600
2016-05-10,21.25,21.28,20.95,21.23,134747200
2016-05-11,21.04,21.28,21.03,21.26,114876400
2016-05-12,20.55,21.10,20.35,21.09,305258800
2016-05-13,20.59,20.85,20.47,20.47,177571200
2016-05-16,21.35,21.47,20.85,21.01,245039200
2016-05-17,21.26,21.54,21.16,21.51,187667600
2016-05-18,21.51,21.66,21.36,21.42,168249600
2016-05-19,21.43,21.53,21.28,21.53,121768400
2016-05-20,21.66,21.71,21.50,21.53,128104000
2016-05-23,21.93,22.11,21.76,21.81,152074400
2016-05-24,22.27,22.31,22.03,22.11,140560800
2016-05-25,22.66,22.69,22.32,22.44,152675200
2016-05-26,22.84,22.91,22.44,22.67,225324800
2016-05-27,22.82,22.85,22.57,22.62,145364800
2016-05-31,22.71,22.84,22.48,22.65,169228800
2016-06-01,22.40,22.64,22.37,22.52,116693200
2016-06-02,22.23,22.25,21.98,22.20,160766400
2016-06-03,22.27,22.35,22.17,22.24,114019600
2016-06-06,22.43,23.18,22.19,22.29,93170000
2016-06-07,22.52,22.72,22.51,22.57,89638000
2016-06-08,22.50,22.65,22.45,22.52,83392400
2016-06-09,22.67,22.74,22.40,22.40,106405600
2016-06-10,22.48,22.60,22.40,22.41,126851600
2016-06-13,22.14,22.55,22.09,22.45,152082000
2016-06-14,22.17,22.40,22.01,22.14,127727600
2016-06-15,22.09,22.38,22.07,22.25,117780800
2016-06-16,22.19,22.23,21.85,21.94,125307200
2016-06-17,21.68,21.98,21.68,21.98,244032800
2016-06-20,21.63,21.97,21.61,21.84,137647600
2016-06-21,21.82,21.92,21.54,21.59,142185600
2016-06-22,21.73,22.04,21.69,21.89,116876400
2016-06-23,21.86,21.90,21.66,21.82,128960800
2016-06-24,21.24,21.53,21.07,21.13,301245600
2016-06-27,20.93,21.16,20.81,21.15,181958400
2016-06-28,21.29,21.30,20.96,21.13,161779600
2016-06-29,21.47,21.51,21.30,21.37,146124000
2016-06-30,21.74,21.78,21.45,21.48,143345600
2016-07-01,21.81,21.94,21.68,21.72,104106000
2016-07-05,21.61,21.70,21.49,21.70,110820800
2016-07-06,21.73,21.76,21.46,21.52,123796400
2016-07-07,21.82,21.95,21.75,21.77,100558400
2016-07-08,21.99,22.04,21.85,21.95,115648400
2016-07-11,22.06,22.21,22.00,22.01,95179600
2016-07-12,22.16,22.22,22.09,22.10,96670000
2016-07-13,22.03,22.22,22.03,22.16,103568800
2016-07-14,22.47,22.52,22.14,22.15,155676000
2016-07-15,22.47,22.59,22.40,22.50,120548000
2016-07-18,22.71,22.77,22.43,22.45,145975600
2016-07-19,22.72,22.75,22.60,22.65,95119600
2016-07-20,22.74,22.85,22.69,22.75,105104000
2016-07-21,22.62,22.97,22.55,22.71,130808000
2016-07-22,22.44,22.59,22.36,22.58,113254800
2016-07-25,22.14,22.48,22.04,22.35,161531600
2016-07-26,21.99,22.28,21.93,22.02,224959200
2016-07-27,23.42,23.73,23.37,23.72,369379200
2016-07-28,23.73,23.76,23.39,23.39,159479200
2016-07-29,23.70,23.78,23.58,23.70,110934800
2016-08-01,24.12,24.14,23.75,23.75,152671600
2016-08-02,23.76,24.13,23.66,24.12,135266400
2016-08-03,24.06,24.07,23.83,23.84,120810400
2016-08-04,24.21,24.24,24.08,24.14,109634800
2016-08-05,24.58,24.62,24.28,24.30,162213600
2016-08-08,24.78,24.78,24.51,24.59,112148800
2016-08-09,24.88,24.91,24.70,24.75,105260800
2016-08-10,24.70,24.90,24.64,24.86,96034000
2016-08-11,24.68,24.91,24.66,24.82,109938000
2016-08-12,24.74,24.80,24.65,24.65,74641600
2016-08-15,25.04,25.05,24.72,24.73,103472800
2016-08-16,25.01,25.21,24.97,25.07,135177600
2016-08-17,24.98,25.01,24.78,24.95,101424000
2016-08-18,24.95,25.06,24.93,24.98,87938800
2016-08-19,25.01,25.08,24.78,24.87,101472400
2016-08-22,24.81,24.95,24.66,24.89,103280800
2016-08-23,24.89,25.00,24.82,24.83,85030800
2016-08-24,24.70,24.87,24.62,24.83,94700400
2016-08-25,24.60,24.67,24.40,24.56,100344800
2016-08-26,24.46,24.69,24.31,24.56,111065200
2016-08-29,24.43,24.57,24.31,24.38,99881200
2016-08-30,24.24,24.36,24.13,24.19,99455600
2016-08-31,24.26,24.37,24.16,24.16,118649600
2016-09-01,24.41,24.42,24.15,24.27,106806000
2016-09-02,24.64,24.70,24.43,24.63,107210000
2016-09-06,24.63,24.77,24.59,24.68,107521600
2016-09-07,24.78,24.87,24.49,24.66,169457200
2016-09-08,24.13,24.53,24.07,24.53,212008000
2016-09-09,23.58,24.18,23.58,23.93,186228000
2016-09-12,24.11,24.18,23.45,23.47,181171200
2016-09-13,24.69,24.88,24.52,24.59,248704800
2016-09-14,25.56,25.85,24.84,24.86,443554800
2016-09-15,26.43,26.47,25.95,26.04,359934400
2016-09-16,26.28,26.56,26.08,26.33,319547600
2016-09-19,25.97,26.57,25.90,26.34,188092000
2016-09-20,25.97,26.10,25.73,25.85,138057200
2016-09-21,25.97,26.07,25.71,26.04,144012800
2016-09-22,26.21,26.29,26.07,26.15,124296000
2016-09-23,25.78,26.25,25.51,26.17,209924800
2016-09-26,25.81,25.93,25.51,25.53,119477600
2016-09-27,25.86,25.88,25.69,25.84,98429600
2016-09-28,26.06,26.22,25.94,26.00,118564400
2016-09-29,25.65,26.02,25.57,25.88,143548000
2016-09-30,25.85,25.93,25.57,25.72,145516400
2016-10-03,25.73,25.85,25.68,25.78,86807200
2016-10-04,25.84,26.14,25.76,25.86,118947200
2016-10-05,25.85,25.99,25.77,25.93,85812400
2016-10-06,26.05,26.15,25.87,26.00,115117200
2016-10-07,26.08,26.20,25.96,26.14,97433600
2016-10-10,26.54,26.70,26.23,26.30,144944000
2016-10-11,26.60,27.14,26.57,26.92,256164000
2016-10-12,26.83,26.98,26.70,26.84,150347200
2016-10-13,26.75,26.86,26.46,26.71,140769600
2016-10-14,26.90,27.02,26.79,26.96,142608800
2016-10-17,26.88,26.95,26.71,26.83,94499600
2016-10-18,26.86,27.03,26.86,27.03,98214000
2016-10-19,26.78,26.93,26.02,26.81,80138400
2016-10-20,26.77,26.84,26.60,26.72,96503200
2016-10-21,26.66,26.74,26.59,26.71,92770800
2016-10-24,26.90,26.93,26.76,26.78,94154800
2016-10-25,27.04,27.07,26.83,26.97,192516000
2016-10-26,26.43,26.46,25.91,26.14,264536800
2016-10-27,26.18,26.50,26.09,26.39,138248000
2016-10-28,26.01,26.35,25.94,26.04,151446800
2016-10-31,25.96,26.12,25.89,25.99,105677600
2016-11-01,25.50,26.02,25.28,25.95,175303200
2016-11-02,25.52,25.69,25.44,25.48,113326800
2016-11-03,25.25,25.62,25.18,25.51,107730400
2016-11-04,25.02,25.34,24.85,24.95,123348000
2016-11-07,25.38,25.40,25.16,25.30,130240000
2016-11-08,25.53,25.68,25.22,25.36,97016800
2016-11-09,25.49,25.59,24.84,25.26,236705600
2016-11-10,24.78,25.54,24.33,25.54,228538000
2016-11-11,24.92,25.02,24.49,24.62,136575600
2016-11-14,24.30,24.78,23.92,24.76,204702000
2016-11-15,24.62,24.75,24.40,24.50,129058000
2016-11-16,25.28,25.34,24.50,24.53,235362000
2016-11-17,25.27,25.37,25.02,25.24,110528000
2016-11-18,25.30,25.41,25.21,25.22,113715600
2016-11-21,25.68,25.74,25.29,25.31,117058400
2016-11-22,25.70,25.84,25.61,25.73,103862000
2016-11-23,25.57,25.63,25.36,25.60,109705600
2016-11-25,25.70,25.71,25.50,25.54,45903600
2016-11-28,25.65,25.85,25.60,25.61,108776000
2016-11-29,25.62,25.75,25.30,25.46,114115200
2016-11-30,25.40,25.79,25.35,25.65,144649200
2016-12-01,25.17,25.50,25.06,25.37,148347600
2016-12-02,25.26,25.31,25.02,25.09,106112000
2016-12-05,25.08,25.29,24.88,25.28,137298000
2016-12-06,25.27,25.37,25.10,25.17,104782000
2016-12-07,25.52,25.56,25.09,25.11,119994800
2016-12-08,25.77,25.84,25.42,25.48,108273200
2016-12-09,26.19,26.36,25.82,25.82,137610400
2016-12-12,26.04,26.43,25.86,26.04,105497600
2016-12-13,26.48,26.65,26.15,26.17,174935200
2016-12-14,26.48,26.71,26.43,26.44,136127200
2016-12-15,26.62,26.83,26.49,26.52,186098000
2016-12-16,26.66,26.78,26.58,26.77,177404400
2016-12-19,26.81,26.98,26.61,26.62,111117600
2016-12-20,26.88,27.01,26.82,26.83,85700000
2016-12-21,26.91,26.99,26.84,26.85,95132800
2016-12-22,26.73,26.78,26.58,26.74,104343600
2016-12-23,26.78,26.78,26.57,26.57,56998000
2016-12-27,26.95,27.08,26.78,26.78,73187600
2016-12-28,26.84,27.13,26.71,27.01,83623600
2016-12-29,26.83,26.92,26.76,26.77,60158000
2016-12-30,26.62,26.94,26.53,26.81,122345200
2017-01-03,26.70,26.74,26.38,26.62,115127600
2017-01-04,26.67,26.78,26.61,26.63,84472400
2017-01-05,26.80,26.86,26.62,26.65,88774400
2017-01-06,27.10,27.16,26.77,26.84,127007600
2017-01-09,27.35,27.45,27.11,27.11,134247600
2017-01-10,27.38,27.44,27.19,27.30,97848400
2017-01-11,27.53,27.57,27.26,27.29,110354400
2017-01-12,27.41,27.42,27.17,27.33,108344800
2017-01-13,27.36,27.50,27.31,27.38,104447600
2017-01-17,27.58,27.64,27.17,27.20,137759200
2017-01-18,27.58,27.70,27.52,27.58,94852000
2017-01-19,27.53,27.60,27.44,27.45,102389200
2017-01-20,27.58,27.69,27.52,27.69,130391600
2017-01-23,27.60,27.77,27.53,27.58,88200800
2017-01-24,27.58,27.61,27.47,27.48,92844000
2017-01-25,28.02,28.07,27.65,27.68,129510400
2017-01-26,28.03,28.14,27.95,27.97,105350400
2017-01-27,28.03,28.12,27.95,28.08,82251600
2017-01-30,27.96,27.96,27.73,27.80,121510000
2017-01-31,27.89,27.90,27.73,27.85,196804000
2017-02-01,29.59,29.99,29.19,29.20,447940000
2017-02-02,29.54,29.74,29.37,29.42,134841600
2017-02-03,29.67,29.70,29.46,29.49,98029200
2017-02-06,29.95,30.00,29.63,29.68,107383600
2017-02-07,30.23,30.36,29.99,30.01,152735200
2017-02-08,30.35,30.39,30.16,30.19,92016400
2017-02-09,30.57,30.58,30.27,30.39,113399600
2017-02-10,30.50,30.69,30.48,30.58,80262000
2017-02-13,30.77,30.89,30.65,30.72,92141600
2017-02-14,31.17,31.19,30.76,30.81,132904800
2017-02-15,31.28,31.46,31.08,31.29,142492400
2017-02-16,31.25,31.37,31.13,31.32,90338400
2017-02-17,31.33,31.36,31.19,31.19,88792800
2017-02-21,31.56,31.57,31.39,31.45,98028800
2017-02-22,31.65,31.66,31.42,31.50,83347600
2017-02-23,31.52,31.74,31.47,31.72,83152800
2017-02-24,31.55,31.55,31.23,31.38,87106400
2017-02-27,31.61,31.73,31.46,31.66,81029600
2017-02-28,31.63,31.73,31.56,31.65,93931600
2017-03-01,32.27,32.35,31.77,31.83,145658400
2017-03-02,32.08,32.38,32.03,32.32,104844000
2017-03-03,32.27,32.28,31.99,32.04,84432400
2017-03-06,32.17,32.27,32.00,32.17,87000000
2017-03-07,32.21,32.32,32.04,32.10,69785200
2017-03-08,32.09,32.27,32.05,32.08,74828800
2017-03-09,32.02,32.04,31.64,32.03,88623600
2017-03-10,32.12,32.17,32.01,32.15,78451200
2017-03-13,32.14,32.19,32.05,32.05,69686800
2017-03-14,32.09,32.24,32.05,32.16,61236400
2017-03-15,32.43,32.49,32.10,32.18,102767200
2017-03-16,32.48,32.56,32.38,32.49,76928000
2017-03-17,32.32,32.55,32.29,32.55,175540000
2017-03-20,32.66,32.67,32.37,32.41,86168000
2017-03-21,32.28,32.97,32.26,32.81,158119600
2017-03-22,32.65,32.69,32.26,32.29,103440800
2017-03-23,32.53,32.68,32.46,32.61,81385200
2017-03-24,32.47,32.72,32.40,32.67,89582400
2017-03-27,32.52,32.60,32.00,32.18,94300400
2017-03-28,33.20,33.25,32.46,32.53,133499200
2017-03-29,33.27,33.36,33.06,33.17,116760000
2017-03-30,33.23,33.36,33.13,33.29,84829200
2017-03-31,33.16,33.31,33.01,33.18,78646800
2017-04-03,33.17,33.27,33.02,33.18,79942800
2017-04-04,33.42,33.45,33.05,33.07,79565600
2017-04-05,33.25,33.58,33.20,33.29,110871600
2017-04-06,33.16,33.36,33.12,33.31,84596000
2017-04-07,33.09,33.28,33.07,33.18,66688800
2017-04-10,33.05,33.22,32.99,33.15,75733600
2017-04-11,32.70,33.09,32.33,33.00,121517600
2017-04-12,32.74,32.82,32.55,32.69,81400000
2017-04-13,32.56,32.87,32.56,32.76,71291600
2017-04-17,32.74,32.75,32.52,32.66,66328400
2017-04-18,32.60,32.79,32.58,32.65,58790000
2017-04-19,32.48,32.78,32.42,32.75,69313600
2017-04-20,32.88,32.99,32.59,32.60,93278400
2017-04-21,32.84,32.94,32.75,32.88,69283600
2017-04-24,33.16,33.23,33.05,33.13,68537200
2017-04-25,33.37,33.45,33.21,33.22,75486000
2017-04-26,33.17,33.38,33.10,33.35,80164800
2017-04-27,33.19,33.28,33.08,33.22,56985200
2017-04-28,33.16,33.31,33.07,33.26,83441600
2017-05-01,33.84,33.98,33.46,33.50,134411600
2017-05-02,34.05,34.19,33.90,34.06,181408800
2017-05-03,33.95,34.05,33.31,33.61,182788000
2017-05-04,33.83,33.97,33.66,33.83,93487600
2017-05-05,34.39,34.39,33.88,33.88,109310800
2017-05-08,35.32,35.48,34.40,34.40,195009600
2017-05-09,35.55,35.76,35.42,35.52,156521600
2017-05-10,35.38,35.54,35.12,35.47,103222800
2017-05-11,35.69,35.71,35.31,35.34,109020400
2017-05-12,36.19,36.26,35.85,35.86,130108000
2017-05-15,36.09,36.31,35.94,36.16,104038800
2017-05-16,36.04,36.18,35.87,36.15,80194000
2017-05-17,34.83,35.83,34.70,35.61,203070800
2017-05-18,35.36,35.55,35.03,35.07,134272800
2017-05-19,35.48,35.69,35.38,35.55,107843200
2017-05-22,35.70,35.83,35.45,35.70,91865600
2017-05-23,35.65,35.91,35.54,35.91,79675600
2017-05-24,35.55,35.74,35.39,35.66,76712000
2017-05-25,35.67,35.78,35.47,35.64,76942400
2017-05-26,35.61,35.75,35.54,35.70,87710400
2017-05-30,35.62,35.80,35.54,35.56,80507600
2017-05-31,35.41,35.74,35.32,35.69,97804800
2017-06-01,35.51,35.54,35.29,35.51,65616400
2017-06-02,36.03,36.03,35.44,35.60,111082800
2017-06-05,35.68,35.80,35.57,35.78,101326800
2017-06-06,35.80,36.12,35.65,35.68,106499600
2017-06-07,36.02,36.16,35.81,35.94,84278400
2017-06-08,35.93,36.06,35.79,35.99,85003200
2017-06-09,34.53,35.97,33.85,35.97,259530800
2017-06-12,33.71,33.87,33.04,33.78,289229200
2017-06-13,33.98,34.18,33.65,34.11,136661600
2017-06-14,33.65,34.19,33.34,34.19,126124800
2017-06-15,33.45,33.49,32.97,33.22,128661600
2017-06-16,32.98,33.50,32.96,33.33,201444400
2017-06-19,33.92,34.02,33.30,33.30,130165600
2017-06-20,33.61,34.05,33.60,34.05,99600400
2017-06-21,33.81,33.86,33.52,33.73,85063200
2017-06-22,33.76,34.01,33.64,33.79,76425200
2017-06-23,33.91,34.11,33.64,33.64,141757600
2017-06-26,33.80,34.37,33.70,34.12,102769600
2017-06-27,33.32,33.88,33.29,33.61,99047600
2017-06-28,33.80,33.87,33.19,33.49,88329600
2017-06-29,33.31,33.64,32.98,33.55,125997600
2017-06-30,33.39,33.60,33.33,33.48,92096400
2017-07-03,33.26,33.68,33.17,33.58,57111200
2017-07-05,33.40,33.56,33.08,33.31,86278400
2017-07-06,33.09,33.26,33.01,33.15,96515200
2017-07-07,33.42,33.55,33.13,33.13,76806800
2017-07-10,33.63,33.83,33.23,33.41,84362400
2017-07-11,33.74,33.81,33.47,33.55,79127200
2017-07-12,33.78,33.89,33.57,33.81,99538000
2017-07-13,34.25,34.42,33.71,33.73,100797600
2017-07-14,34.55,34.62,34.15,34.30,80528400
2017-07-17,34.67,34.98,34.44,34.50,95174000
2017-07-18,34.79,34.80,34.46,34.59,71475200
2017-07-19,35.01,35.10,34.76,34.88,83692000
2017-07-20,34.85,35.17,34.82,35.12,68974800
2017-07-21,34.83,34.87,34.51,34.77,105010400
2017-07-24,35.26,35.34,34.75,34.91,85972800
2017-07-25,35.41,35.66,35.19,35.19,75415600
2017-07-26,35.57,35.68,35.48,35.55,63124000
2017-07-27,34.90,35.70,34.15,35.64,129905200
2017-07-28,34.66,34.82,34.58,34.75,68854800
2017-07-31,34.48,34.85,34.34,34.75,79383600
2017-08-01,34.78,34.82,34.40,34.56,141474400
2017-08-02,36.43,37.03,36.20,36.92,279747200
2017-08-03,36.06,36.44,35.94,36.41,108389200
2017-08-04,36.25,36.49,36.09,36.18,82239600
2017-08-07,36.81,36.84,36.32,36.41,87481200
2017-08-08,37.11,37.51,36.69,36.76,144823600
2017-08-09,37.34,37.38,36.88,36.92,104526000
2017-08-10,36.15,37.24,35.99,37.21,163217200
2017-08-11,36.65,36.90,36.32,36.44,105028400
2017-08-14,37.20,37.28,36.94,37.08,88490800
2017-08-15,37.61,37.75,37.27,37.39,117862000
2017-08-16,37.46,37.82,37.27,37.69,110686400
2017-08-17,36.74,37.40,36.73,37.36,111762400
2017-08-18,36.65,37.12,36.47,36.74,109712400
2017-08-21,36.59,36.74,36.10,36.65,105474000
2017-08-22,37.18,37.24,36.77,36.82,86418400
2017-08-23,37.23,37.34,36.97,37.02,77596400
2017-08-24,37.07,37.41,36.90,37.34,79275600
2017-08-25,37.20,37.37,37.07,37.15,101920400
2017-08-28,37.58,37.70,37.22,37.27,103864000
2017-08-29,37.91,37.96,37.24,37.26,118067600
2017-08-30,38.01,38.14,37.84,38.12,109078400
2017-08-31,38.17,38.29,38.04,38.08,107140400
2017-09-01,38.18,38.38,38.08,38.35,66364400
2017-09-05,37.72,38.22,37.37,38.11,117874000
2017-09-06,37.68,37.93,37.36,37.87,86606800
2017-09-07,37.53,37.76,37.32,37.72,87714000
2017-09-08,36.92,37.50,36.89,37.44,114446000
2017-09-11,37.58,37.71,37.21,37.35,126323200
2017-09-12,37.44,38.16,36.95,37.84,286856000
2017-09-13,37.15,37.23,36.75,37.20,179629600
2017-09-14,36.83,37.10,36.79,37.00,95042800
2017-09-15,37.21,37.46,36.77,36.88,196458400
2017-09-18,36.93,37.35,36.77,37.26,113077600
2017-09-19,36.94,37.18,36.87,37.12,83242400
2017-09-20,36.32,36.83,35.80,36.75,211805600
2017-09-21,35.70,36.26,35.55,36.26,150046800
2017-09-22,35.35,35.44,35.04,35.27,186581600
2017-09-25,35.04,35.33,34.71,34.91,177549200
2017-09-26,35.64,35.82,35.30,35.32,146640000
2017-09-27,35.89,36.01,35.73,35.79,102016800
2017-09-28,35.67,35.90,35.54,35.81,88022000
2017-09-29,35.87,35.87,35.37,35.65,105199200
2017-10-02,35.79,35.94,35.54,35.90,74795200
2017-10-03,35.95,36.09,35.82,35.84,64921200
2017-10-04,35.72,35.81,35.48,35.75,80655200
2017-10-05,36.16,36.17,35.85,35.88,85135200
2017-10-06,36.14,36.19,35.97,36.06,69630400
2017-10-09,36.27,36.47,36.19,36.26,65051600
2017-10-10,36.28,36.77,36.09,36.32,62468000
2017-10-11,36.43,36.53,36.25,36.30,67622400
2017-10-12,36.30,36.62,36.24,36.39,64500400
2017-10-13,36.53,36.60,36.40,36.47,65576800
2017-10-16,37.21,37.24,36.69,36.75,96486000
2017-10-17,37.34,37.44,37.06,37.18,75989200
2017-10-18,37.18,37.40,37.14,37.33,65496800
2017-10-19,36.30,36.56,36.08,36.48,170336800
2017-10-20,36.36,36.71,36.29,36.45,95896400
2017-10-23,36.34,36.70,36.19,36.51,87937200
2017-10-24,36.56,36.63,36.35,36.37,71028800
2017-10-25,36.40,36.66,36.13,36.52,84828400
2017-10-26,36.63,36.73,36.49,36.59,68002000
2017-10-27,37.94,38.07,36.93,37.07,177816800
2017-10-30,38.80,39.11,38.10,38.14,178803200
2017-10-31,39.34,39.48,38.85,39.07,144187200
2017-11-01,38.84,39.55,38.54,39.53,134551200
2017-11-02,39.12,39.21,38.46,38.77,165573600
2017-11-03,40.14,40.55,39.82,40.49,237594400
2017-11-06,40.55,40.72,39.96,40.11,140105200
2017-11-07,40.68,40.78,40.40,40.47,97446000
2017-11-08,41.01,41.01,40.57,40.65,97638000
2017-11-09,40.93,40.98,40.29,40.75,117930400
2017-11-10,40.80,40.96,40.70,40.90,100582000
2017-11-13,40.63,40.76,40.50,40.52,67928400
2017-11-14,40.02,40.52,39.98,40.41,99130000
2017-11-15,39.49,39.78,39.33,39.70,116632400
2017-11-16,39.96,40.14,39.77,39.98,94550000
2017-11-17,39.74,40.03,39.62,39.95,87598000
2017-11-20,39.70,39.84,39.60,39.77,65049600
2017-11-21,40.44,40.57,39.89,39.89,100525200
2017-11-22,40.86,40.87,40.42,40.49,102355600
2017-11-24,40.87,40.99,40.79,40.90,56106800
2017-11-27,40.66,40.89,40.48,40.88,82867200
2017-11-28,40.42,40.84,40.14,40.71,105715200
2017-11-29,39.58,40.39,39.04,40.32,166665600
2017-11-30,40.14,40.20,39.34,39.80,166108800
2017-12-01,39.95,40.09,39.35,39.69,159037200
2017-12-04,39.66,40.32,39.62,40.28,130169600
2017-12-05,39.62,40.06,39.33,39.48,109400800
2017-12-06,39.47,39.75,38.88,39.12,114240000
2017-12-07,39.55,39.81,39.45,39.48,102693200
2017-12-08,39.56,39.94,39.43,39.82,93420800
2017-12-11,40.33,40.38,39.42,39.52,141095200
2017-12-12,40.10,40.26,40.05,40.21,77636800
2017-12-13,40.23,40.53,40.17,40.29,95273600
2017-12-14,40.22,40.44,40.09,40.27,81906000
2017-12-15,40.63,40.68,40.28,40.55,160677200
2017-12-18,41.20,41.39,40.84,40.84,117684400
2017-12-19,40.76,40.96,40.66,40.88,109745600
2017-12-20,40.72,40.97,40.46,40.84,93902400
2017-12-21,40.87,41.11,40.66,40.68,83799600
2017-12-22,40.87,40.97,40.76,40.80,65397600
2017-12-26,39.84,40.05,39.63,39.89,132742000
2017-12-27,39.84,39.89,39.64,39.73,85992800
2017-12-28,39.96,40.14,39.82,39.94,65920800
2017-12-29,39.52,39.84,39.52,39.83,103999600
2018-01-02,40.23,40.24,39.53,39.74,102223600
2018-01-03,40.23,40.77,40.16,40.30,118071600
2018-01-04,40.41,40.51,40.19,40.30,89738400
2018-01-05,40.87,40.96,40.42,40.51,94640000
2018-01-08,40.72,41.01,40.62,40.72,82271200
2018-01-09,40.72,40.89,40.50,40.77,86336000
2018-01-10,40.71,40.71,40.41,40.44,95839600
2018-01-11,40.94,40.99,40.75,40.78,74670800
2018-01-12,41.36,41.42,41.02,41.15,101672400
2018-01-16,41.15,41.90,41.14,41.55,118263600
2018-01-17,41.83,41.86,40.89,41.14,137547200
2018-01-18,41.87,42.06,41.63,41.89,124773600
2018-01-19,41.68,41.94,41.44,41.72,129700400
2018-01-22,41.34,41.52,41.25,41.41,108434400
2018-01-23,41.35,41.91,41.30,41.41,130756400
2018-01-24,40.69,41.41,40.45,41.40,204420400
2018-01-25,39.96,40.86,39.83,40.76,166116000
2018-01-26,40.06,40.17,39.72,40.17,156572000
2018-01-29,39.23,39.74,39.02,39.74,202561600
2018-01-30,39.00,39.09,38.47,38.66,184192800
2018-01-31,39.10,39.34,38.89,38.97,129915600
2018-02-01,39.19,39.38,38.95,39.04,188923200
2018-02-02,37.49,38.96,37.39,38.77,346375200
2018-02-05,36.55,38.28,36.43,37.16,290954000
2018-02-06,38.08,38.24,35.97,36.16,272975200
2018-02-07,37.26,38.16,37.15,38.09,206434400
2018-02-08,36.24,37.60,36.21,37.44,217562000
2018-02-09,36.68,37.03,35.23,36.83,282690400
2018-02-12,38.16,38.43,36.94,37.17,243278000
2018-02-13,38.54,38.64,37.91,37.98,130196800
2018-02-14,39.25,39.29,38.20,38.23,162579600
2018-02-15,40.57,40.59,39.63,39.82,204588800
2018-02-16,40.44,41.00,40.28,40.42,160704400
2018-02-20,40.30,40.87,40.20,40.35,135722000
2018-02-21,40.12,40.83,40.10,40.53,149886400
2018-02-22,40.45,40.79,40.27,40.29,123967600
2018-02-23,41.16,41.19,40.70,40.73,135249600
2018-02-26,41.97,42.07,41.32,41.36,152648800
2018-02-27,41.83,42.32,41.78,42.00,155712400
2018-02-28,41.77,42.36,41.75,42.04,151128400
2018-03-01,41.04,42.16,40.49,41.87,195208000
2018-03-02,41.32,41.34,40.44,40.52,153816000
2018-03-05,41.47,41.68,40.93,41.09,113605600
2018-03-06,41.43,41.80,41.30,41.72,95154000
2018-03-07,41.05,41.24,40.87,41.02,126814000
2018-03-08,41.49,41.54,41.06,41.15,95096400
2018-03-09,42.21,42.21,41.60,41.73,128740800
2018-03-12,42.61,42.77,42.26,42.28,128828400
2018-03-13,42.20,43.03,42.03,42.82,126774000
2018-03-14,41.85,42.33,41.70,42.29,117473600
2018-03-15,41.89,42.27,41.76,41.86,90975200
2018-03-16,41.75,42.01,41.65,41.89,157618800
2018-03-19,41.11,41.62,40.72,41.58,133787200
2018-03-20,41.10,41.46,41.02,41.10,78597600
2018-03-21,40.16,41.06,40.16,41.05,148219600
2018-03-22,39.60,40.49,39.54,39.87,165963200
2018-03-23,38.68,39.85,38.68,39.49,164115200
2018-03-26,40.52,40.59,39.03,39.41,150164800
2018-03-27,39.48,41.07,39.14,40.73,163690400
2018-03-28,39.04,39.87,38.74,39.22,166674000
2018-03-29,39.35,40.28,39.14,39.35,153594000
2018-04-02,39.09,39.62,38.57,39.08,150347200
2018-04-03,39.49,39.57,38.67,39.31,121112000
2018-04-04,40.24,40.34,38.64,38.67,138422000
2018-04-05,40.52,40.86,40.35,40.47,107732800
2018-04-06,39.49,40.45,39.44,40.09,140021200
2018-04-09,39.88,40.59,39.83,39.84,116070800
2018-04-10,40.63,40.80,40.23,40.57,113634400
2018-04-11,40.44,40.79,40.27,40.39,89726400
2018-04-12,40.84,41.04,40.58,40.67,91557200
2018-04-13,40.98,41.24,40.77,40.99,100497200
2018-04-16,41.23,41.32,41.00,41.05,86313600
2018-04-17,41.80,41.96,41.37,41.39,106421600
2018-04-18,41.70,41.93,41.48,41.70,83018000
2018-04-19,40.52,41.13,40.49,40.75,139235200
2018-04-20,38.86,40.15,38.79,40.01,261964400
2018-04-23,38.75,39.14,38.48,39.12,146062000
2018-04-24,38.21,39.01,37.81,38.85,134768000
2018-04-25,38.38,38.79,38.09,38.14,113528400
2018-04-26,38.51,38.87,38.31,38.49,111852000
2018-04-27,38.07,38.54,37.67,38.46,142623200
2018-04-30,38.75,39.22,37.95,38.02,169709600
2018-05-01,39.66,39.68,38.76,39.02,214277600
2018-05-02,41.41,41.68,40.76,41.09,266157600
2018-05-03,41.48,41.63,40.91,41.25,136272800
2018-05-04,43.11,43.21,41.78,41.80,224805200
2018-05-07,43.42,44.01,43.33,43.43,169805600
2018-05-08,43.63,43.67,43.07,43.38,113611200
2018-05-09,43.94,43.95,43.44,43.75,92844800
2018-05-10,44.57,44.64,44.01,44.03,111957200
2018-05-11,44.40,44.74,44.13,44.61,104848800
2018-05-14,44.29,44.62,44.22,44.50,83115200
2018-05-15,43.89,44.04,43.57,43.97,94780800
2018-05-16,44.30,44.37,43.79,43.80,76732400
2018-05-17,44.02,44.47,43.87,44.26,69176000
2018-05-18,43.86,44.21,43.82,44.07,73190800
2018-05-21,44.17,44.56,44.00,44.26,73603200
2018-05-22,44.06,44.46,43.97,44.35,60962800
2018-05-23,44.34,44.38,43.73,43.87,80233600
2018-05-24,44.29,44.46,43.84,44.44,92936000
2018-05-25,44.39,44.65,44.18,44.31,69844000
2018-05-29,44.23,44.43,43.99,44.16,90056400
2018-05-30,44.14,44.26,43.97,44.19,74762000
2018-05-31,43.99,44.31,43.82,44.07,109931200
2018-06-01,44.78,44.79,44.20,44.26,93770000
2018-06-04,45.16,45.53,45.05,45.11,105064800
2018-06-05,45.51,45.66,45.28,45.45,86264000
2018-06-06,45.67,45.69,45.18,45.58,83734400
2018-06-07,45.54,45.72,45.28,45.70,85388800
2018-06-08,45.13,45.20,44.67,45.00,106627200
2018-06-11,45.02,45.19,44.78,45.05,73234000
2018-06-12,45.27,45.34,45.00,45.06,67644400
2018-06-13,44.89,45.41,44.83,45.30,86553600
2018-06-14,44.92,45.10,44.78,45.09,86440400
2018-06-15,44.46,44.77,44.32,44.74,246876800
2018-06-18,44.43,44.54,44.07,44.23,73939600
2018-06-19,43.71,43.86,43.19,43.58,134314000
2018-06-20,43.90,44.07,43.72,43.87,82514800
2018-06-21,43.66,44.34,43.54,44.08,102847600
2018-06-22,43.53,43.82,43.48,43.82,108801600
2018-06-25,42.89,43.53,42.55,43.17,126652400
2018-06-26,43.42,43.91,42.97,43.08,98276800
2018-06-27,43.35,44.09,43.32,43.61,101141200
2018-06-28,43.67,43.84,43.27,43.34,69460800
2018-06-29,43.58,44.07,43.06,43.86,90950800
2018-07-02,44.06,44.09,43.18,43.27,70925200
2018-07-03,43.30,44.25,43.21,44.21,55819200
2018-07-05,43.65,43.88,43.38,43.61,66416800
2018-07-06,44.25,44.36,43.60,43.65,69940800
2018-07-09,44.86,44.89,44.56,44.61,79026400
2018-07-10,44.81,45.03,44.77,44.90,63756400
2018-07-11,44.23,44.68,44.17,44.38,75326000
2018-07-12,44.97,45.06,44.57,44.62,72164400
2018-07-13,45.04,45.16,44.94,44.98,50055600
2018-07-16,44.94,45.35,44.83,45.09,60172400
2018-07-17,45.07,45.17,44.54,44.67,62138000
2018-07-18,44.82,45.15,44.71,45.15,65573600
2018-07-19,45.17,45.33,44.66,44.66,81147200
2018-07-20,45.07,45.30,44.77,45.15,82704800
2018-07-23,45.11,45.19,44.62,44.89,63957600
2018-07-24,45.43,45.59,45.21,45.31,74791600
2018-07-25,45.86,45.87,45.30,45.45,66839600
2018-07-26,45.72,46.13,45.58,45.81,76304000
2018-07-27,44.96,45.95,44.75,45.90,96096000
2018-07-30,44.71,45.25,44.51,45.18,84118000
2018-07-31,44.80,45.23,44.57,44.80,157492000
2018-08-01,47.44,47.50,46.45,46.88,271742800
2018-08-02,48.82,49.06,47.16,47.22,249616000
2018-08-03,48.96,49.14,48.37,48.74,133789600
2018-08-06,49.22,49.26,48.75,48.97,101701600
2018-08-07,48.76,49.32,48.67,49.28,102349600
2018-08-08,48.79,48.92,48.15,48.51,90102000
2018-08-09,49.17,49.38,48.78,49.33,93970400
2018-08-10,49.03,49.40,48.82,48.99,98444800
2018-08-13,49.34,49.83,49.07,49.45,103563600
2018-08-14,49.55,49.74,49.20,49.65,82992000
2018-08-15,49.67,49.78,49.22,49.43,115230400
2018-08-16,50.39,50.51,49.96,50.02,114001600
2018-08-17,51.40,51.49,50.36,50.42,141708000
2018-08-20,50.90,51.78,50.82,51.52,121150800
2018-08-21,50.80,51.31,50.56,51.22,104639200
2018-08-22,50.80,51.11,50.52,50.58,76072400
2018-08-23,50.91,51.28,50.70,50.71,75532800
2018-08-24,51.07,51.24,50.82,51.17,73905600
2018-08-27,51.49,51.67,51.11,51.30,82100400
2018-08-28,51.90,52.10,51.72,51.74,91107200
2018-08-29,52.68,52.80,51.83,52.01,109019200
2018-08-30,53.16,53.92,52.54,52.74,195175200
2018-08-31,53.77,54.07,53.39,53.51,173360400
2018-09-04,53.95,54.14,53.54,53.96,109560400
2018-09-05,53.60,54.26,53.18,54.10,133332000
2018-09-06,52.70,53.71,52.28,53.44,137160000
2018-09-07,52.28,53.24,52.14,52.41,150479200
2018-09-10,51.58,52.41,51.14,52.20,158066000
2018-09-11,52.88,52.99,51.16,51.50,142996000
2018-09-12,52.23,53.15,51.93,53.14,197114800
2018-09-13,53.49,53.95,52.58,52.80,166825600
2018-09-14,52.88,53.59,52.57,53.33,127997200
2018-09-17,51.47,52.67,51.33,52.48,148780400
2018-09-18,51.56,52.41,51.29,51.45,126286800
2018-09-19,51.59,51.88,50.86,51.62,108495200
2018-09-20,51.98,52.51,51.77,52.03,106435200
2018-09-21,51.42,52.29,51.33,52.16,384986800
2018-09-24,52.16,52.27,51.18,51.22,110773600
2018-09-25,52.49,52.64,51.90,51.91,98217600
2018-09-26,52.07,52.86,51.92,52.21,95938800
2018-09-27,53.14,53.49,52.81,52.87,120724800
2018-09-28,53.33,53.35,52.92,53.10,91717600
2018-10-01,53.69,54.20,53.47,53.85,94403200
2018-10-02,54.16,54.33,53.54,53.69,99152800
2018-10-03,54.82,55.15,54.28,54.35,114619200
2018-10-04,53.86,54.89,53.56,54.52,128168000
2018-10-05,52.99,53.96,52.11,53.85,134322000
2018-10-08,52.86,53.11,52.02,52.49,118655600
2018-10-09,53.60,53.69,52.50,52.83,107564000
2018-10-10,51.11,53.47,51.04,53.26,167962400
2018-10-11,50.66,51.85,50.16,50.68,212497600
2018-10-12,52.47,52.65,51.23,52.07,161351600
2018-10-15,51.35,52.40,51.33,52.25,123164000
2018-10-16,52.48,52.68,51.21,51.72,116736000
2018-10-17,52.25,52.60,51.82,52.52,91541600
2018-10-18,51.03,51.91,50.32,51.47,130325200
2018-10-19,51.81,52.27,51.37,51.51,132314800
2018-10-22,52.13,52.77,51.72,51.92,115168400
2018-10-23,52.62,52.74,50.72,50.99,155071200
2018-10-24,50.81,52.97,50.68,52.59,163702000
2018-10-25,51.93,52.30,51.20,51.43,119423200
2018-10-26,51.10,52.02,50.24,51.00,189033600
2018-10-29,50.14,51.90,48.69,51.78,183742000
2018-10-30,50.39,50.83,49.44,49.88,146640000
2018-10-31,51.70,52.08,51.17,51.24,153435600
2018-11-01,52.50,52.53,51.22,51.75,233292800
2018-11-02,49.01,50.47,48.53,49.50,365314800
2018-11-05,47.62,48.28,46.82,48.26,264654800
2018-11-06,48.14,48.36,47.65,47.70,127531600
2018-11-07,49.60,49.62,48.22,48.66,133697600
2018-11-08,49.43,49.81,49.01,49.78,101450400
2018-11-09,48.47,48.84,47.95,48.73,137463200
2018-11-12,46.03,47.38,45.94,47.18,204542000
2018-11-13,45.57,46.74,45.39,45.43,187531600
2018-11-14,44.28,46.10,44.08,45.97,243204000
2018-11-15,45.38,45.51,44.31,44.66,185915200
2018-11-16,45.88,46.22,44.91,45.16,147713200
2018-11-19,44.06,45.21,43.85,45.04,167701200
2018-11-20,41.96,43.02,41.61,42.28,271300800
2018-11-21,41.91,42.74,41.85,42.61,124496800
2018-11-23,40.84,41.87,40.80,41.47,94496000
2018-11-26,41.40,41.47,40.36,41.31,179994000
2018-11-27,41.31,41.43,40.51,40.66,165549600
2018-11-28,42.89,42.98,41.47,41.90,184250000
2018-11-29,42.56,43.34,42.13,43.30,167080000
2018-11-30,42.33,42.75,41.97,42.74,158126000
2018-12-03,43.81,43.84,42.96,43.73,163210000
2018-12-04,41.89,43.24,41.79,42.90,165377200
2018-12-06,41.42,41.43,40.40,40.72,172393600
2018-12-07,39.94,41.37,39.90,41.13,169126400
2018-12-10,40.21,40.32,38.72,39.12,248104000
2018-12-11,39.98,40.72,39.59,40.69,189126800
2018-12-12,40.09,40.76,40.07,40.40,142510800
2018-12-13,40.53,40.91,40.19,40.42,127594400
2018-12-14,39.23,40.08,39.18,40.06,162814800
2018-12-17,38.86,39.91,38.58,39.22,177151600
2018-12-18,39.37,39.72,38.97,39.21,135366000
2018-12-19,38.14,39.70,37.71,39.35,196189200
2018-12-20,37.18,38.43,36.82,38.02,259092000
2018-12-21,35.73,37.49,35.47,37.19,382978400
2018-12-24,34.81,35.93,34.75,35.12,148676800
2018-12-26,37.26,37.27,34.78,35.16,234330000
2018-12-27,37.02,37.16,35.58,36.94,212468400
2018-12-28,37.04,37.58,36.64,37.34,169165600
2018-12-31,37.39,37.78,37.10,37.58,140014000
2019-01-02,37.44,37.66,36.56,36.72,148158800
2019-01-03,33.71,34.54,33.66,34.13,365248800
2019-01-04,35.15,35.22,34.09,34.26,234428400
2019-01-07,35.07,35.28,34.59,35.25,219111200
2019-01-08,35.74,35.99,35.21,35.46,164101200
2019-01-09,36.34,36.63,35.47,35.87,180396400
2019-01-10,36.46,36.50,35.76,36.15,143122800
2019-01-11,36.10,36.44,35.92,36.24,108092800
2019-01-14,35.56,35.86,35.37,35.76,129756800
2019-01-15,36.29,36.36,35.57,35.62,114843600
2019-01-16,36.73,36.95,36.27,36.29,122278800
2019-01-17,36.95,37.38,36.33,36.56,119284800
2019-01-18,37.18,37.43,36.98,37.34,135004000
2019-01-22,36.34,37.15,36.18,37.08,121576000
2019-01-23,36.49,36.78,35.96,36.54,92522400
2019-01-24,36.20,36.62,35.97,36.53,101766000
2019-01-25,37.40,37.49,36.58,36.86,134142000
2019-01-28,37.05,37.06,36.43,36.93,104768400
2019-01-29,36.67,37.49,36.53,37.04,166348800
2019-01-30,39.17,39.39,37.98,38.70,244439200
2019-01-31,39.46,40.06,39.01,39.38,162958400
2019-02-01,39.48,40.06,39.34,39.58,130672400
2019-02-04,40.60,40.69,39.66,39.69,125982000
2019-02-05,41.29,41.50,40.86,40.98,144406400
2019-02-06,41.31,41.62,40.98,41.40,112958400
2019-02-07,40.52,41.23,40.38,40.87,126966800
2019-02-08,40.57,40.63,40.10,40.23,95280000
2019-02-11,40.34,40.76,40.29,40.72,83973600
2019-02-12,40.69,40.71,40.40,40.50,89134000
2019-02-13,40.52,41.06,40.45,40.80,89960800
2019-02-14,40.66,40.77,40.33,40.40,87342800
2019-02-15,40.57,40.88,40.41,40.77,98507200
2019-02-19,40.69,40.82,40.35,40.40,75891200
2019-02-20,40.96,41.26,40.71,40.76,104457600
2019-02-21,40.73,41.04,40.54,40.90,68998800
2019-02-22,41.18,41.19,40.80,40.85,75652800
2019-02-25,41.48,41.87,41.41,41.46,87493600
2019-02-26,41.50,41.74,41.23,41.36,68280800
2019-02-27,41.63,41.66,41.12,41.24,111341600
2019-02-28,41.22,41.64,41.17,41.50,112861600
2019-03-01,41.66,41.70,41.16,41.49,103544800
2019-03-04,41.87,42.32,41.42,41.83,109744800
2019-03-05,41.79,41.90,41.55,41.89,78949600
2019-03-06,41.55,41.78,41.41,41.59,83241600
2019-03-07,41.07,41.53,40.95,41.39,99185600
2019-03-08,41.17,41.20,40.35,40.55,95997600
2019-03-11,42.59,42.64,41.75,41.78,128044000
2019-03-12,43.07,43.49,42.70,42.85,129870400
2019-03-13,43.26,43.64,43.07,43.39,124130000
2019-03-14,43.74,43.83,43.46,43.78,94318000
2019-03-15,44.31,44.60,43.74,44.01,156171600
2019-03-18,44.76,44.85,44.23,44.24,104879200
2019-03-19,44.41,44.99,44.26,44.84,126585600
2019-03-20,44.80,45.11,43.98,44.34,124140800
2019-03-21,46.45,46.74,45.19,45.24,204136800
2019-03-22,45.49,47.07,45.42,46.51,169630800
2019-03-25,44.94,45.71,44.43,45.59,175381200
2019-03-26,44.47,45.92,43.94,45.63,199202000
2019-03-27,44.87,45.18,44.41,44.94,119393600
2019-03-28,44.93,45.13,44.65,44.99,83121600
2019-03-29,45.22,45.25,44.89,45.19,94256000
2019-04-01,45.53,45.64,44.85,45.63,111448000
2019-04-02,46.19,46.30,45.49,45.49,91062800
2019-04-03,46.51,46.78,45.99,46.01,93087200
2019-04-04,46.59,46.75,45.98,46.38,76457200
2019-04-05,46.90,46.93,46.65,46.77,74106400
2019-04-08,47.64,47.67,46.74,46.76,103526800
2019-04-09,47.50,48.29,47.43,47.69,143072800
2019-04-10,47.76,47.79,47.18,47.30,86781200
2019-04-11,47.37,47.85,47.24,47.82,83603200
2019-04-12,47.35,47.65,46.71,47.43,111042800
2019-04-15,47.43,47.58,47.14,47.28,70146400
2019-04-16,47.44,47.94,47.27,47.49,102785600
2019-04-17,48.36,48.42,47.28,47.51,115627200
2019-04-18,48.53,48.60,48.22,48.36,96783200
2019-04-22,48.69,48.79,48.17,48.29,77758000
2019-04-23,49.40,49.46,48.54,48.67,93292000
2019-04-24,49.32,49.63,49.29,49.37,70162400
2019-04-25,48.87,49.46,48.83,49.24,74172800
2019-04-26,48.64,48.81,48.12,48.78,74596400
2019-04-29,48.71,49.04,48.53,48.66,88818800
2019-04-30,47.78,48.43,47.40,48.34,186139600
2019-05-01,50.12,51.26,49.81,49.97,259309200
2019-05-02,49.79,50.63,49.55,49.96,127985200
2019-05-03,50.41,50.43,50.05,50.21,83569600
2019-05-06,49.63,49.72,48.45,48.64,129772400
2019-05-07,48.30,49.38,47.81,49.02,155054800
2019-05-08,48.31,48.89,48.03,48.07,105358000
2019-05-09,47.79,48.02,46.82,47.71,139634400
2019-05-10,47.13,47.52,46.07,47.18,164834800
2019-05-13,44.39,45.28,43.70,44.86,229722400
2019-05-14,45.09,45.34,44.31,44.55,146118800
2019-05-15,45.63,45.83,44.46,44.52,106178800
2019-05-16,45.43,46.00,45.13,45.39,132125600
2019-05-17,45.17,45.62,44.63,44.68,131516400
2019-05-20,43.76,44.06,43.09,43.86,154449200
2019-05-21,44.60,44.93,44.14,44.27,113459200
2019-05-22,43.68,44.38,43.63,44.13,118994400
2019-05-23,42.94,43.15,42.50,42.97,146118800
2019-05-24,42.77,43.53,42.69,43.07,94858800
2019-05-28,42.60,43.16,42.52,42.76,111792800
2019-05-29,42.39,42.86,42.06,42.16,113924800
2019-05-30,42.61,42.84,42.22,42.53,84873600
2019-05-31,41.84,42.54,41.82,42.12,108174400
2019-06-03,41.42,42.52,40.69,41.97,161584400
2019-06-04,42.93,42.98,41.71,41.93,123872000
2019-06-05,43.63,44.21,43.29,44.04,119093600
2019-06-06,44.27,44.33,43.53,43.76,90105200
2019-06-07,45.45,45.87,44.40,44.58,122737600
2019-06-10,46.03,46.69,45.80,45.84,104883600
2019-06-11,46.56,46.84,46.27,46.57,107731600
2019-06-12,46.41,46.84,46.22,46.35,73012800
2019-06-13,46.40,47.03,46.27,46.53,86698400
2019-06-14,46.06,46.27,45.48,45.78,75046000
2019-06-17,46.34,46.59,45.93,46.10,58676400
2019-06-18,47.43,47.87,46.65,46.86,106204000
2019-06-19,47.29,47.77,47.16,47.72,84496800
2019-06-20,47.67,47.94,47.33,47.89,86056000
2019-06-21,47.51,48.00,47.36,47.51,191202400
2019-06-24,47.46,47.84,47.36,47.45,72881600
2019-06-25,46.74,47.62,46.67,47.42,84281200
2019-06-26,47.75,48.04,47.17,47.27,104270000
2019-06-27,47.74,48.17,47.70,47.87,83598800
2019-06-28,47.30,47.68,47.09,47.48,124442400
2019-07-01,48.17,48.87,47.95,48.56,109012000
2019-07-02,48.45,48.55,48.12,48.14,67740800
2019-07-03,48.85,48.86,48.44,48.58,45448000
2019-07-05,48.81,49.01,48.49,48.60,69062000
2019-07-08,47.80,48.13,47.42,47.99,101354400
2019-07-09,48.10,48.16,47.51,47.61,82312000
2019-07-10,48.57,48.69,48.17,48.24,71588400
2019-07-11,48.22,48.85,48.21,48.59,80767200
2019-07-12,48.59,48.76,48.33,48.38,70380800
2019-07-15,49.04,49.20,48.76,48.78,67789600
2019-07-16,48.87,49.26,48.64,48.90,67467200
2019-07-17,48.60,49.02,48.58,48.77,56430000
2019-07-18,49.15,49.20,48.68,48.76,74162400
2019-07-19,48.42,49.35,48.36,49.18,83717200
2019-07-22,49.52,49.53,48.66,48.67,89111600
2019-07-23,49.91,49.93,49.54,49.82,73420800
2019-07-24,49.87,49.99,49.51,49.63,59966400
2019-07-25,49.48,50.01,49.41,49.92,55638400
2019-07-26,49.65,50.12,49.51,49.59,70475600
2019-07-29,50.11,50.34,49.82,49.82,86693600
2019-07-30,49.90,50.23,49.55,49.89,135742800
2019-07-31,50.92,52.91,50.50,51.72,277125600
2019-08-01,49.81,52.11,49.41,51.12,216071600
2019-08-02,48.76,49.34,48.19,49.12,163448400
2019-08-05,46.21,47.48,46.03,47.32,209572000
2019-08-06,47.08,47.34,46.37,46.92,143299200
2019-08-07,47.57,47.69,46.32,46.70,133457600
2019-08-08,48.62,48.64,47.65,47.85,108038000
2019-08-09,48.22,48.64,47.81,48.29,98478800
2019-08-12,48.10,48.47,47.78,47.89,89927600
2019-08-13,50.13,50.89,48.10,48.23,188874000
2019-08-14,48.64,49.53,48.60,48.74,146189600
2019-08-15,48.40,49.21,47.90,48.81,108909600
2019-08-16,49.54,49.70,48.90,49.01,110481600
2019-08-19,50.46,51.03,50.39,50.53,97654400
2019-08-20,50.47,51.18,50.46,50.59,107537200
2019-08-21,51.01,51.26,50.76,51.10,86141600
2019-08-22,50.97,51.45,50.56,51.15,89014800
2019-08-23,48.61,50.87,48.22,50.24,187272000
2019-08-26,49.54,49.71,49.19,49.39,104174400
2019-08-27,48.98,50.03,48.83,49.87,103493200
2019-08-28,49.31,49.35,48.78,48.96,63755200
2019-08-29,50.14,50.22,49.58,50.02,83962000
2019-08-30,50.08,50.49,49.71,50.42,84573600
2019-09-03,49.35,49.66,48.99,49.52,80092000
2019-09-04,50.19,50.26,49.74,49.99,76752400
2019-09-05,51.17,51.33,50.74,50.86,95654800
2019-09-06,51.16,51.44,50.98,51.35,77449200
2019-09-09,51.38,51.92,50.64,51.54,109237600
2019-09-10,51.99,52.01,50.79,51.31,127111600
2019-09-11,53.64,53.67,52.23,52.32,177158400
2019-09-12,53.52,54.32,53.47,53.93,128906800
2019-09-13,52.48,52.97,52.06,52.78,159053200
2019-09-16,52.75,52.81,52.19,52.23,84632400
2019-09-17,52.95,52.98,52.57,52.77,73274800
2019-09-18,53.44,53.46,52.64,53.03,101360000
2019-09-19,53.01,53.68,52.87,53.26,88242400
2019-09-20,52.23,53.39,52.17,53.11,221652400
2019-09-23,52.47,52.74,52.22,52.53,76662000
2019-09-24,52.22,53.38,52.10,53.03,124763200
2019-09-25,53.03,53.14,52.09,52.43,87613600
2019-09-26,52.75,53.00,52.50,52.78,75334000
2019-09-27,52.50,53.01,52.13,52.91,101408000
2019-09-30,53.73,53.88,52.97,52.99,103909600
2019-10-01,53.88,54.75,53.79,54.00,139223200
2019-10-02,52.53,53.64,52.28,53.51,138449200
2019-10-03,52.98,53.01,51.61,52.40,114426000
2019-10-04,54.46,54.58,53.71,54.13,138478800
2019-10-07,54.47,55.16,54.18,54.28,122306000
2019-10-08,53.83,54.71,53.82,54.18,111820000
2019-10-09,54.47,54.65,54.13,54.47,74770400
2019-10-10,55.20,55.28,54.53,54.68,113013600
2019-10-11,56.67,57.01,55.73,55.89,166795600
2019-10-14,56.59,57.13,56.30,56.35,96427600
2019-10-15,56.45,57.01,56.35,56.71,87360000
2019-10-16,56.23,56.44,55.95,55.99,73903200
2019-10-17,56.44,56.65,56.02,56.40,67585200
2019-10-18,56.72,57.00,56.21,56.28,97433600
2019-10-21,57.70,57.81,56.93,56.98,87247200
2019-10-22,57.57,58.10,57.49,57.86,82293600
2019-10-23,58.34,58.35,57.87,58.08,75828800
2019-10-24,58.44,58.73,58.01,58.66,69275200
2019-10-25,59.16,59.19,58.27,58.34,73477200
2019-10-28,59.75,59.80,59.19,59.36,96572800
2019-10-29,58.37,59.92,58.19,59.73,142839600
2019-10-30,58.36,58.85,57.87,58.72,124522000
2019-10-31,59.68,59.78,56.92,59.31,139162000
2019-11-01,61.37,61.40,59.77,59.87,151125200
2019-11-04,61.78,61.86,61.27,61.73,103272000
2019-11-05,61.69,61.94,61.49,61.67,79897600
2019-11-06,61.71,61.77,61.26,61.60,75864400
2019-11-07,62.43,62.65,62.11,62.26,94940400
2019-11-08,62.60,62.67,61.80,62.25,69986400
2019-11-11,63.09,63.16,62.15,62.15,81821200
2019-11-12,63.03,63.23,62.78,62.94,87388800
2019-11-13,63.64,63.71,62.82,62.83,102734400
2019-11-14,63.20,63.74,63.07,63.46,89182800
2019-11-15,63.95,63.95,63.29,63.45,100206400
2019-11-18,64.27,64.35,63.58,63.96,86703200
2019-11-19,64.08,64.49,63.86,64.46,76167200
2019-11-20,63.33,64.03,62.66,63.90,106234400
2019-11-21,63.05,63.53,62.85,63.45,121395200
2019-11-22,62.99,63.33,62.76,63.19,65325200
2019-11-25,64.10,64.11,63.17,63.21,84020400
2019-11-26,63.59,64.29,63.16,64.23,105207600
2019-11-27,64.45,64.48,63.84,63.91,65235600
2019-11-29,64.31,64.49,63.98,64.15,46617600
2019-12-02,63.56,64.55,63.39,64.31,94487200
2019-12-03,62.43,62.45,61.67,62.16,114430400
2019-12-04,62.98,63.36,62.73,62.82,67181600
2019-12-05,63.91,63.98,63.22,63.47,74424400
2019-12-06,65.14,65.21,64.32,64.36,106075600
2019-12-09,64.23,65.16,63.74,64.97,128042400
2019-12-10,64.60,64.99,63.97,64.63,90420400
2019-12-11,65.15,65.23,64.61,64.68,78756800
2019-12-12,65.32,65.58,64.32,64.43,137310400
2019-12-13,66.21,66.24,65.19,65.32,133587600
2019-12-16,67.34,67.56,66.65,66.65,128186000
2019-12-17,67.47,67.80,67.09,67.27,114158400
2019-12-18,67.31,67.83,67.16,67.33,116028400
2019-12-19,67.38,67.66,67.12,67.25,98369200
2019-12-20,67.24,68.01,67.03,67.91,275978000
2019-12-23,68.34,68.40,67.46,67.50,98572000
2019-12-24,68.40,68.55,68.08,68.50,48478800
2019-12-26,69.76,69.78,68.51,68.53,93121200
2019-12-27,69.73,70.74,69.33,70.05,146266000
2019-12-30,70.15,70.43,68.63,69.65,144114400
2019-12-31,70.66,70.67,69.67,69.76,100805600
2020-01-02,72.27,72.33,71.03,71.28,135480400
2020-01-03,71.57,72.33,71.35,71.50,146322800
2020-01-06,72.14,72.18,70.44,70.69,118387200
2020-01-07,71.80,72.40,71.58,72.15,108872000
2020-01-08,72.95,73.26,71.50,71.50,132079200
2020-01-09,74.50,74.70,73.68,73.93,170108400
2020-01-10,74.67,75.24,74.17,74.74,140644800
2020-01-13,76.27,76.29,74.87,74.99,121532000
2020-01-14,75.24,76.42,75.12,76.21,161954400
2020-01-15,74.92,75.92,74.49,75.04,121923600
2020-01-16,75.85,75.97,75.10,75.46,108829200
2020-01-17,76.69,76.70,75.80,76.10,137816400
2020-01-21,76.17,76.76,76.04,76.32,110843200
2020-01-22,76.45,77.00,76.35,76.66,101832400
2020-01-23,76.81,76.89,75.95,76.50,104472000
2020-01-24,76.59,77.80,76.40,77.06,146537600
2020-01-27,74.34,75.02,73.36,74.61,161940000
2020-01-28,76.44,76.61,75.12,75.22,162234000
2020-01-29,78.04,78.89,77.33,78.07,216229200
2020-01-30,77.93,77.98,76.70,77.13,126743200
2020-01-31,74.48,77.64,74.18,77.22,199588400
2020-02-03,74.27,75.43,72.72,73.22,173788400
2020-02-04,76.72,76.91,75.47,75.87,136616400
2020-02-05,77.35,78.15,76.75,77.85,118826800
2020-02-06,78.25,78.26,77.06,77.62,105425600
2020-02-07,77.19,78.00,76.70,77.75,117684000
2020-02-10,77.56,77.56,75.70,75.78,109348800
2020-02-11,77.09,78.12,76.87,78.05,94323200
2020-02-12,78.92,78.92,77.54,77.54,113730400
2020-02-13,78.36,78.68,77.99,78.19,94747600
2020-02-14,78.38,78.62,77.87,78.33,80113600
2020-02-18,76.94,77.12,75.88,76.06,152531200
2020-02-19,78.06,78.28,77.18,77.18,93984000
2020-02-20,77.25,78.30,76.75,77.82,100566000
2020-02-21,75.51,77.29,74.89,76.85,129554000
2020-02-24,71.92,73.37,69.76,71.70,222195200
2020-02-25,69.48,72.97,69.01,72.59,230673600
2020-02-26,70.59,71.85,69.10,69.11,198054800
2020-02-27,65.97,68.98,65.84,67.80,320605600
2020-02-28,65.93,67.15,61.84,62.05,426510000
2020-03-02,72.07,72.71,66.98,68.08,341397200
2020-03-03,69.78,73.32,68.93,73.24,319475600
2020-03-04,73.02,73.18,70.70,71.50,219178400
2020-03-05,70.65,72.25,70.29,71.28,187572800
2020-03-06,69.71,70.14,67.83,68.02,226176800
2020-03-09,64.20,67.07,63.43,63.62,286744800
2020-03-10,68.82,69.09,64.97,66.84,285290000
2020-03-11,66.43,67.83,65.57,66.91,255598800
2020-03-12,59.87,65.12,59.82,61.73,418474000
2020-03-13,67.05,67.52,61.01,63.89,370732000
2020-03-16,58.42,62.49,57.89,58.36,322423600
2020-03-17,60.99,62.13,57.50,59.70,324056000
2020-03-18,59.50,60.30,57.19,57.83,300233600
2020-03-19,59.04,60.98,58.52,59.67,271857200
2020-03-20,55.29,60.74,54.99,59.62,401693200
2020-03-23,54.12,55.11,51.28,55.01,336752800
2020-03-24,59.55,59.74,56.51,57.01,287531200
2020-03-25,59.22,62.29,58.92,60.48,303602000
2020-03-26,62.33,62.39,59.42,59.46,252087200
2020-03-27,59.75,61.71,59.59,60.96,204216800
2020-03-30,61.46,61.63,60.15,60.48,167976400
2020-03-31,61.33,63.31,60.78,61.65,197002000
2020-04-01,58.11,59.99,57.68,59.45,176218400
2020-04-02,59.08,59.13,57.14,57.97,165934000
2020-04-03,58.23,59.26,57.64,58.56,129880000
2020-04-06,63.31,63.46,60.15,60.52,201820400
2020-04-07,62.57,65.53,62.47,65.32,202887200
2020-04-08,64.17,64.49,63.01,63.37,168895200
2020-04-09,64.64,65.14,63.84,64.81,161834800
2020-04-13,65.91,66.02,64.12,64.72,131022800
2020-04-14,69.24,69.52,67.06,67.53,194994800
2020-04-15,68.60,69.06,67.69,68.11,131154400
2020-04-16,69.15,69.51,68.10,69.31,157125200
2020-04-17,68.21,69.21,66.78,68.67,215250000
2020-04-20,66.79,67.94,66.77,67.04,130015200
2020-04-21,64.73,66.87,64.02,66.64,180991600
2020-04-22,66.59,67.03,65.65,65.99,116862400
2020-04-23,66.34,67.96,66.30,66.54,124814400
2020-04-24,68.25,68.26,66.81,66.86,126161200
2020-04-27,68.30,68.63,67.52,67.97,117087600
2020-04-28,67.19,68.94,67.10,68.76,112004800
2020-04-29,69.40,69.87,68.47,68.68,137280800
2020-04-30,70.86,71.04,69.55,69.94,183064000
2020-05-01,69.72,72.12,68.95,69.04,240616800
2020-05-04,70.71,70.84,69.06,69.75,133568000
2020-05-05,71.77,72.60,71.02,71.17,147751200
2020-05-06,72.51,73.14,72.09,72.47,142333600
2020-05-07,73.26,73.61,72.83,73.14,115215200
2020-05-08,75.00,75.06,73.59,73.92,133838400
2020-05-11,76.18,76.68,74.31,74.51,145946400
2020-05-12,75.31,77.32,75.19,76.87,162301200
2020-05-13,74.40,76.41,73.33,75.49,200622400
2020-05-14,74.86,74.92,72.92,73.65,158929200
2020-05-15,74.42,74.47,72.61,72.64,166348400
2020-05-18,76.17,76.55,75.05,75.74,135178400
2020-05-19,75.73,77.03,75.70,76.19,101729600
2020-05-20,77.21,77.28,76.55,76.59,111504800
2020-05-21,76.63,77.61,76.39,77.07,102688800
2020-05-22,77.12,77.21,76.27,76.37,81803200
2020-05-26,76.60,78.42,76.55,78.24,125522000
2020-05-27,76.93,77.08,75.72,76.46,112945200
2020-05-28,76.97,78.22,76.33,76.61,133560800
2020-05-29,76.89,77.67,76.54,77.21,153532400
2020-06-01,77.84,77.96,76.72,76.85,80791200
2020-06-02,78.20,78.22,77.13,77.57,87642800
2020-06-03,78.63,78.89,77.95,78.52,104491200
2020-06-04,77.95,78.75,77.58,78.45,87560400
2020-06-05,80.17,80.23,78.17,78.20,137250400
2020-06-08,80.65,80.68,79.16,79.87,95654400
2020-06-09,83.19,83.59,80.30,80.33,147712400
2020-06-10,85.33,85.80,83.70,84.14,166651600
2020-06-11,81.24,84.90,81.14,84.48,201662400
2020-06-12,81.94,84.11,80.83,83.37,200146000
2020-06-15,82.95,83.60,80.43,80.60,138808800
2020-06-16,85.15,85.42,83.37,85.00,165428800
2020-06-17,85.03,85.95,84.91,85.89,114406400
2020-06-18,85.07,85.48,84.46,84.99,96820400
2020-06-19,84.58,86.23,83.47,85.77,264476000
2020-06-22,86.79,86.93,84.93,84.97,135445200
2020-06-23,88.64,90.06,87.61,88.03,212155600
2020-06-24,87.08,89.19,86.71,88.27,192623200
2020-06-25,88.24,88.27,86.48,87.23,137522400
2020-06-26,85.52,88.35,85.38,88.13,205256800
2020-06-29,87.50,87.59,84.96,85.43,130646000
2020-06-30,88.23,88.51,87.07,87.08,140223200
2020-07-01,88.06,88.85,88.01,88.30,110737200
2020-07-02,88.06,89.60,87.95,88.96,114041600
2020-07-06,90.42,90.88,89.45,89.48,118655600
2020-07-07,90.13,91.57,90.02,90.79,112424400
2020-07-08,92.23,92.27,91.02,91.11,117092000
2020-07-09,92.63,93.18,91.59,93.12,125642800
2020-07-10,92.79,92.85,91.62,92.23,90257200
2020-07-13,92.36,96.70,92.15,94.09,191649200
2020-07-14,93.89,94.08,90.82,91.75,170989200
2020-07-15,94.54,96.01,93.34,95.76,153198000
2020-07-16,93.38,94.23,92.78,93.41,110577600
2020-07-17,93.19,93.98,92.71,93.83,92186800
2020-07-20,95.15,95.29,92.93,93.27,90318000
2020-07-21,93.84,96.01,93.59,95.94,103433200
2020-07-22,94.10,94.78,93.45,93.54,89001600
2020-07-23,89.82,93.91,89.01,93.83,197004400
2020-07-24,89.60,89.94,86.24,88.02,185438800
2020-07-27,91.72,91.81,90.43,90.65,121214000
2020-07-28,90.21,91.47,90.21,91.29,103625600
2020-07-29,91.94,92.12,90.66,90.69,90329200
2020-07-30,93.05,93.16,90.71,91.12,158130000
2020-07-31,102.80,102.95,97.54,99.53,374336800
2020-08-03,105.39,108.00,104.37,104.67,308151200
2020-08-04,106.09,107.18,104.85,105.57,173071600
2020-08-05,106.47,106.79,105.35,105.81,121776800
2020-08-06,110.19,110.68,106.22,106.81,202428800
2020-08-07,107.68,110.17,106.89,109.71,198045600
2020-08-10,109.25,110.26,106.61,109.12,212403600
2020-08-11,106.00,109.01,105.74,108.51,187902400
2020-08-12,109.52,109.78,106.89,107.09,165598000
2020-08-13,111.46,112.46,110.41,110.90,210082000
2020-08-14,111.36,111.45,109.56,111.29,165565200
2020-08-17,111.07,112.50,110.45,112.48,119561600
2020-08-18,112.00,112.42,110.49,110.82,105633600
2020-08-19,112.14,113.55,112.04,112.40,145538000
2020-08-20,114.62,114.74,112.16,112.18,126907200
2020-08-21,120.53,121.01,115.57,115.58,338054800
2020-08-24,121.97,124.81,120.11,124.73,345937600
2020-08-25,120.97,121.32,119.25,120.85,211495600
2020-08-26,122.62,123.07,121.22,122.29,163022400
2020-08-27,121.15,123.55,120.01,123.22,155552400
2020-08-28,120.96,122.54,120.73,122.12,187630000
2020-08-31,125.06,126.96,122.11,123.64,225702700
2020-09-01,130.04,130.64,126.50,128.66,151948100
2020-09-02,127.34,133.72,123.08,133.34,200119000
2020-09-03,117.15,124.86,116.78,122.99,257599600
2020-09-04,117.23,119.88,107.47,116.36,332607200
2020-09-08,109.34,115.32,109.20,110.43,231366600
2020-09-09,113.70,115.46,111.70,113.64,176940500
2020-09-10,109.99,116.78,109.03,116.65,182274400
2020-09-11,108.54,111.67,106.61,111.03,180860300
2020-09-14,111.80,112.35,109.32,111.18,140150100
2020-09-15,111.97,115.16,110.10,114.68,184642000
2020-09-16,108.67,112.42,108.58,111.67,154679000
2020-09-17,106.93,108.74,105.35,106.33,178011000
2020-09-18,103.54,107.46,102.82,106.99,287104900
2020-09-21,106.68,106.79,99.92,101.31,195713800
2020-09-22,108.36,109.38,105.79,109.20,183055400
2020-09-23,103.81,108.65,103.47,108.18,150718700
2020-09-24,104.88,106.85,101.76,101.92,167743300
2020-09-25,108.81,108.97,104.35,105.08,149981400
2020-09-28,111.41,111.76,109.30,111.46,137672400
2020-09-29,110.57,111.75,110.06,111.01,99382200
2020-09-30,112.24,113.64,110.11,110.28,142675200
2020-10-01,113.19,114.09,112.26,114.01,116120400
2020-10-02,109.53,111.81,108.76,109.41,144712000
2020-10-05,112.90,113.05,110.05,110.39,106243800
2020-10-06,109.67,112.54,108.79,112.13,161498200
2020-10-07,111.53,111.98,110.61,111.08,96849000
2020-10-08,111.42,112.81,111.05,112.66,83477200
2020-10-09,113.36,113.39,111.37,111.72,100506900
2020-10-12,120.56,121.32,115.60,116.35,240226800
2020-10-13,117.36,121.52,115.96,121.40,262330500
2020-10-14,117.45,119.23,115.93,117.27,150712000
2020-10-15,116.98,117.46,114.50,115.06,112559200
2020-10-16,115.35,117.80,115.14,117.54,115393800
2020-10-19,112.40,116.70,112.09,116.26,120639300
2020-10-20,113.88,115.31,112.06,112.61,124423700
2020-10-21,113.26,115.05,112.86,113.07,89946000
2020-10-22,112.18,114.40,111.05,113.83,101988000
2020-10-23,111.49,112.95,110.75,112.80,82572600
2020-10-26,111.50,112.95,109.40,110.49,111850700
2020-10-27,113.00,113.66,111.01,111.93,92276800
2020-10-28,107.77,111.87,107.67,111.50,143937800
2020-10-29,111.76,113.32,108.74,108.90,146129200
2020-10-30,105.50,108.53,104.40,107.63,190272600
2020-11-02,105.41,107.26,104.01,105.74,122866900
2020-11-03,107.03,108.05,105.37,106.28,107624400
2020-11-04,111.40,112.02,108.88,110.62,138235500
2020-11-05,115.36,115.93,113.26,114.31,126387100
2020-11-06,115.23,115.72,112.74,114.87,114457900
2020-11-09,112.92,118.43,112.66,116.98,154515300
2020-11-10,112.58,114.16,110.80,112.18,138023400
2020-11-11,116.00,116.14,113.04,113.77,112295000
2020-11-12,115.73,117.01,115.11,116.13,103162300
2020-11-13,115.78,116.18,114.43,115.95,81581900
2020-11-16,116.79,117.46,114.70,115.45,91183000
2020-11-17,115.90,117.15,115.49,116.06,74271000
2020-11-18,114.58,116.32,114.56,115.15,76322100
2020-11-19,115.18,115.58,113.40,114.16,74113000
2020-11-20,113.91,115.30,113.87,115.18,73604300
2020-11-23,110.53,114.19,110.43,113.76,127959300
2020-11-24,111.81,112.47,109.30,110.58,113874200
2020-11-25,112.64,113.34,111.81,112.18,76499200
2020-11-27,113.19,114.06,112.83,113.17,46691300
2020-11-30,115.57,117.44,113.40,113.56,169410200
2020-12-01,119.14,119.87,116.51,117.48,127728200
2020-12-02,119.49,119.77,117.36,118.46,89004200
2020-12-03,119.35,120.17,118.64,119.91,78967600
2020-12-04,118.68,119.27,117.97,119.02,78260400
2020-12-07,120.14,120.93,118.68,118.74,86712000
2020-12-08,120.75,121.33,119.50,120.74,82225500
2020-12-09,118.23,122.27,117.47,120.89,115089200
2020-12-10,119.64,120.25,116.64,116.98,81312200
2020-12-11,118.84,119.18,117.03,118.86,86939800
2020-12-14,118.23,119.75,117.99,119.02,79184500
2020-12-15,124.15,124.17,120.51,120.71,157243700
2020-12-16,124.08,124.62,122.87,123.69,98208600
2020-12-17,124.94,125.80,124.30,125.14,94359800
2020-12-18,122.96,125.33,122.44,125.20,192541500
2020-12-21,124.49,124.56,119.85,121.37,121251600
2020-12-22,128.03,130.49,125.87,127.77,168904800
2020-12-23,127.14,128.56,126.96,128.30,88223700
2020-12-24,128.12,129.56,127.27,127.49,54930100
2020-12-28,132.70,133.33,129.61,130.08,124486200
2020-12-29,130.93,134.74,130.42,134.02,121047300
2020-12-30,129.82,132.02,129.51,131.62,96452100
2020-12-31,128.82,130.81,127.88,130.17,99116600
2021-01-04,125.63,129.71,123.06,129.62,143301900
2021-01-05,127.19,127.89,124.68,125.13,97664900
2021-01-06,122.90,127.22,122.69,123.99,155088000
2021-01-07,127.10,127.79,124.13,124.61,109578200
2021-01-08,128.20,128.76,126.43,128.56,105158200
2021-01-11,125.22,126.37,124.75,125.42,100384500
2021-01-12,125.04,125.90,123.16,124.75,91951100
2021-01-13,127.07,127.61,124.74,125.00,88636800
2021-01-14,125.15,127.18,125.00,126.98,90221800
2021-01-15,123.43,126.42,123.29,125.02,111598500
2021-01-19,124.10,124.95,123.23,124.05,90757300
2021-01-20,128.18,128.62,124.80,124.90,104319500
2021-01-21,132.87,135.59,129.69,129.89,120150900
2021-01-22,135.01,135.77,131.08,132.30,114459400
2021-01-25,138.75,140.85,132.55,138.89,157611700
2021-01-26,138.98,140.09,137.24,139.41,98390600
2021-01-27,137.91,140.09,136.31,139.24,140843800
2021-01-28,133.09,137.85,132.71,135.45,142621100
2021-01-29,128.11,132.75,126.41,131.87,177523800
2021-02-01,130.22,131.43,127.11,129.85,106239800
2021-02-02,131.05,132.33,130.68,131.77,83305400
2021-02-03,130.03,131.81,129.71,131.80,89880900
2021-02-04,133.38,133.39,130.66,132.32,84183100
2021-02-05,132.97,133.61,132.09,133.54,75693800
2021-02-08,133.11,133.16,131.18,132.26,71297200
2021-02-09,132.24,134.06,132.08,132.83,76774200
2021-02-10,131.63,133.19,130.67,132.69,73046600
2021-02-11,131.38,132.61,130.06,132.13,64280000
2021-02-12,131.61,131.77,129.98,130.62,60145100
2021-02-16,129.50,132.24,129.11,131.73,80576300
2021-02-17,127.21,128.55,125.88,127.61,97918500
2021-02-18,126.11,126.39,123.88,125.62,96856700
2021-02-19,126.27,127.08,125.23,126.63,87668800
2021-02-22,122.50,126.12,122.12,124.46,103916400
2021-02-23,122.37,123.20,115.11,120.33,158273000
2021-02-24,121.87,122.08,118.84,121.47,111039900
2021-02-25,117.63,122.95,117.20,121.22,148199500
2021-02-26,117.90,121.39,117.84,119.19,164560400
2021-03-01,124.25,124.38,119.38,120.32,116307900
2021-03-02,121.65,125.15,121.54,124.85,102260900
2021-03-03,118.67,122.22,118.46,121.35,112966300
2021-03-04,116.80,120.17,115.33,118.37,178155000
2021-03-05,118.05,118.56,114.31,117.62,153766600
2021-03-08,113.13,117.64,112.99,117.58,154376600
2021-03-09,117.73,118.67,115.49,115.73,129525800
2021-03-10,116.65,118.78,116.14,118.31,111943300
2021-03-11,118.58,119.79,117.90,119.14,103026500
2021-03-12,117.67,117.81,115.85,117.06,88105100
2021-03-15,120.55,120.56,117.08,118.04,92403800
2021-03-16,122.09,123.69,121.26,122.21,115227900
2021-03-17,121.30,122.37,118.95,120.61,111932600
2021-03-18,117.19,119.76,116.98,119.47,121229700
2021-03-19,116.66,118.06,116.36,116.57,185549500
2021-03-22,119.97,120.43,116.92,116.99,111912300
2021-03-23,119.14,120.79,118.75,119.91,95467100
2021-03-24,116.76,119.49,116.74,119.41,88530500
2021-03-25,117.24,118.29,115.70,116.22,98844700
2021-03-26,117.85,118.11,115.62,117.01,94071200
2021-03-29,118.02,119.18,117.38,118.28,80819200
2021-03-30,116.57,117.06,115.56,116.78,85671900
2021-03-31,118.76,120.09,117.79,118.28,118323800
2021-04-01,119.59,120.74,119.09,120.23,75089100
2021-04-05,122.41,122.66,119.66,120.43,88651200
2021-04-06,122.71,123.60,122.16,122.99,80171300
2021-04-07,124.35,124.37,121.67,122.34,83466700
2021-04-08,126.74,126.77,124.95,125.37,88844600
2021-04-09,129.31,129.35,125.88,126.20,106686700
2021-04-12,127.60,129.16,127.01,128.84,91420000
2021-04-13,130.70,130.92,128.27,128.77,91266500
2021-04-14,128.37,131.26,128.01,131.20,87222800
2021-04-15,130.77,131.26,129.93,130.11,89347100
2021-04-16,130.44,130.93,129.58,130.57,84922400
2021-04-19,131.10,131.71,129.64,129.81,94264200
2021-04-20,129.42,131.77,128.15,131.27,94812300
2021-04-21,129.80,130.04,127.66,128.69,68847100
2021-04-22,128.28,130.43,127.76,129.35,84566500
2021-04-23,130.59,131.37,128.49,128.49,78657500
2021-04-26,130.98,131.31,129.86,131.09,66905100
2021-04-27,130.66,131.65,130.39,131.26,66015800
2021-04-28,129.87,131.27,129.39,130.58,107760100
2021-04-29,129.78,133.27,128.78,132.68,151101000
2021-04-30,127.81,129.86,127.43,128.12,109839500
2021-05-03,128.86,130.35,128.17,128.38,75135100
2021-05-04,124.30,127.84,123.19,127.55,137564700
2021-05-05,124.55,126.83,124.42,125.62,84000900
2021-05-06,126.14,126.15,123.60,124.34,78128300
2021-05-07,126.81,127.84,126.10,127.44,78973300
2021-05-10,123.54,126.16,123.50,126.03,88071200
2021-05-11,122.63,122.98,119.57,120.28,126142800
2021-05-12,119.57,121.39,119.06,120.18,112172300
2021-05-13,121.71,122.86,121.02,121.33,105861300
2021-05-14,124.13,124.55,122.57,122.96,81918000
2021-05-17,122.98,123.62,121.90,123.51,74244600
2021-05-18,121.59,123.68,121.52,123.26,63342900
2021-05-19,121.44,121.66,119.65,119.95,92612000
2021-05-20,123.99,124.39,121.84,121.96,76857100
2021-05-21,122.16,124.66,121.94,124.49,79295400
2021-05-24,123.78,124.60,122.65,122.72,63092900
2021-05-25,123.59,124.97,123.02,124.49,72009500
2021-05-26,123.54,124.07,123.12,123.65,56575900
2021-05-27,122.01,124.31,121.82,123.14,94625600
2021-05-28,121.36,122.52,121.30,122.29,71311100
2021-06-01,121.04,122.08,120.71,121.82,67637100
2021-06-02,121.80,121.97,120.81,121.04,59278900
2021-06-03,120.32,121.59,119.92,121.43,76229200
2021-06-04,122.61,122.87,120.62,120.83,75169300
2021-06-07,122.62,123.02,121.57,122.88,71057600
2021-06-08,123.43,125.11,122.92,123.30,74403800
2021-06-09,123.81,124.42,123.22,123.89,56877900
2021-06-10,122.82,124.85,122.65,123.71,71186400
2021-06-11,124.03,124.12,122.81,123.23,53522400
2021-06-14,127.08,127.13,123.75,124.49,96906500
2021-06-15,126.26,127.19,126.01,126.55,62746300
2021-06-16,126.75,127.48,125.11,126.97,91815000
2021-06-17,128.35,129.09,126.27,126.41,96721700
2021-06-18,127.06,128.08,126.84,127.30,108953300
2021-06-21,128.85,128.96,125.84,126.90,79663300
2021-06-22,130.48,130.58,128.19,128.68,74783600
2021-06-23,130.21,130.82,129.75,130.28,60214200
2021-06-24,129.93,131.13,129.46,130.94,68711000
2021-06-25,129.64,130.40,129.35,129.98,70783700
2021-06-28,131.26,131.72,129.87,129.93,62111300
2021-06-29,132.77,132.93,130.85,131.28,64556100
2021-06-30,133.39,133.83,132.33,132.62,63261400
2021-07-01,133.69,133.75,132.22,133.04,52485800
2021-07-02,136.31,136.35,134.16,134.30,78852600
2021-07-06,138.31,139.42,136.42,136.42,108181800
2021-07-07,140.80,141.11,138.94,139.80,104911600
2021-07-08,139.50,140.30,137.00,137.89,105575500
2021-07-09,141.32,141.85,138.93,139.03,99890800
2021-07-12,140.73,142.50,140.24,142.40,76299700
2021-07-13,141.84,143.61,139.88,140.27,100827100
2021-07-14,145.26,145.67,143.83,144.24,127050800
2021-07-15,144.61,146.09,143.25,145.35,106820300
2021-07-16,142.57,145.85,142.07,144.59,93251400
2021-07-19,138.73,140.31,137.97,140.00,121434600
2021-07-20,142.34,143.26,139.23,139.72,96350000
2021-07-21,141.61,142.32,140.86,141.73,74993500
2021-07-22,142.97,144.33,142.01,142.13,77338200
2021-07-23,144.68,144.84,143.09,143.70,71447400
2021-07-26,145.10,145.92,143.85,144.40,72434100
2021-07-27,142.94,145.32,141.75,145.23,104818600
2021-07-28,141.20,143.14,138.82,141.03,118931200
2021-07-29,141.84,142.73,140.81,140.92,56699500
2021-07-30,142.05,142.51,140.35,140.61,70440600
2021-08-02,141.72,143.12,141.46,142.54,62880000
2021-08-03,143.52,144.18,141.39,142.01,64786600
2021-08-04,143.12,143.93,142.46,143.43,56368300
2021-08-05,143.22,143.98,142.36,143.15,46397700
2021-08-06,142.54,143.49,142.04,142.75,54126800
2021-08-09,142.49,143.09,141.94,142.60,48908700
2021-08-10,142.01,144.07,141.72,142.83,69023100
2021-08-11,142.27,143.11,141.95,142.45,48493500
2021-08-12,145.22,145.38,142.25,142.59,72282600
2021-08-13,145.43,145.76,144.62,145.30,59375000
2021-08-16,147.40,147.47,142.86,144.88,103296000
2021-08-17,146.49,147.94,145.42,146.53,92229700
2021-08-18,142.76,147.01,142.55,146.11,86326000
2021-08-19,143.09,144.35,140.94,141.46,86960300
2021-08-20,144.54,144.84,143.16,143.81,60549600
2021-08-23,146.02,146.49,144.25,144.66,60131800
2021-08-24,145.94,147.14,145.48,145.77,48606400
2021-08-25,144.71,146.62,144.16,146.12,58991300
2021-08-26,143.91,145.45,143.88,144.70,48597200
2021-08-27,144.94,145.09,143.21,143.85,55802400
2021-08-30,149.35,149.71,144.95,145.33,90956700
2021-08-31,148.09,149.04,147.56,148.90,86453100
2021-09-01,148.75,151.16,148.59,149.07,80313700
2021-09-02,149.87,150.91,148.65,150.08,71115500
2021-09-03,150.50,150.82,149.32,149.97,57808700
2021-09-07,152.83,153.39,150.59,151.15,82278300
2021-09-08,151.29,153.17,150.19,153.11,74420200
2021-09-09,150.28,152.27,150.16,151.66,57305700
2021-09-10,145.30,151.65,145.04,151.18,140893200
2021-09-13,145.87,147.69,145.09,146.92,102404300
2021-09-14,144.47,147.35,143.29,146.65,109296300
2021-09-15,145.36,145.76,142.77,144.90,83281300
2021-09-16,145.13,145.30,143.59,144.78,68034100
2021-09-17,142.46,145.15,142.17,145.15,129868800
2021-09-20,139.42,141.27,137.79,140.26,123478900
2021-09-21,139.90,141.04,139.26,140.39,75834000
2021-09-22,142.26,142.82,140.16,140.89,76404300
2021-09-23,143.21,143.46,142.05,143.04,64838200
2021-09-24,143.30,143.84,141.98,142.07,53477900
2021-09-27,141.79,142.37,140.28,141.89,74150700
2021-09-28,138.41,141.18,138.20,139.72,108972300
2021-09-29,139.31,140.89,138.53,138.96,74602000
2021-09-30,138.01,140.82,137.80,140.12,89056700
2021-10-01,139.14,139.40,135.68,138.41,94639600
2021-10-04,135.71,138.71,134.86,138.27,98322000
2021-10-05,137.63,138.74,135.93,136.05,80861100
2021-10-06,138.50,138.65,134.96,136.04,83221100
2021-10-07,139.76,140.67,139.20,139.54,61732700
2021-10-08,139.38,140.63,139.05,140.48,58773200
2021-10-11,139.29,141.24,138.32,138.77,64452200
2021-10-12,138.02,139.72,137.57,139.70,73035900
2021-10-13,137.44,137.92,135.77,137.76,78762700
2021-10-14,140.22,140.34,138.02,138.61,69907100
2021-10-15,141.27,141.33,139.98,140.23,67940300
2021-10-18,142.94,143.22,139.63,139.92,85589200
2021-10-19,145.10,145.50,142.94,143.39,76378900
2021-10-20,145.58,146.06,144.47,145.04,58418800
2021-10-21,145.80,145.95,144.23,145.14,61421000
2021-10-22,145.03,146.48,144.98,146.00,58883400
2021-10-25,144.98,145.69,143.98,145.02,50720600
2021-10-26,145.64,147.12,145.34,145.65,60893400
2021-10-27,145.18,146.04,144.83,145.68,56094900
2021-10-28,148.81,149.40,146.03,146.13,100077900
2021-10-29,146.11,146.25,142.80,143.59,124953200
2021-11-01,145.29,146.01,144.16,145.32,74588300
2021-11-02,146.33,147.84,144.99,145.00,69122000
2021-11-03,147.76,148.23,146.13,146.69,54511500
2021-11-04,147.24,148.68,146.93,147.85,60394600
2021-11-05,147.77,148.67,146.58,148.37,65463900
2021-11-08,146.95,148.05,146.68,147.90,55020900
2021-11-09,147.31,147.92,146.58,146.71,56787900
2021-11-10,144.49,146.65,144.42,146.54,65187100
2021-11-11,144.44,145.96,144.25,145.50,41000000
2021-11-12,146.51,146.91,144.06,144.99,63804000
2021-11-15,146.52,148.36,145.96,146.88,59222800
2021-11-16,147.50,147.97,145.87,146.46,59256200
2021-11-17,149.93,151.40,147.49,147.50,88807000
2021-11-18,154.21,154.99,149.50,150.14,137827700
2021-11-19,156.82,157.28,152.90,153.99,117305600
2021-11-22,157.28,161.85,157.26,157.93,117467900
2021-11-23,157.66,158.05,155.37,157.38,96041900
2021-11-24,158.18,158.38,155.94,157.02,69463600
2021-11-26,153.17,156.73,152.73,155.87,76959800
2021-11-29,156.52,157.45,155.11,155.67,88748200
2021-11-30,161.46,161.68,156.21,156.28,174048100
2021-12-01,160.95,166.35,160.71,163.59,152052500
2021-12-02,159.96,160.39,154.14,155.06,136739200
2021-12-03,158.08,161.13,156.01,160.21,118023100
2021-12-06,161.48,163.98,160.47,160.48,107497000
2021-12-07,167.21,167.60,164.43,165.16,120405400
2021-12-08,171.02,171.88,166.74,168.14,116998900
2021-12-09,170.51,172.65,169.88,170.85,108923700
2021-12-10,175.29,175.46,170.64,171.14,115402700
2021-12-13,171.66,177.90,171.46,176.92,153237000
2021-12-14,170.28,173.62,168.21,171.18,139380400
2021-12-15,175.14,175.33,168.31,171.05,131063300
2021-12-16,168.26,176.94,166.79,175.12,150185800
2021-12-17,167.17,169.44,165.75,165.99,195432700
2021-12-20,165.81,166.62,163.57,164.37,107499100
2021-12-21,168.98,169.18,165.20,167.58,91185900
2021-12-22,171.56,171.78,168.16,169.02,92135300
2021-12-23,172.19,172.75,171.20,171.77,68356600
2021-12-27,176.15,176.23,172.96,172.98,74919600
2021-12-28,175.13,177.12,174.39,175.98,79144300
2021-12-29,175.22,176.44,174.01,175.17,62348900
2021-12-30,174.06,176.38,173.96,175.31,59773000
2021-12-31,173.45,175.07,173.15,173.96,64062300
2022-01-03,177.79,178.64,173.59,173.70,104487900
2022-01-04,175.53,178.69,174.96,178.39,99310400
2022-01-05,170.86,175.99,170.59,175.44,94537600
2022-01-06,168.01,171.23,167.66,168.69,96904000
2022-01-07,168.17,170.10,167.06,168.88,86709100
2022-01-10,168.19,168.50,164.27,165.16,106765600
2022-01-11,171.02,171.11,166.86,168.32,76138300
2022-01-12,171.46,173.07,170.76,172.03,74805200
2022-01-13,168.19,172.52,167.80,171.70,84505800
2022-01-14,169.05,169.75,167.12,167.36,80440800
2022-01-18,165.86,168.54,165.48,167.53,90956700
2022-01-19,162.37,167.11,162.09,166.06,94815000
2022-01-20,160.69,165.74,160.37,163.11,91420500
2022-01-21,158.64,162.47,158.53,160.60,122848900
2022-01-24,157.87,158.53,151.11,156.31,162294600
2022-01-25,156.07,158.98,153.38,155.29,115798400
2022-01-26,155.98,160.58,154.16,159.71,108275300
2022-01-27,155.53,160.04,154.61,158.68,121954600
2022-01-28,166.38,166.40,159.02,161.86,179935700
2022-01-31,170.72,170.94,165.58,166.21,115541600
2022-02-01,170.56,170.78,168.31,169.97,86213900
2022-02-02,171.76,171.80,169.31,170.69,84914300
2022-02-03,168.89,172.15,168.13,170.43,89418100
2022-02-04,168.60,170.28,166.93,167.91,82465400
2022-02-07,167.89,170.13,167.20,169.06,77251200
2022-02-08,170.99,171.50,167.67,167.96,74829200
2022-02-09,172.41,172.77,171.06,172.18,71285000
2022-02-10,168.34,171.63,167.78,170.32,90865900
2022-02-11,164.94,169.28,164.35,168.55,98670700
2022-02-14,165.17,165.86,162.90,163.69,86185500
2022-02-15,169.00,169.15,166.51,167.22,62527400
2022-02-16,168.76,169.53,166.32,168.08,61177400
2022-02-17,165.17,168.13,164.77,167.27,69589300
2022-02-18,163.63,166.79,162.54,166.09,82772700
2022-02-22,160.71,163.03,158.59,161.36,91162800
2022-02-23,156.55,162.50,156.24,161.90,90009200
2022-02-24,159.17,159.27,148.66,149.23,141147500
2022-02-25,161.23,161.49,157.34,160.24,91974200
2022-02-28,161.49,161.79,158.86,159.48,95056600
2022-03-01,159.62,162.94,158.41,161.08,83474400
2022-03-02,162.90,163.68,159.37,160.78,79724800
2022-03-03,162.58,165.20,161.91,164.77,76678400
2022-03-04,159.59,161.91,158.54,160.88,83737200
2022-03-07,155.80,161.40,155.55,159.77,96418800
2022-03-08,153.98,159.30,152.38,155.33,131148300
2022-03-09,159.37,159.82,155.91,157.93,91454900
2022-03-10,155.04,156.87,152.55,156.68,105342000
2022-03-11,151.33,155.78,151.11,155.44,96970100
2022-03-14,147.31,150.74,146.80,148.12,108732100
2022-03-15,151.68,152.15,147.08,147.59,92964300
2022-03-16,156.09,156.49,151.07,153.60,102300200
2022-03-17,157.09,157.46,154.17,155.13,75615400
2022-03-18,160.38,160.87,156.25,156.99,123511700
2022-03-21,161.75,162.70,159.43,159.92,95811400
2022-03-22,165.11,165.70,161.29,161.88,81532000
2022-03-23,166.47,168.85,163.97,164.30,98062700
2022-03-24,170.25,170.32,166.47,167.30,90131400
2022-03-25,170.88,171.43,168.96,170.06,80546200
2022-03-28,171.74,171.87,168.22,168.39,90371900
2022-03-29,175.03,175.08,172.47,172.81,100589400
2022-03-30,173.87,175.67,172.82,174.63,92633200
2022-03-31,170.78,174.12,170.57,173.93,103049300
2022-04-01,170.48,171.04,168.16,170.21,78751300
2022-04-04,174.52,174.57,170.61,170.74,76468400
2022-04-05,171.22,174.38,170.59,173.60,73401800
2022-04-06,168.06,169.82,166.39,168.57,89058800
2022-04-07,168.36,169.55,166.12,167.40,77594700
2022-04-08,166.35,168.01,165.48,168.01,76575500
2022-04-11,162.11,165.32,161.87,165.00,72246700
2022-04-12,163.98,166.14,162.98,164.33,79265200
2022-04-13,166.66,167.28,163.11,163.71,70618900
2022-04-14,161.66,167.51,161.42,166.87,75329400
2022-04-18,161.44,162.94,159.98,160.32,69023900
2022-04-19,163.72,164.13,160.31,161.40,67723800
2022-04-20,163.56,165.17,162.45,165.05,67929800
2022-04-21,162.77,167.76,162.27,165.20,87227800
2022-04-22,158.24,164.18,157.95,162.80,84882400
2022-04-25,159.30,159.59,154.98,157.58,96046400
2022-04-26,153.36,158.77,153.28,158.69,95623200
2022-04-27,153.13,156.28,151.97,152.49,88063200
2022-04-28,160.05,160.91,155.44,155.75,130216800
2022-04-29,154.19,162.55,153.80,158.29,131747600
2022-05-02,154.49,154.76,149.90,153.27,123055300
2022-05-03,155.98,157.18,152.89,154.68,88966500
2022-05-04,162.37,162.82,155.76,156.16,108256500
2022-05-05,153.33,160.48,151.55,160.25,130525300
2022-05-06,154.05,156.17,151.02,152.81,116124600
2022-05-09,148.94,152.63,148.38,151.75,131577900
2022-05-10,151.34,153.52,149.79,152.33,115366700
2022-05-11,143.49,152.26,142.82,150.35,142689800
2022-05-12,139.63,143.20,135.95,139.84,182602000
2022-05-13,144.09,145.06,140.17,141.62,113990900
2022-05-16,142.55,144.49,141.22,142.56,86643800
2022-05-17,146.18,146.70,143.67,145.80,78336300
2022-05-18,137.93,144.34,137.03,143.84,109742900
2022-05-19,134.53,138.75,133.80,137.01,136095600
2022-05-20,134.77,137.81,129.89,136.24,137426100
2022-05-23,140.17,140.32,134.82,134.96,117726300
2022-05-24,137.48,139.06,134.51,137.92,104132700
2022-05-25,137.64,138.88,135.50,135.59,92482700
2022-05-26,140.83,141.38,134.33,134.57,90601500
2022-05-27,146.57,146.61,142.28,142.41,90978500
2022-05-31,145.79,147.57,143.83,146.01,103718400
2022-06-01,145.66,148.63,144.65,146.82,74286600
2022-06-02,148.11,148.17,143.85,144.80,72348100
2022-06-03,142.40,144.93,141.50,143.89,88570300
2022-06-06,143.14,145.52,141.93,144.01,71598400
2022-06-07,145.66,145.94,141.14,141.39,67808200
2022-06-08,144.92,146.79,144.43,145.53,53950200
2022-06-09,139.71,144.91,139.60,144.06,69473000
2022-06-10,134.32,137.87,134.25,137.40,91437900
2022-06-13,129.17,132.43,128.74,130.14,122207100
2022-06-14,130.04,131.14,128.78,130.40,84784300
2022-06-15,132.65,134.52,129.45,131.53,91533000
2022-06-16,127.39,129.67,126.39,129.37,108123900
2022-06-17,128.86,130.35,127.15,127.40,134520300
2022-06-21,133.08,134.25,130.58,130.68,81000500
2022-06-22,132.57,134.93,131.16,132.02,73409200
2022-06-23,135.43,135.75,132.85,134.01,72433800
2022-06-24,138.75,139.00,136.90,137.03,89116800
2022-06-27,138.75,140.55,138.08,139.77,70207900
2022-06-28,134.62,140.48,134.50,139.21,67083400
2022-06-29,136.37,137.78,133.87,134.64,66242400
2022-06-30,133.91,135.53,131.02,134.43,98964500
2022-07-01,136.08,136.19,132.88,133.25,71051600
2022-07-05,138.65,138.70,134.12,134.94,73353800
2022-07-06,139.99,141.16,138.18,138.45,74064300
2022-07-07,143.35,143.54,140.34,140.35,66253700
2022-07-08,144.02,144.52,142.02,142.28,64547800
2022-07-11,141.90,143.63,140.83,142.68,63141600
2022-07-12,142.87,145.40,142.07,142.77,77588800
2022-07-13,142.50,143.44,139.20,140.06,71185600
2022-07-14,145.42,145.89,140.31,141.12,78140700
2022-07-15,147.09,147.76,145.16,146.71,76259900
2022-07-18,144.05,148.46,143.69,147.65,81420900
2022-07-19,147.90,148.13,143.89,144.88,82982400
2022-07-20,149.90,150.57,147.28,148.02,64823400
2022-07-21,152.16,152.38,148.82,151.33,65086600
2022-07-22,150.93,153.07,150.26,152.20,66675400
2022-07-25,149.81,151.86,149.15,150.85,53623900
2022-07-26,148.49,149.95,147.71,149.14,55138700
2022-07-27,153.57,154.10,149.04,149.45,78620700
2022-07-28,154.12,154.40,151.24,153.76,81378700
2022-07-29,159.17,160.27,156.23,157.93,101786900
2022-08-01,158.20,160.23,157.59,157.71,67829400
2022-08-02,156.73,159.08,156.35,156.81,59907000
2022-08-03,162.72,163.17,157.45,157.54,82507500
2022-08-04,162.41,163.76,161.06,162.60,55474100
2022-08-05,162.18,162.67,159.88,160.08,56697000
2022-08-08,161.71,164.59,161.05,163.18,60276900
2022-08-09,161.76,162.64,160.12,160.88,63135500
2022-08-10,166.00,166.09,163.70,164.47,70170500
2022-08-11,165.26,167.71,164.97,166.80,57149200
2022-08-12,168.80,168.87,166.15,166.57,68039400
2022-08-15,169.87,170.07,168.07,168.23,54091700
2022-08-16,169.71,170.38,168.37,169.47,56377100
2022-08-17,171.21,172.77,169.26,169.46,79542000
2022-08-18,170.81,171.55,169.80,170.42,62290100
2022-08-19,168.23,170.41,168.03,169.71,70346300
2022-08-22,164.36,166.60,163.94,166.44,69026800
2022-08-23,164.03,165.48,163.46,163.88,54147100
2022-08-24,164.32,164.89,163.06,164.11,53841500
2022-08-25,166.77,166.88,165.12,165.55,51218200
2022-08-26,160.48,167.77,160.43,167.30,78961000
2022-08-29,158.29,159.78,156.76,158.06,73314000
2022-08-30,155.86,159.44,154.70,159.02,77906200
2022-08-31,154.21,157.50,154.13,157.24,87991100
2022-09-01,154.93,155.38,151.71,153.64,74229900
2022-09-02,152.82,157.29,152.00,156.69,76957800
2022-09-06,151.57,154.08,150.74,153.47,73714800
2022-09-07,152.97,153.67,150.67,151.85,87449600
2022-09-08,151.50,153.36,149.75,151.68,84923800
2022-09-09,154.35,154.80,151.78,152.49,68028800
2022-09-12,160.30,161.11,156.25,156.53,104956000
2022-09-13,150.89,157.46,150.43,156.84,122656600
2022-09-14,152.33,154.09,150.67,151.82,87965400
2022-09-15,149.45,152.27,148.48,151.69,90481100
2022-09-16,147.81,148.45,145.53,148.31,162278800
2022-09-19,151.52,151.60,146.24,146.45,81474200
2022-09-20,153.89,155.05,150.15,150.46,107689800
2022-09-21,150.77,155.70,150.66,154.32,101696800
2022-09-22,149.81,151.51,148.02,149.46,86652500
2022-09-23,147.55,148.57,145.71,148.29,96029900
2022-09-26,147.88,150.82,146.77,146.79,93339400
2022-09-27,148.85,151.76,147.08,149.81,84442700
2022-09-28,146.97,147.75,142.06,144.81,146691400
2022-09-29,139.75,143.91,137.98,143.30,128138200
2022-09-30,135.55,140.36,135.36,138.57,124925300
2022-10-03,139.72,140.33,135.05,135.56,114311700
2022-10-04,143.30,143.42,141.50,142.25,87830100
2022-10-05,143.59,144.56,140.27,141.31,79471000
2022-10-06,142.64,144.71,142.44,143.02,68402200
2022-10-07,137.41,140.36,136.78,139.81,85925600
2022-10-10,137.73,139.17,135.91,137.73,74899000
2022-10-11,136.32,138.64,135.57,137.22,77033700
2022-10-12,135.69,137.67,135.51,136.46,70433700
2022-10-13,140.25,140.84,131.80,132.40,113224000
2022-10-14,135.73,141.75,135.54,141.54,88598000
2022-10-17,139.68,140.16,137.58,138.37,85250900
2022-10-18,141.00,143.89,137.92,142.70,99136600
2022-10-19,141.10,142.17,138.79,138.97,61758300
2022-10-20,140.64,143.09,139.92,140.28,64522000
2022-10-21,144.45,145.02,139.92,140.13,86548600
2022-10-24,146.59,147.35,143.20,144.37,75981900
2022-10-25,149.42,149.57,146.50,147.21,74732300
2022-10-26,146.49,149.08,145.20,148.07,88194300
2022-10-27,142.03,146.19,141.37,145.23,109180200
2022-10-28,152.76,154.48,144.99,145.36,164762400
2022-10-31,150.40,151.28,149.01,150.22,97943200
2022-11-01,147.76,152.47,146.27,152.11,80379300
2022-11-02,142.25,149.25,142.22,146.10,93604600
2022-11-03,136.22,140.06,136.09,139.34,97918500
2022-11-04,135.95,140.17,132.02,139.60,140814800
2022-11-07,136.48,136.71,133.29,134.71,83374600
2022-11-08,137.05,138.95,135.08,137.95,89908500
2022-11-09,132.50,136.12,132.23,136.07,74917800
2022-11-10,144.29,144.29,137.05,138.76,118854000
2022-11-11,147.07,147.38,141.84,143.26,93979700
2022-11-14,145.68,147.64,144.84,146.36,73374100
2022-11-15,147.41,150.90,145.95,149.55,89868300
2022-11-16,146.18,147.24,144.71,146.51,64218300
2022-11-17,148.08,148.82,143.59,143.86,80389400
2022-11-18,148.64,150.02,147.34,149.64,74829600
2022-11-21,145.41,147.73,145.13,147.53,58724100
2022-11-22,147.55,147.78,144.35,145.53,51804100
2022-11-23,148.42,149.17,146.72,146.83,58301400
2022-11-25,145.51,146.27,144.54,145.71,35195900
2022-11-28,141.69,144.07,140.87,142.59,69246000
2022-11-29,138.69,142.27,137.89,141.76,83763800
2022-11-30,145.43,146.11,138.09,138.92,111380900
2022-12-01,145.71,146.51,144.04,145.61,71250400
2022-12-02,145.22,145.40,143.10,143.40,65447400
2022-12-05,144.06,148.27,143.21,145.18,68826400
2022-12-06,140.40,144.72,139.43,144.49,64727200
2022-12-07,138.47,140.86,137.54,139.70,69721100
2022-12-08,140.15,141.00,138.63,139.86,62128300
2022-12-09,139.67,143.02,138.43,139.84,76097000
2022-12-12,141.96,141.97,138.59,140.20,70462700
2022-12-13,142.92,147.34,141.71,146.88,93886200
2022-12-14,140.70,144.09,138.68,142.80,82291200
2022-12-15,134.11,139.31,133.64,138.64,98931900
2022-12-16,132.15,135.24,131.38,134.29,160156900
2022-12-19,130.05,132.83,129.02,132.74,79592600
2022-12-20,129.98,130.91,127.61,129.09,77432800
2022-12-21,133.07,134.41,130.42,130.65,85928000
2022-12-22,129.91,132.20,128.02,131.99,77852100
2022-12-23,129.55,130.10,127.37,128.62,63814900
2022-12-27,127.75,129.11,126.46,129.08,69007800
2022-12-28,123.83,128.73,123.66,127.40,85438400
2022-12-29,127.34,128.19,125.49,125.75,75703700
2022-12-30,127.65,127.67,125.20,126.16,77034200
2023-01-03,122.88,128.60,121.99,128.00,112117500
2023-01-04,124.14,126.40,122.89,124.66,89113600
2023-01-05,122.83,125.53,122.57,124.90,80962700
2023-01-06,127.35,128.01,122.70,123.80,87754700
2023-01-09,127.87,131.07,127.61,128.18,70790800
2023-01-10,128.44,128.96,125.87,127.98,63896200
2023-01-11,131.15,131.17,128.17,128.95,69458900
2023-01-12,131.07,131.91,129.14,131.53,71379600
2023-01-13,132.40,132.55,129.35,129.71,57809700
2023-01-17,133.56,134.88,131.78,132.47,63646600
2023-01-18,132.84,136.18,132.66,134.42,69672800
2023-01-19,132.90,133.86,131.42,131.73,58280400
2023-01-20,135.45,135.60,131.87,132.91,80223600
2023-01-23,138.64,140.81,135.48,135.70,81760300
2023-01-24,140.03,140.65,137.84,137.85,66435100
2023-01-25,139.37,139.93,136.38,138.42,65799300
2023-01-26,141.44,141.72,139.41,140.66,54105100
2023-01-27,143.37,144.65,140.57,140.65,70555800
2023-01-30,140.49,143.00,140.34,142.42,64015300
2023-01-31,141.76,141.81,139.78,140.20,65874500
2023-02-01,142.88,144.04,138.84,141.45,77663600
2023-02-02,148.18,148.53,145.57,146.29,118339000
2023-02-03,151.79,154.62,145.24,145.43,154357300
2023-02-06,149.07,150.42,148.14,149.89,69858300
2023-02-07,151.94,152.51,148.00,148.00,83322600
2023-02-08,149.26,151.87,148.52,151.18,64120100
2023-02-09,148.22,151.62,147.78,151.08,56007100
2023-02-10,148.59,148.91,146.83,147.06,57450700
2023-02-13,151.38,151.79,148.50,148.53,62199000
2023-02-14,150.74,151.30,148.44,149.68,61707600
2023-02-15,152.84,153.01,150.43,150.65,65573800
2023-02-16,151.25,153.82,150.89,151.05,68167900
2023-02-17,150.10,150.55,148.43,149.91,59144100
2023-02-21,146.10,148.87,146.03,147.79,58867200
2023-02-22,146.52,147.55,144.80,146.48,51011300
2023-02-23,147.00,147.93,144.88,147.68,48394200
2023-02-24,144.36,144.83,143.38,144.75,55469600
2023-02-27,145.55,146.78,145.09,145.34,44998500
2023-02-28,145.05,146.69,144.48,144.69,50547000
2023-03-01,142.98,144.87,142.68,144.48,55479000
2023-03-02,143.57,144.36,141.59,142.06,52238100
2023-03-03,148.61,148.69,144.97,145.67,70732300
2023-03-06,151.36,153.79,151.00,151.32,87558000
2023-03-07,149.17,151.56,148.71,151.24,56182000
2023-03-08,150.42,151.01,149.40,150.36,47204800
2023-03-09,148.18,152.06,147.82,151.10,53833600
2023-03-10,146.12,148.52,145.24,147.80,68572400
2023-03-13,148.06,150.68,145.33,145.44,84457100
2023-03-14,150.14,150.94,147.69,148.85,73695900
2023-03-15,150.54,150.79,147.52,148.77,77167900
2023-03-16,153.35,153.95,149.21,149.72,76161100
2023-03-17,152.51,154.23,151.81,153.58,98944600
2023-03-20,154.88,155.29,151.68,152.58,73641400
2023-03-21,156.73,156.84,154.03,154.80,73938300
2023-03-22,155.30,159.54,155.28,156.75,75701800
2023-03-23,156.38,158.96,155.15,156.28,67622100
2023-03-24,157.68,157.77,155.32,156.31,59196500
2023-03-27,155.74,158.19,155.34,157.38,52390300
2023-03-28,155.12,155.95,153.48,155.44,45992200
2023-03-29,158.19,158.47,156.79,156.81,51305700
2023-03-30,159.76,159.86,158.68,158.94,49501700
2023-03-31,162.26,162.35,159.31,159.84,68749800
2023-04-03,163.51,163.62,161.59,161.64,56976200
2023-04-04,162.97,164.16,162.46,163.93,46278300
2023-04-05,161.13,162.40,159.21,162.10,51511700
2023-04-06,162.02,162.31,159.40,159.83,45390100
2023-04-10,159.43,159.43,157.51,158.83,47716900
2023-04-11,158.22,159.76,157.94,159.75,47644200
2023-04-12,157.53,159.46,157.22,158.63,50133100
2023-04-13,162.91,163.14,158.83,159.04,68445600
2023-04-14,162.56,163.65,161.19,161.95,49386500
2023-04-17,162.58,162.74,161.40,162.44,41516200
2023-04-18,163.80,164.73,162.99,163.44,49923000
2023-04-19,164.94,165.46,162.89,163.14,47720200
2023-04-20,163.98,165.18,162.91,163.43,52456400
2023-04-21,162.37,163.78,161.85,162.40,58337300
2023-04-24,162.68,162.94,161.26,162.35,41949600
2023-04-25,161.14,163.64,161.10,162.54,48714100
2023-04-26,161.13,162.63,160.19,160.45,45498800
2023-04-27,165.71,165.86,162.54,162.54,64902300
2023-04-28,166.96,167.13,165.19,165.79,55275900
2023-05-01,166.87,167.72,165.94,166.57,52472900
2023-05-02,165.84,167.62,164.85,167.36,48425700
2023-05-03,164.76,168.18,164.48,166.78,65136000
2023-05-04,163.13,164.36,161.68,162.25,81235400
2023-05-05,170.79,171.50,168.02,168.24,113453200
2023-05-08,170.72,171.06,169.35,169.71,55962800
2023-05-09,169.02,170.76,168.85,170.27,45326900
2023-05-10,170.78,171.24,169.14,170.25,53724500
2023-05-11,170.96,171.79,169.41,171.06,49514700
2023-05-12,170.04,171.51,168.49,171.07,45533100
2023-05-15,169.54,170.67,168.95,170.62,37266700
2023-05-16,169.54,170.60,169.28,169.47,42110300
2023-05-17,170.16,170.39,167.92,169.19,57951600
2023-05-18,172.48,172.67,170.05,170.46,65496700
2023-05-19,172.59,173.80,172.37,173.80,55809500
2023-05-22,171.64,172.15,170.90,171.43,43570900
2023-05-23,169.04,170.84,168.77,170.59,50747300
2023-05-24,169.32,169.89,168.02,168.58,45143500
2023-05-25,170.45,171.35,169.17,169.88,56058300
2023-05-26,172.86,173.19,170.57,170.78,54835000
2023-05-30,174.70,176.36,173.98,174.36,55964400
2023-05-31,174.65,176.72,174.17,174.73,99625300
2023-06-01,177.45,177.48,174.33,175.09,68901800
2023-06-02,178.29,179.11,176.63,178.37,61996900
2023-06-05,176.94,182.24,175.43,179.95,121946500
2023-06-06,176.58,177.48,174.83,177.33,64848400
2023-06-07,175.21,178.55,174.72,175.82,61944600
2023-06-08,177.92,178.19,174.86,175.29,50214900
2023-06-09,178.30,179.56,177.98,178.84,48900000
2023-06-12,181.09,181.19,178.31,178.61,54274900
2023-06-13,180.62,181.45,179.76,180.12,54929100
2023-06-14,181.25,181.68,179.35,180.68,57462900
2023-06-15,183.28,183.78,181.08,181.26,65433200
2023-06-16,182.21,184.25,181.57,183.99,101256200
2023-06-20,182.29,183.37,181.70,181.70,49799100
2023-06-21,181.26,182.69,179.91,182.19,49515700
2023-06-22,184.26,184.31,180.97,181.04,51245300
2023-06-23,183.94,184.81,182.29,182.83,53117000
2023-06-26,182.55,185.29,182.51,184.09,48088700
2023-06-27,185.30,185.63,182.95,183.16,50730800
2023-06-28,186.47,187.11,184.85,185.17,51216800
2023-06-29,186.81,187.28,186.17,186.31,46347300
2023-06-30,191.12,191.63,188.45,188.82,85213200
2023-07-03,189.64,191.03,188.95,190.94,31458200
2023-07-05,188.52,190.15,187.82,188.76,46920300
2023-07-06,189.00,189.20,186.42,187.05,45094300
2023-07-07,187.88,189.84,187.45,188.60,46815000
2023-07-10,185.84,187.20,184.30,186.48,59922200
2023-07-11,185.32,186.52,183.86,186.38,46638100
2023-07-12,186.99,188.89,185.70,186.90,60750200
2023-07-13,187.74,188.38,186.99,187.70,41342300
2023-07-14,187.89,188.37,186.85,187.44,41616200
2023-07-17,191.14,191.47,189.00,189.08,50520200
2023-07-18,190.89,191.48,189.60,190.51,48288200
2023-07-19,192.24,195.32,189.82,190.27,80507300
2023-07-20,190.30,193.59,189.68,192.23,59581200
2023-07-21,189.12,192.11,188.42,191.25,71951700
2023-07-24,189.92,192.05,189.43,190.57,45377800
2023-07-25,190.78,191.59,190.09,190.49,37283200
2023-07-26,191.65,192.77,190.48,190.83,47471900
2023-07-27,190.38,194.31,189.72,193.14,47460200
2023-07-28,192.96,193.74,191.29,191.81,48291400
2023-07-31,193.57,193.61,192.39,193.18,38824100
2023-08-01,192.74,193.84,192.41,193.36,35175100
2023-08-02,189.75,192.32,189.03,192.18,50389300
2023-08-03,188.36,189.55,187.89,188.76,61235200
2023-08-04,179.32,184.63,179.25,182.80,115956800
2023-08-07,176.23,180.44,174.75,179.46,97576100
2023-08-08,177.16,177.62,174.97,177.05,67823000
2023-08-09,175.58,178.27,174.41,178.22,60378500
2023-08-10,175.36,178.10,174.99,176.85,54686900
2023-08-11,175.42,176.24,174.19,174.95,52036700
2023-08-14,177.07,177.29,174.94,175.60,43675600
2023-08-15,175.08,177.08,174.69,176.49,43622600
2023-08-16,174.21,176.16,174.14,174.77,46964900
2023-08-17,171.68,175.14,171.17,174.78,66062900
2023-08-18,172.16,172.76,169.67,170.00,61172200
2023-08-21,173.49,173.78,171.42,172.73,46311900
2023-08-22,174.86,175.31,173.90,174.70,42038900
2023-08-23,178.70,179.13,175.95,176.14,52722800
2023-08-24,174.03,178.68,173.66,178.26,54945800
2023-08-25,176.23,176.76,173.47,175.01,51449600
2023-08-28,177.79,178.18,176.17,177.69,43820700
2023-08-29,181.66,182.43,177.10,177.30,53003900
2023-08-30,185.15,185.34,182.27,182.47,60813900
2023-08-31,185.36,186.60,184.98,185.33,60794500
2023-09-01,186.93,187.39,185.77,186.96,45766500
2023-09-05,187.17,187.44,185.11,185.77,45280000
2023-09-06,180.47,186.33,179.05,185.89,81755800
2023-09-07,175.19,175.83,171.22,172.84,112488800
2023-09-08,175.80,177.83,175.42,175.97,65551300
2023-09-11,176.97,177.89,174.97,177.67,58953100
2023-09-12,173.95,177.73,172.49,177.09,90370200
2023-09-13,171.89,174.93,171.66,174.15,84267900
2023-09-14,173.39,173.75,171.26,171.68,60895800
2023-09-15,172.67,174.14,171.50,174.12,109259500
2023-09-18,175.60,176.99,173.82,174.12,67257600
2023-09-19,176.68,177.23,174.77,175.15,51826900
2023-09-20,173.15,177.30,173.06,176.87,58436200
2023-09-21,171.61,173.95,171.54,172.22,63149100
2023-09-22,172.46,174.72,171.73,172.34,56725400
2023-09-25,173.73,174.61,171.83,171.88,46172700
2023-09-26,169.67,172.86,169.37,172.49,64588900
2023-09-27,168.16,170.73,166.79,170.32,66921800
2023-09-28,168.41,169.73,165.38,167.08,56294400
2023-09-29,168.93,170.76,168.07,169.72,51861100
2023-10-02,171.43,171.97,168.65,168.94,52164500
2023-10-03,170.10,171.31,168.54,169.96,49594600
2023-10-04,171.34,171.89,168.69,168.81,53020300
2023-10-05,172.58,173.11,170.38,171.47,48527900
2023-10-06,175.12,175.61,170.87,171.48,57266700
2023-10-09,176.60,176.66,173.45,174.45,42390800
2023-10-10,176.01,177.32,175.58,175.72,43698000
2023-10-11,177.40,177.45,175.23,175.82,47551100
2023-10-12,178.30,179.91,176.65,177.67,56743100
2023-10-13,176.46,179.50,175.76,179.00,51427100
2023-10-16,176.34,176.69,174.15,174.39,52517000
2023-10-17,174.79,176.04,172.47,174.29,57549400
2023-10-18,173.49,175.21,172.77,173.24,54764400
2023-10-19,173.12,175.47,172.85,173.69,59302900
2023-10-20,170.57,173.08,170.34,172.97,64244000
2023-10-23,170.69,171.69,167.66,168.63,55980100
2023-10-24,171.13,171.35,169.16,170.74,43816600
2023-10-25,168.82,170.75,168.37,169.59,57157000
2023-10-26,164.66,169.09,163.46,168.10,70625300
2023-10-27,165.98,166.71,164.60,164.68,58499100
2023-10-30,168.02,168.89,166.62,166.76,51131000
2023-10-31,168.49,168.62,165.66,167.09,44846000
2023-11-01,171.65,171.90,167.85,168.72,56934900
2023-11-02,175.20,175.41,173.12,173.18,77334800
2023-11-03,174.29,174.46,171.04,171.91,79829200
2023-11-06,176.84,177.04,173.86,174.03,63841300
2023-11-07,179.39,180.01,176.58,176.79,70530000
2023-11-08,180.45,181.00,179.17,179.92,49340300
2023-11-09,179.98,181.66,179.38,180.52,53763500
2023-11-10,184.15,184.32,181.32,181.75,66133400
2023-11-13,182.57,183.79,181.99,183.58,43627500
2023-11-14,185.18,185.84,184.06,185.44,60108400
2023-11-15,185.75,187.22,185.52,185.59,53790500
2023-11-16,187.42,188.66,186.38,187.29,54412900
2023-11-17,187.41,188.09,186.30,187.96,50922700
2023-11-20,189.14,189.60,187.59,187.60,46505100
2023-11-21,188.34,189.21,187.45,189.10,38134500
2023-11-22,189.01,190.61,188.53,189.18,39617700
2023-11-24,187.68,188.60,186.97,188.57,24048300
2023-11-27,187.50,188.37,186.62,187.63,40552600
2023-11-28,188.11,188.78,187.12,187.49,38415400
2023-11-29,187.09,189.78,186.69,188.60,43014200
2023-11-30,187.66,188.03,185.92,187.55,48794400
2023-12-01,188.94,189.25,186.95,188.04,45704800
2023-12-04,187.15,187.76,185.19,187.69,43389500
2023-12-05,191.09,192.06,187.89,187.92,66628400
2023-12-06,190.00,192.41,189.80,192.11,41089700
2023-12-07,191.93,192.65,191.26,191.30,47477700
2023-12-08,193.35,193.63,191.34,191.86,53406400
2023-12-11,190.85,191.16,189.11,190.78,60943700
2023-12-12,192.36,192.37,189.41,190.75,52696900
2023-12-13,195.58,195.62,192.50,192.74,70404200
2023-12-14,195.72,197.22,193.80,195.63,66831600
2023-12-15,195.19,196.01,194.63,195.15,128538400
2023-12-18,193.53,194.26,192.05,193.73,55751900
2023-12-19,194.57,194.58,193.53,193.80,40714100
2023-12-20,192.48,195.30,192.48,194.53,52242800
2023-12-21,192.34,194.71,191.17,193.74,46482500
2023-12-22,191.27,193.06,190.65,192.83,37149600
2023-12-26,190.72,191.55,190.51,191.28,28919300
2023-12-27,190.82,191.17,188.79,190.17,48087700
2023-12-28,191.25,192.32,190.84,191.80,34049900
2023-12-29,190.21,192.06,189.42,191.56,42672100
2024-01-02,183.40,186.17,181.68,184.90,82488700
2024-01-03,182.03,183.64,181.22,182.00,58414500
2024-01-04,179.72,180.88,178.70,179.96,71983600
2024-01-05,179.00,180.56,178.00,179.80,62379700
2024-01-08,183.32,183.36,179.31,179.90,59144500
2024-01-09,182.91,182.92,180.53,181.70,42841800
2024-01-10,183.95,184.15,181.70,182.13,46792900
2024-01-11,183.35,184.80,181.41,184.29,49128400
2024-01-12,183.68,184.49,182.96,183.82,40477800
2024-01-16,181.42,182.04,178.75,179.97,65603000
2024-01-17,180.48,180.73,178.13,179.09,47317400
2024-01-18,186.36,186.86,183.59,183.85,78005800
2024-01-19,189.25,189.64,186.55,187.05,68903000
2024-01-22,191.55,192.98,189.94,189.98,60133900
2024-01-23,192.83,193.39,191.50,192.67,42355600
2024-01-24,192.16,194.01,192.00,193.07,53631300
2024-01-25,191.83,193.91,190.78,192.87,54822100
2024-01-26,190.10,192.41,189.63,191.93,44594000
2024-01-29,189.42,189.88,187.30,189.70,47145600
2024-01-30,185.78,189.49,185.21,188.64,55859400
2024-01-31,182.18,184.85,182.13,184.79,55467800
2024-02-01,184.61,184.70,181.61,181.77,64885400
2024-02-02,183.61,185.07,177.09,177.69,102551700
2024-02-05,185.42,186.97,183.60,185.88,69668800
2024-02-06,187.02,187.03,184.52,184.61,43490800
2024-02-07,187.13,188.75,186.34,188.34,53439000
2024-02-08,186.05,187.26,185.09,187.11,40962000
2024-02-09,186.81,187.94,185.97,186.62,45155200
2024-02-12,185.13,186.64,184.78,186.39,41781900
2024-02-13,183.04,184.20,181.53,183.77,56529500
2024-02-14,182.16,183.53,180.47,183.32,54630500
2024-02-15,181.88,182.50,179.39,181.57,65434500
2024-02-16,180.34,182.86,179.71,181.44,49752500
2024-02-20,179.60,180.46,178.06,179.83,53665600
2024-02-21,180.35,180.92,178.71,179.98,41371400
2024-02-22,182.38,182.97,180.49,181.50,52292200
2024-02-23,180.55,183.04,180.26,183.01,45119700
2024-02-26,179.21,180.79,178.70,180.27,40867400
2024-02-27,180.66,181.94,177.62,179.15,54318900
2024-02-28,179.46,181.15,178.19,180.54,48953900
2024-02-29,178.80,180.60,177.59,179.32,136682600
2024-03-01,177.72,178.58,175.47,177.61,73563100
2024-03-04,173.21,174.99,171.92,174.25,81510100
2024-03-05,168.29,170.18,167.79,168.92,95132400
2024-03-06,167.30,169.39,166.86,169.22,68587700
2024-03-07,167.18,168.89,166.67,167.33,71765100
2024-03-08,168.89,171.83,167.12,167.18,76267000
2024-03-11,170.89,172.50,170.19,171.08,60139500
2024-03-12,171.36,172.15,169.17,171.28,59825400
2024-03-13,169.28,171.32,168.92,170.91,52488700
2024-03-14,171.13,172.43,170.19,171.05,72913500
2024-03-15,170.76,170.76,168.45,169.32,121752700
2024-03-18,171.85,175.79,171.65,173.68,75604200
2024-03-19,174.18,174.71,171.16,172.46,55215200
2024-03-20,176.74,176.74,173.20,173.83,53423100
2024-03-21,169.52,175.58,169.00,175.14,106181300
2024-03-22,170.42,171.18,168.23,169.91,71160100
2024-03-25,169.01,170.09,167.62,168.73,54288300
2024-03-26,167.88,169.57,167.75,168.17,57388400
2024-03-27,171.44,171.73,168.28,168.57,60273300
2024-03-28,169.63,170.37,168.67,169.90,65672700
2024-04-01,168.20,169.40,167.65,169.34,46240500
2024-04-02,167.02,167.51,166.42,167.26,49329500
2024-04-03,167.82,168.84,166.76,166.97,47691700
2024-04-04,167.00,170.07,167.00,168.45,53704400
2024-04-05,167.75,168.55,167.13,167.76,42104800
2024-04-08,166.63,167.38,166.43,167.21,37425500
2024-04-09,167.84,168.25,166.53,166.88,42373800
2024-04-10,165.97,167.27,165.31,166.98,49709300
2024-04-11,173.15,173.57,166.35,166.52,91070300
2024-04-12,174.65,176.44,172.33,172.38,101670900
2024-04-15,170.83,174.73,170.64,173.47,73531800
2024-04-16,167.55,171.89,166.46,169.90,73711200
2024-04-17,166.19,168.81,166.19,167.78,50901200
2024-04-18,165.24,166.82,164.75,166.22,43122900
2024-04-19,163.22,164.61,162.31,164.42,68149400
2024-04-22,164.05,165.46,162.99,163.73,48116400
2024-04-23,165.10,165.25,163.14,163.57,49537800
2024-04-24,167.20,167.47,164.42,164.74,48251800
2024-04-25,168.06,168.77,166.34,167.70,50558300
2024-04-26,167.47,169.49,167.36,168.05,44838400
2024-04-29,171.63,174.13,171.23,171.50,68169400
2024-04-30,168.49,173.10,168.17,171.46,65934800
2024-05-01,167.47,170.85,167.29,167.75,50383100
2024-05-02,171.16,171.55,169.05,170.65,94214900
2024-05-03,181.40,184.98,180.69,184.64,163224100
2024-05-06,179.75,182.21,178.47,180.38,78569700
2024-05-07,180.43,182.91,179.36,181.47,77305800
2024-05-08,180.77,181.10,179.49,180.88,45057100
2024-05-09,182.58,182.67,180.15,180.59,48983000
2024-05-10,181.32,183.34,180.41,183.15,50759500
2024-05-13,184.52,185.33,182.88,183.69,72044800
2024-05-14,185.66,186.52,184.53,185.74,52393600
2024-05-15,187.93,188.85,185.60,186.14,70400000
2024-05-16,188.05,189.30,187.87,188.67,52845200
2024-05-17,188.08,189.01,187.39,187.72,41282900
2024-05-20,189.24,190.11,187.23,187.54,44361300
2024-05-21,190.53,190.91,189.12,189.29,42309400
2024-05-22,189.10,191.00,188.47,190.45,34648500
2024-05-23,185.12,189.20,184.87,189.18,51005900
2024-05-24,188.19,188.78,186.26,187.04,36327000
2024-05-28,188.20,191.18,187.31,189.70,52280100
2024-05-29,188.49,190.43,187.72,187.82,53068000
2024-05-30,189.48,190.37,188.83,188.96,49889100
2024-05-31,190.43,190.75,188.12,189.63,75158300
2024-06-03,192.20,193.15,190.70,191.08,50080500
2024-06-04,192.51,193.48,191.21,192.80,47471400
2024-06-05,194.02,195.04,193.03,193.55,54156800
2024-06-06,192.64,194.64,192.34,193.84,41181800
2024-06-07,195.03,195.08,192.31,192.81,53103900
2024-06-10,191.30,195.44,190.34,195.04,97010200
2024-06-11,205.19,205.20,191.80,191.82,172373300
2024-06-12,211.06,218.12,204.95,205.41,198134300
2024-06-13,212.22,214.70,209.60,212.71,97862700
2024-06-14,210.48,213.14,209.30,211.83,70122700
2024-06-17,214.62,216.88,210.71,211.36,93728300
2024-06-18,212.27,216.57,210.99,215.54,79943300
2024-06-20,207.70,212.22,206.88,211.91,86172500
2024-06-21,205.53,209.89,205.15,208.40,241805100
2024-06-24,206.17,210.69,204.64,205.76,80727000
2024-06-25,207.10,209.38,206.64,207.18,55549700
2024-06-26,211.24,212.83,208.65,209.50,66213200
2024-06-27,212.08,213.70,210.34,212.66,49772700
2024-06-28,208.63,214.03,208.31,213.73,82542700
2024-07-01,214.70,215.46,209.92,210.09,60402900
2024-07-02,218.19,218.30,213.07,214.11,58046200
2024-07-03,219.46,219.46,216.96,217.92,37369800
2024-07-05,224.20,224.31,219.56,219.56,60412400
2024-07-08,225.67,225.70,221.14,224.95,59085900
2024-07-09,226.52,227.23,224.23,225.78,48076100
2024-07-10,230.78,230.88,227.09,227.13,62627700
2024-07-11,225.42,230.20,223.64,229.21,64710600
2024-07-12,228.36,230.44,226.52,226.76,53046500
2024-07-15,232.19,234.99,230.89,234.25,62631300
2024-07-16,232.60,234.04,230.14,232.78,43234300
2024-07-17,226.72,229.27,224.50,227.28,57345900
2024-07-18,222.06,228.26,220.17,228.11,66034600
2024-07-19,222.19,224.66,221.17,222.70,49151500
2024-07-22,221.85,225.63,220.98,224.87,48201800
2024-07-23,222.89,224.80,220.58,222.25,39960300
2024-07-24,216.48,222.68,215.08,221.88,61777600
2024-07-25,215.44,218.76,212.59,216.86,51391200
2024-07-26,215.90,217.42,213.97,216.63,41601300
2024-07-29,216.18,217.23,213.71,214.91,36311800
2024-07-30,216.73,218.25,214.08,217.12,41643800
2024-07-31,219.98,221.71,218.55,219.35,50036300
2024-08-01,216.30,222.36,214.97,222.25,62501000
2024-08-02,217.78,223.47,215.65,217.08,105568600
2024-08-05,207.29,211.48,194.15,197.21,119548600
2024-08-06,205.27,208.01,199.17,203.36,69660500
2024-08-07,207.84,211.62,204.44,204.95,63516400
2024-08-08,211.30,212.18,206.86,211.10,47161100
2024-08-09,214.20,214.73,209.97,210.10,42201600
2024-08-12,215.73,217.69,213.81,214.28,38028100
2024-08-13,219.43,220.05,217.19,217.19,44155300
2024-08-14,219.88,221.18,217.88,218.74,41960600
2024-08-15,222.86,223.48,220.91,222.74,46414000
2024-08-16,224.17,224.95,221.79,222.06,44340200
2024-08-19,224.02,224.12,221.19,223.85,40687800
2024-08-20,224.63,225.29,223.58,223.90,30299000
2024-08-21,224.52,226.09,223.18,224.64,34765500
2024-08-22,222.67,226.45,222.04,225.90,43695300
2024-08-23,224.96,226.33,222.47,223.79,38677300
2024-08-26,225.30,225.39,222.03,224.88,30602200
2024-08-27,226.14,226.95,223.02,224.13,35934600
2024-08-28,224.61,227.95,223.81,226.03,38052200
2024-08-29,227.88,230.99,226.98,228.19,51906300
2024-08-30,227.10,228.49,225.59,228.28,52990800
2024-09-03,220.92,227.10,219.34,226.65,50190600
2024-09-04,219.02,219.94,215.68,219.82,43840200
2024-09-05,220.54,223.61,219.68,219.79,36615400
2024-09-06,218.99,223.37,217.95,222.09,48423000
2024-09-09,219.08,219.43,214.91,218.99,67180000
2024-09-10,218.28,219.64,214.93,217.10,51591000
2024-09-11,220.81,221.24,216.08,219.62,44587100
2024-09-12,220.92,221.70,218.00,220.65,37455600
2024-09-13,220.65,222.18,220.07,221.73,36766600
2024-09-16,214.53,215.42,212.15,214.74,59357400
2024-09-17,214.99,215.10,212.72,213.96,45519300
2024-09-18,218.86,220.86,215.74,215.75,59894900
2024-09-19,226.97,227.91,222.77,223.12,66781300
2024-09-20,226.31,231.16,225.73,228.06,318679900
2024-09-23,224.59,227.55,223.94,225.45,54146000
2024-09-24,225.48,227.45,223.86,226.75,43556100
2024-09-25,224.49,225.40,222.16,223.06,42308700
2024-09-26,225.63,226.60,223.54,225.41,36636700
2024-09-27,225.90,227.62,225.41,226.56,34026000
2024-09-30,231.07,231.07,227.74,228.13,54541900
2024-10-01,224.33,227.74,221.88,227.62,63285000
2024-10-02,224.90,225.48,221.17,224.02,32880600
2024-10-03,223.80,224.93,221.47,223.27,34044200
2024-10-04,224.92,226.11,222.27,226.01,37245100
2024-10-07,219.85,223.82,219.49,222.64,39505400
2024-10-08,223.90,224.11,221.40,222.44,31855700
2024-10-09,227.64,227.84,222.96,223.36,33591100
2024-10-10,227.14,227.60,225.29,225.89,28183500
2024-10-11,225.66,227.51,225.45,227.40,31759200
2024-10-14,229.38,229.81,226.70,226.80,39882100
2024-10-15,231.91,235.52,230.44,231.67,64751400
2024-10-16,229.86,230.19,227.93,229.68,34082200
2024-10-17,230.22,231.91,228.61,231.49,32993800
2024-10-18,233.05,234.22,232.07,234.22,46431500
2024-10-21,234.52,234.89,232.51,232.51,36254500
2024-10-22,233.90,234.26,230.67,231.95,38846600
2024-10-23,228.85,233.19,225.87,232.14,52287000
2024-10-24,228.66,228.91,226.52,228.07,31109500
2024-10-25,229.49,231.29,227.67,227.83,38802300
2024-10-28,231.46,232.78,230.62,231.38,36087100
2024-10-29,231.73,232.39,230.39,231.17,35417200
2024-10-30,228.19,231.53,227.65,230.68,47070900
2024-10-31,224.04,227.92,223.50,227.44,64370100
2024-11-01,221.06,223.48,218.44,219.14,65276700
2024-11-04,220.17,220.94,217.89,219.16,44944500
2024-11-05,221.60,222.09,219.31,219.96,28111300
2024-11-06,220.87,224.19,219.36,220.76,54561100
2024-11-07,225.59,225.99,222.71,222.77,42137700
2024-11-08,225.32,227.01,224.78,225.53,38328800
2024-11-11,222.61,224.07,219.90,223.38,42005600
2024-11-12,222.61,223.96,221.75,222.93,40398300
2024-11-13,223.50,225.02,221.16,222.40,48566200
2024-11-14,226.58,227.22,223.38,223.40,44923900
2024-11-15,223.38,225.29,222.65,224.77,47923700
2024-11-18,226.38,228.08,223.55,223.63,44633700
2024-11-19,226.64,228.50,225.03,225.34,36211800
2024-11-20,227.35,228.27,224.26,226.42,35169600
2024-11-21,226.87,228.50,224.08,227.23,42108300
2024-11-22,228.21,229.06,226.42,226.42,38168300
2024-11-25,231.19,231.57,228.08,229.79,90152800
2024-11-26,233.37,233.87,231.65,231.65,45986200
2024-11-27,233.24,233.99,232.13,232.78,33498400
2024-11-29,235.62,236.10,232.28,233.12,28481400
2024-12-02,237.86,239.06,235.45,235.56,48137100
2024-12-03,240.90,241.01,237.18,238.08,38861000
2024-12-04,241.26,242.35,239.51,241.12,44383900
2024-12-05,241.29,242.78,240.39,242.23,40033900
2024-12-06,241.09,242.87,240.34,241.16,36870600
2024-12-09,244.97,245.46,240.01,240.09,44649200
2024-12-10,245.98,246.42,243.57,245.11,36914800
2024-12-11,244.71,248.99,244.49,246.17,45205800
2024-12-12,246.17,246.95,243.91,245.11,32777500
2024-12-13,246.34,247.49,244.47,246.03,33155300
2024-12-16,249.23,249.57,245.87,246.20,51694800
2024-12-17,251.65,252.00,247.98,248.28,51356400
2024-12-18,246.26,252.45,245.96,250.34,56774100
2024-12-19,247.99,250.18,245.31,245.72,60882300
2024-12-20,252.66,253.16,243.92,246.25,147495300
2024-12-23,253.43,253.81,251.62,252.93,40858800
2024-12-24,256.34,256.35,253.45,253.65,23234700
2024-12-26,257.15,258.23,255.77,256.33,27237100
2024-12-27,253.75,256.84,251.24,255.97,42355300
2024-12-30,250.38,251.67,248.94,250.41,35557500
2024-12-31,248.62,251.46,247.63,250.62,39480700
2025-01-02,242.09,247.31,240.08,247.14,55740700
2025-01-03,241.61,242.42,240.15,241.61,40244100
2025-01-06,243.23,245.55,241.45,242.55,45045600
2025-01-07,240.46,243.78,239.61,241.23,40856000
2025-01-08,240.95,241.95,238.32,240.18,37628900
2025-01-10,235.14,238.43,231.32,238.28,61710900
2025-01-13,232.71,232.98,228.06,231.85,49630700
2025-01-14,231.60,234.42,230.80,233.06,39435300
2025-01-15,236.16,237.24,232.74,232.95,39832000
2025-01-16,226.62,236.30,226.39,235.64,71759100
2025-01-17,228.32,230.62,226.83,230.45,68488300
2025-01-21,221.04,222.80,217.80,222.39,98070400
2025-01-22,222.22,222.51,218.21,218.21,64126500
2025-01-23,222.05,225.39,220.70,223.12,60234800
2025-01-24,221.17,224.00,219.81,223.16,54697900
2025-01-27,228.20,230.48,222.37,222.41,94863400
2025-01-28,236.54,238.46,229.15,229.19,75707600
2025-01-29,237.64,238.13,232.32,232.43,45486100
2025-01-30,235.88,239.06,235.50,236.95,55658300
2025-01-31,234.30,245.41,231.76,245.41,100959800
2025-02-03,226.37,230.16,224.07,228.33,73063300
2025-02-04,231.12,231.45,225.02,225.61,45067300
2025-02-05,230.80,230.99,226.63,226.88,39620300
2025-02-06,231.54,232.12,228.77,229.62,29925300
2025-02-07,225.99,232.31,225.62,230.92,39707200
2025-02-10,226.26,229.18,225.81,228.17,33115600
2025-02-11,231.20,233.79,226.74,226.80,53718400
2025-02-12,235.42,235.51,229.27,229.79,45243300
2025-02-13,240.05,240.86,234.13,235.46,53614100
2025-02-14,243.10,244.05,239.52,239.78,40896200
2025-02-18,242.98,243.68,240.36,242.66,48822500
2025-02-19,243.37,244.51,241.67,243.16,32204200
2025-02-20,244.33,245.27,242.80,243.44,32316900
2025-02-21,244.05,247.17,243.72,244.45,53197400
2025-02-24,245.59,247.34,242.93,243.43,51326400
2025-02-25,245.53,248.47,243.41,246.48,48013300
2025-02-26,238.89,243.48,237.67,242.84,44433600
2025-02-27,235.85,240.98,235.61,237.95,41153600
2025-02-28,240.36,240.61,228.79,235.50,56833400
2025-03-03,236.57,242.54,234.67,240.31,47184000
2025-03-04,234.49,238.60,233.25,236.26,53798100
2025-03-05,234.30,235.10,227.83,233.98,47227600
2025-03-06,233.89,236.41,231.73,233.01,45170400
2025-03-07,237.61,239.89,233.32,233.67,46273600
2025-03-10,226.09,234.72,222.85,234.10,72071200
2025-03-11,219.49,224.46,216.12,222.44,76137400
2025-03-12,215.65,220.39,213.60,218.79,62547500
2025-03-13,208.40,215.51,207.15,214.63,61368300
2025-03-14,212.18,212.64,208.30,209.96,60107600
2025-03-17,212.69,213.90,208.69,212.01,48073400
2025-03-18,211.39,213.83,210.20,212.85,42432400
2025-03-19,213.92,217.42,212.44,212.91,54385400
2025-03-20,212.79,216.16,210.92,212.68,48862900
2025-03-21,216.94,217.50,209.99,210.27,94127800
2025-03-24,219.38,220.13,217.24,219.65,44299500
2025-03-25,222.38,222.73,218.73,219.42,34493600
2025-03-26,220.18,223.64,219.12,222.14,34466100
2025-03-27,222.48,223.61,219.21,220.04,37094800
2025-03-28,216.57,222.44,216.35,220.31,39818600
2025-03-31,220.77,224.24,214.91,215.68,65299300
2025-04-01,221.83,222.31,217.56,218.47,36412700
2025-04-02,222.52,223.81,219.67,219.97,35905900
2025-04-03,201.95,206.22,200.02,204.28,103419000
2025-04-04,187.23,198.66,186.19,192.70,125910900
2025-04-07,180.35,192.96,173.55,176.12,160466300
2025-04-08,171.37,189.18,168.18,185.56,120859500
2025-04-09,197.63,199.38,170.84,170.90,184395900
2025-04-10,189.26,193.59,181.88,187.91,121880000
2025-04-11,196.94,198.32,184.92,184.96,87435900
2025-04-14,201.28,211.64,199.93,210.15,101352900
2025-04-15,200.90,202.27,198.58,200.63,51343900
2025-04-16,193.08,199.47,191.19,197.15,59732400
2025-04-17,195.78,197.61,193.23,195.99,52164700
2025-04-21,191.98,192.62,188.65,192.09,46742500
2025-04-22,198.52,200.36,194.77,194.92,52976400
2025-04-23,203.35,206.73,201.56,204.74,52929200
2025-04-24,207.10,207.55,201.70,203.64,47311000
2025-04-25,208.00,208.47,204.94,205.11,38222300
2025-04-28,208.86,210.21,206.19,208.72,38743100
2025-04-29,209.92,210.94,207.10,207.41,36827600
2025-04-30,211.20,212.27,205.41,208.02,52286500
2025-05-01,212.02,213.25,207.62,207.80,57365700
2025-05-02,204.09,205.72,200.92,204.83,101010600
2025-05-05,197.67,202.85,197.00,201.86,69018500
2025-05-06,197.30,199.42,195.82,197.00,51216500
2025-05-07,195.05,198.22,192.07,197.95,68536700
2025-05-08,196.28,198.83,193.49,196.51,50478900
2025-05-09,197.32,199.31,196.33,197.78,36453900
2025-05-12,209.78,210.25,205.76,209.96,63775800
2025-05-13,211.91,212.37,207.99,209.42,51909300
2025-05-14,211.31,212.91,209.57,211.41,49325800
2025-05-15,210.43,211.94,208.53,209.94,45029500
2025-05-16,210.24,211.55,208.76,211.34,54737900
2025-05-19,207.78,208.47,203.28,206.91,46140500
2025-05-20,205.87,207.47,204.04,206.67,42496600
2025-05-21,201.12,206.04,199.74,204.18,59211800
2025-05-22,200.39,201.77,198.74,199.74,46742400
2025-05-23,194.33,196.75,192.53,192.74,78432900
2025-05-27,199.25,199.77,196.48,197.35,56288500
2025-05-28,199.46,201.75,198.94,199.63,45339700
2025-05-29,198.99,202.83,197.56,202.60,51396800
2025-05-30,199.88,200.99,195.83,198.41,70819900
2025-06-02,200.73,201.16,199.16,199.32,35423300
2025-06-03,202.29,202.79,199.99,200.38,46381600
2025-06-04,201.84,205.25,201.13,201.93,43604000
2025-06-05,199.67,203.77,199.19,202.52,55126100
2025-06-06,202.94,204.71,201.08,202.02,46607700
2025-06-09,200.48,205.01,199.06,203.41,72862600
2025-06-10,201.70,203.37,199.61,199.64,54672600
2025-06-11,197.82,203.52,197.46,202.52,60989900
2025-06-12,198.24,198.72,196.41,198.12,43904600
2025-06-13,195.51,199.41,194.76,198.77,51447300
2025-06-16,197.47,197.73,195.61,196.35,43020700
2025-06-17,194.70,197.44,194.27,196.25,38856200
2025-06-18,195.63,196.62,194.13,195.00,45394700
2025-06-20,200.03,200.73,195.91,197.29,96813500
2025-06-23,200.53,201.33,198.00,200.66,55814300
2025-06-24,199.34,202.46,199.24,201.62,54064000
2025-06-25,200.59,202.69,199.66,200.48,39525700
2025-06-26,200.03,201.67,198.50,200.46,50799100
2025-06-27,200.11,202.24,199.04,200.92,73188600
2025-06-30,204.18,206.39,198.30,201.04,91912800
2025-07-01,206.82,209.18,205.15,205.68,78788900
2025-07-02,211.42,212.31,207.14,207.91,67941800
2025-07-03,212.52,213.62,210.79,211.13,34955800
2025-07-07,208.94,215.19,207.80,211.66,50229000
2025-07-08,209.00,210.41,207.45,209.09,42848900
2025-07-09,210.12,210.31,206.22,208.52,48749400
2025-07-10,211.39,212.45,209.02,209.50,44443600
2025-07-11,210.14,211.11,208.85,209.56,39765800
2025-07-14,207.62,209.90,206.54,208.92,38840100
2025-07-15,208.10,210.87,207.92,208.21,42296300
2025-07-16,209.15,211.38,207.64,209.29,47490500
2025-07-17,209.01,210.78,208.58,209.56,48068100
2025-07-18,210.16,210.77,208.69,209.86,48974600
2025-07-21,211.46,214.74,210.61,211.08,51377400
2025-07-22,213.37,213.92,211.21,212.11,46404100
2025-07-23,213.12,214.12,211.39,213.97,46989300
2025-07-24,212.73,214.65,212.50,212.87,46022600
2025-07-25,212.85,214.20,212.37,213.67,40268800
2025-07-28,213.02,213.82,212.04,213.00,37858000
2025-07-29,210.25,213.78,209.81,213.15,51411700
2025-07-30,208.04,211.37,206.72,210.88,45512500
2025-07-31,206.57,208.83,206.16,207.49,80698400
2025-08-01,201.41,212.55,200.53,209.86,104434500
2025-08-04,202.37,206.88,200.71,203.53,75109300
2025-08-05,201.94,204.35,201.19,202.42,44155100
2025-08-06,212.22,214.34,204.60,204.64,108483100
2025-08-07,218.97,219.79,215.54,217.83,90224800
2025-08-08,228.25,229.89,218.20,219.77,113854000
2025-08-11,226.34,228.72,223.93,227.08,61806100
2025-08-12,228.80,229.95,226.23,227.17,55626200
2025-08-13,232.47,234.14,229.58,230.22,69878500
2025-08-14,231.92,234.25,230.00,233.20,51916300
2025-08-15,230.74,233.42,228.50,233.14,56038700
2025-08-18,230.04,232.26,229.26,230.85,37476200
2025-08-19,229.71,232.01,228.51,230.43,39402600
2025-08-20,225.18,229.62,224.94,229.13,42263900
2025-08-21,224.07,225.69,222.96,225.44,30621200
2025-08-22,226.92,228.25,224.58,225.34,42477800
2025-08-25,226.32,228.46,225.40,225.65,30983100
2025-08-26,228.47,228.65,223.86,226.04,54575100
2025-08-27,229.64,230.05,227.42,227.77,31259500
2025-08-28,231.70,232.55,228.50,229.97,38074700
2025-08-29,231.29,232.52,230.52,231.65,39418400
2025-09-02,228.87,230.00,226.13,228.41,44075600
2025-09-03,237.59,237.97,233.50,236.34,66427800
2025-09-04,238.90,239.02,235.87,237.57,47549400
2025-09-05,238.81,240.43,237.61,239.12,54870400
2025-09-08,237.00,239.27,235.47,238.42,48999500
2025-09-09,233.49,237.90,232.50,236.13,66313900
2025-09-10,225.96,231.56,225.12,231.34,83440800
2025-09-11,229.18,229.60,225.82,226.04,50208600
2025-09-12,233.21,233.65,228.18,228.38,55824200
2025-09-15,235.83,237.31,234.16,236.13,42699500
2025-09-16,237.27,240.33,235.45,236.31,63421100
2025-09-17,238.11,239.22,236.86,238.09,46508000
2025-09-18,237.00,240.31,235.78,239.09,44249600
2025-09-19,244.60,245.39,239.33,240.34,163741300
2025-09-22,255.14,255.70,247.21,247.39,105517400
2025-09-23,253.49,256.39,252.65,254.94,60275200
2025-09-24,251.38,254.80,250.12,254.28,42303700
2025-09-25,255.92,256.22,250.78,252.28,55202100
2025-09-26,254.52,256.65,252.85,253.16,46076300
2025-09-29,253.49,254.06,252.08,253.62,40127700
2025-09-30,253.69,254.98,252.18,253.92,37704300
2025-10-01,254.51,257.84,253.99,254.10,48713900
2025-10-02,256.18,257.23,253.21,255.64,42630200
2025-10-03,257.07,258.29,253.02,253.73,49155600
2025-10-06,255.75,258.12,254.11,257.04,44664100
2025-10-07,255.54,256.45,254.49,255.86,31955800
2025-10-08,257.11,257.57,255.17,255.58,36496900
2025-10-09,253.11,257.05,252.21,256.86,38322000
2025-10-10,244.37,255.44,243.10,254.00,61999100
2025-10-13,246.75,248.77,244.66,248.46,38142900
2025-10-14,246.86,247.93,243.80,245.69,35478000
2025-10-15,248.42,250.89,246.56,248.57,33893600
2025-10-16,246.54,248.12,244.23,247.34,39777000
2025-10-17,251.36,252.45,246.36,247.11,49147000
2025-10-20,261.27,263.41,254.69,254.95,90483000
2025-10-21,261.80,264.31,260.87,260.92,46695900
2025-10-22,257.50,261.88,254.49,261.68,45015300
2025-10-23,258.62,259.66,257.06,258.98,32754900
2025-10-24,261.85,263.16,258.23,260.23,38253700
2025-10-27,267.82,268.13,263.68,263.91,44888200
2025-10-28,268.01,268.90,267.16,268.00,41534800
2025-10-29,268.71,270.41,266.13,268.29,51086700
2025-10-30,270.40,273.13,267.49,270.99,69886500
2025-10-31,269.37,276.30,268.17,275.97,86167100
2025-11-03,268.06,269.85,265.27,269.42,50194600
2025-11-04,269.05,270.49,266.64,267.34,49274800
2025-11-05,269.15,270.70,265.95,267.62,43683100
2025-11-06,268.78,272.39,266.90,266.90,51204000
2025-11-07,267.48,271.29,265.79,268.81,48227400
2025-11-10,268.70,272.99,266.73,268.23,41312400
2025-11-11,274.50,275.16,269.07,269.08,46208300
2025-11-12,272.73,274.98,270.96,274.25,48398000
2025-11-13,272.21,275.95,271.35,273.37,49602800
2025-11-14,271.67,275.21,268.87,270.31,47431300
2025-11-17,266.73,269.76,265.01,268.09,45018300
2025-11-18,266.71,269.98,264.60,269.26,45677300
2025-11-19,267.83,271.47,264.78,264.81,40424500
2025-11-20,265.53,274.68,265.20,270.09,45823600
2025-11-21,270.75,272.59,264.95,265.23,59030800
2025-11-24,275.17,276.25,270.16,270.16,65585800
2025-11-25,276.22,279.62,274.50,274.52,46914200
2025-11-26,276.80,278.77,275.88,276.21,33431400
2025-11-28,278.09,278.24,275.24,276.51,20135600
2025-12-01,282.33,282.65,275.39,277.26,46587700
2025-12-02,285.41,286.62,281.86,282.23,53669500
2025-12-03,283.38,287.84,282.53,285.42,43538700
2025-12-04,279.94,283.96,277.83,283.33,43989100
2025-12-05,278.02,280.38,277.30,279.78,47265800
2025-12-08,277.14,278.91,275.40,277.38,38211800
2025-12-09,276.43,279.27,276.17,277.40,32193300
2025-12-10,278.02,278.99,275.69,277.00,33038300
2025-12-11,277.28,278.83,273.07,278.34,33248000
2025-12-12,277.52,278.46,276.07,277.15,39532900
2025-12-15,273.37,279.39,272.10,279.39,50409100
2025-12-16,273.86,274.75,271.05,272.08,37648600
2025-12-17,271.10,275.41,270.90,274.26,50138700
2025-12-18,271.45,272.89,266.23,272.87,51630700
2025-12-19,272.93,273.85,269.17,271.41,144632000
2025-12-22,270.23,273.14,269.78,272.12,36571800
2025-12-23,271.62,271.76,268.83,270.10,29642000
2025-12-24,273.07,274.68,271.46,271.60,17910600
2025-12-26,272.66,274.62,272.12,273.42,21521800
2025-12-29,273.02,273.62,271.61,271.95,23715200
2025-12-30,272.34,273.34,271.54,272.07,22139600
2025-12-31,271.12,272.94,271.01,272.32,27293600
2026-01-02,270.27,277.09,268.27,271.52,37838100
2026-01-05,266.53,270.77,265.42,269.91,45647200
2026-01-06,261.65,266.82,261.41,266.28,52352100
2026-01-07,259.62,262.96,259.10,262.49,48309800
2026-01-08,258.34,258.59,255.01,256.32,50419300
2026-01-09,258.67,259.50,255.52,258.38,39997000
2026-01-12,259.54,260.59,256.10,258.46,45263800
2026-01-13,260.34,261.10,257.69,258.02,45730800
2026-01-14,259.25,261.11,256.01,258.79,40019400
2026-01-15,257.51,260.33,256.35,259.94,39388600
2026-01-16,254.84,258.20,254.24,257.20,72142800
2026-01-20,246.03,254.10,242.76,252.04,80267500
2026-01-21,246.98,250.88,244.51,248.02,54641700
2026-01-22,247.68,250.32,247.48,248.52,39708300
2026-01-23,247.37,248.73,244.02,246.65,41689000
2026-01-26,254.72,255.86,249.12,250.80,55969200
2026-01-27,257.57,261.24,257.51,258.47,49648300
2026-01-28,255.74,258.16,253.82,256.95,41288000
2026-01-29,257.58,258.95,253.72,257.30,67253000
2026-01-30,258.78,261.19,251.50,254.48,92443400
2026-02-02,269.28,269.76,258.51,259.32,73913400
2026-02-03,268.75,271.14,266.88,268.47,64394700
2026-02-04,275.74,278.19,271.55,271.55,90545700
2026-02-05,275.16,278.74,272.49,277.37,52977400
2026-02-06,277.37,280.15,276.18,276.37,50453400
2026-02-09,274.13,277.70,271.22,277.41,44623400
2026-02-10,273.19,274.88,272.45,274.40,34376900
2026-02-11,275.01,279.68,273.96,274.21,51931300
2026-02-12,261.26,275.23,259.72,275.10,81077200
2026-02-13,255.32,261.76,254.99,261.54,56290700
2026-02-17,263.41,265.82,255.08,257.59,58469100
2026-02-18,263.88,266.34,261.98,263.13,34203300
2026-02-19,260.12,264.01,259.59,262.13,30845300
2026-02-20,264.11,264.28,257.70,258.51,42070500
2026-02-23,265.71,268.95,262.91,263.02,37308200
2026-02-24,271.66,274.40,267.23,267.38,47014600
2026-02-25,273.74,274.45,270.57,271.30,33714300
2026-02-26,272.46,275.62,270.32,274.46,32345100
2026-02-27,263.71,272.32,262.42,272.32,72366500
2026-03-02,264.25,266.06,259.74,261.94,41827900
2026-03-03,263.28,265.09,259.67,263.01,38568900
2026-03-04,262.05,265.68,260.95,264.18,39803100
2026-03-05,259.83,261.09,256.79,260.33,49658600
2026-03-06,257.00,258.31,253.92,258.17,41120000
2026-03-09,259.42,260.68,253.23,255.23,38218500
2026-03-10,260.37,262.01,256.49,257.19,30590800
2026-03-11,260.35,261.66,259.09,260.62,26218900
2026-03-12,255.30,258.49,253.73,258.20,40794000
2026-03-13,249.67,255.87,249.08,255.02,36930000
2026-03-16,252.37,253.44,249.43,251.66,32074200
2026-03-17,253.78,254.68,251.73,252.51,32361600
2026-03-18,249.49,254.49,248.56,252.18,35757900
2026-03-19,248.52,251.38,246.86,248.96,34864100
2026-03-20,247.55,248.76,245.56,247.54,88331100
2026-03-23,251.04,254.15,249.83,253.52,40546100
2026-03-24,251.19,254.38,249.11,249.90,45152300
2026-03-25,252.17,254.55,251.15,253.65,28476700
2026-03-26,252.44,256.54,250.32,251.67,41796700
2026-03-27,248.36,255.03,247.63,253.45,47900000
2026-03-30,246.19,250.42,245.07,249.62,39446200
2026-03-31,253.34,255.02,246.66,247.47,49598100
2026-04-01,255.17,255.72,252.88,253.63,40059400
2026-04-02,255.46,255.67,250.20,253.75,31289400
2026-04-06,258.40,261.69,256.00,256.05,29329900
2026-04-07,253.05,255.74,245.26,255.70,62148000
2026-04-08,258.44,259.29,256.07,257.99,41032800
2026-04-09,260.03,260.65,255.61,258.54,28121600
2026-04-10,260.02,261.72,258.56,259.52,31291500
2026-04-13,258.74,259.72,256.20,259.27,36234700
2026-04-14,258.37,261.46,256.73,258.79,48370700
2026-04-15,265.96,266.09,257.35,257.70,49913500
2026-04-16,262.93,266.68,260.80,266.32,43323100
2026-04-17,269.75,271.81,266.24,266.48,61436200
2026-04-20,272.56,273.79,269.81,269.85,36590200
2026-04-21,265.70,272.31,264.93,271.02,50209800
2026-04-22,272.68,273.25,266.39,267.34,43249200
2026-04-23,272.94,275.28,271.17,274.56,33399600
2026-04-24,270.58,272.57,269.17,272.27,38157100
2026-04-27,267.13,267.88,264.60,265.62,41466800
2026-04-28,270.23,272.74,268.18,271.85,40018900
2026-04-29,269.69,270.56,266.56,267.07,30047900
2026-04-30,270.87,275.51,267.66,270.02,91848200
2026-05-01,279.64,286.71,277.87,278.36,79915400
2026-05-04,276.34,280.13,274.37,279.16,46668400
2026-05-05,283.67,284.06,276.01,276.44,49311700
2026-05-06,287.00,287.52,280.57,281.42,58336100
2026-05-07,286.93,291.61,285.27,288.75,45224300
2026-05-08,292.80,294.23,289.48,289.49,52692800
2026-05-11,292.43,293.63,289.98,291.73,42247300
2026-05-12,294.55,295.02,292.31,292.31,45748100
2026-05-13,298.61,300.66,293.25,293.25,52684300
2026-05-14,297.95,300.19,295.13,299.56,35324900
2026-05-15,299.97,302.94,296.26,297.64,54862800
2026-05-18,297.58,300.40,294.66,299.98,34483000
2026-05-19,298.71,300.25,296.09,296.71,42243600
2026-05-20,301.99,302.54,297.82,297.92,38229800
2026-05-21,304.73,305.28,300.14,300.80,42965100
2026-05-22,308.55,311.13,305.58,305.86,43670200
2026-05-26,308.06,311.55,307.40,309.29,48000500
2026-05-27,310.58,312.99,308.03,308.06,50430900
2026-05-28,312.24,312.53,309.30,310.41,48220400
2026-05-29,311.79,314.73,309.26,311.51,70026800
2026-06-01,306.05,310.67,304.76,309.36,48849900
2026-06-02,314.93,315.18,306.43,307.20,44534700
2026-06-03,309.99,316.67,308.58,313.91,50836700
2026-06-04,310.96,313.27,309.38,312.96,44869100
2026-06-05,307.08,314.90,306.89,312.59,65310500
2026-06-08,301.28,317.13,300.91,308.47,77949100
2026-06-09,290.30,300.49,287.53,300.02,70108800
2026-06-10,291.33,294.50,287.13,290.49,52793300
2026-06-11,295.38,296.74,289.34,293.47,42572500
2026-06-12,290.88,296.88,289.37,295.77,38742100
2026-06-15,296.16,297.52,291.45,293.87,45732600
2026-06-16,298.98,300.22,293.72,295.00,39874400
2026-06-17,295.69,301.81,294.11,300.59,42745100
2026-06-18,297.75,300.31,295.37,297.85,85962200
2026-06-22,296.75,302.16,296.50,297.05,44879900
2026-06-23,294.05,301.38,293.93,297.28,52010900
2026-06-24,292.83,299.44,292.69,295.11,53081900
2026-06-25,274.91,288.55,273.51,287.15,107013700
2026-06-26,283.54,285.70,273.97,274.76,261775500
2026-06-29,281.50,288.12,279.61,286.48,66427000
2026-06-30,289.11,289.69,280.46,280.93,65100200
2026-07-01,294.13,296.33,288.95,293.19,50164200
2026-07-02,308.36,309.15,293.43,293.87,75352800
2026-07-06,312.39,313.93,306.74,307.10,53590000
2026-07-07,310.39,315.21,309.88,315.02,42490000
2026-07-08,313.12,314.55,306.79,311.64,41323500
2026-07-09,315.95,316.26,307.89,310.24,48124500
2026-07-10,315.05,316.64,311.90,314.45,34132300
2026-07-13,317.04,323.17,315.51,316.75,43257800
2026-07-14,314.59,315.92,311.64,313.49,36336800
2026-07-15,327.22,328.45,317.05,317.35,60957600
2026-07-16,332.97,334.39,326.51,327.73,62970600
2026-07-17,333.45,334.70,328.72,331.69,63407100
2026-07-20,326.31,333.42,323.40,333.22,53468000
2026-07-21,327.46,329.32,321.94,322.85,41338900
2026-07-22,325.61,328.72,323.06,327.59,38755900
2026-07-23,321.38,323.02,319.07,321.45,40840800
2026-07-24,332.73,334.08,321.34,321.51,47489400
2026-07-27,336.62,339.28,333.73,334.25,49604300
2026-07-28,339.79,342.59,335.31,339.74,51859000
2026-07-29,337.90,344.27,337.06,339.44,56090800
2026-07-30,333.14,334.46,329.31,332.81,74817800
2026-07-31,308.64,310.42,299.74,304.55,132489100
2026-08-03,303.16,311.53,302.30,309.31,75052000
2026-08-04,309.11,310.15,301.06,302.47,68001000
2026-08-05,310.73,311.44,305.41,309.09,49438800
2026-08-06,312.14,316.02,308.96,314.07,46139900
2026-08-07,313.06,314.54,310.47,311.18,34437200
2026-08-10,308.26,308.26,304.61,306.83,44812500
2026-08-11,304.91,309.97,302.79,307.75,37476700
2026-08-12,302.25,305.66,300.57,305.10,41657800
2026-08-13,305.26,306.00,302.05,304.21,40349300
2026-08-14,305.93,307.49,304.30,306.00,28229400
2026-08-17,305.59,307.66,302.94,306.21,38169300
2026-08-18,310.03,311.49,305.74,307.58,53424500
2026-08-19,316.83,319.28,309.60,310.14,50428000
