Date,Close,High,Low,Open,Volume
,MSFT,MSFT,MSFT,MSFT,MSFT
1986-03-13,0.06,0.06,0.05,0.05,1031788800
1986-03-14,0.06,0.06,0.06,0.06,308160000
1986-03-17,0.06,0.06,0.06,0.06,133171200
1986-03-18,0.06,0.06,0.06,0.06,67766400
1986-03-19,0.06,0.06,0.06,0.06,47894400
1986-03-20,0.06,0.06,0.06,0.06,58435200
1986-03-21,0.06,0.06,0.06,0.06,59990400
1986-03-24,0.05,0.06,0.05,0.06,65289600
1986-03-25,0.06,0.06,0.05,0.05,32083200
1986-03-26,0.06,0.06,0.06,0.06,22752000
1986-03-27,0.06,0.06,0.06,0.06,16848000
1986-03-31,0.06,0.06,0.06,0.06,12873600
1986-04-01,0.06,0.06,0.06,0.06,11088000
1986-04-02,0.06,0.06,0.06,0.06,27014400
1986-04-03,0.06,0.06,0.06,0.06,23040000
1986-04-04,0.06,0.06,0.06,0.06,26582400
1986-04-07,0.06,0.06,0.06,0.06,16560000
1986-04-08,0.06,0.06,0.06,0.06,10252800
1986-04-09,0.06,0.06,0.06,0.06,12153600
1986-04-10,0.06,0.06,0.06,0.06,13881600
1986-04-11,0.06,0.06,0.06,0.06,17222400
1986-04-14,0.06,0.06,0.06,0.06,12153600
1986-04-15,0.06,0.06,0.06,0.06,9302400
1986-04-16,0.06,0.06,0.06,0.06,31910400
1986-04-17,0.06,0.06,0.06,0.06,22003200
1986-04-18,0.06,0.06,0.06,0.06,21628800
1986-04-21,0.06,0.06,0.06,0.06,22924800
1986-04-22,0.06,0.06,0.06,0.06,15552000
1986-04-23,0.06,0.06,0.06,0.06,15609600
1986-04-24,0.07,0.07,0.06,0.06,62352000
1986-04-25,0.07,0.07,0.07,0.07,85795200
1986-04-28,0.07,0.07,0.07,0.07,28886400
1986-04-29,0.07,0.07,0.07,0.07,30326400
1986-04-30,0.07,0.07,0.07,0.07,30902400
1986-05-01,0.07,0.07,0.07,0.07,54345600
1986-05-02,0.07,0.07,0.07,0.07,20246400
1986-05-05,0.07,0.07,0.07,0.07,3254400
1986-05-06,0.07,0.07,0.07,0.07,9734400
1986-05-07,0.07,0.07,0.07,0.07,5155200
1986-05-08,0.07,0.07,0.07,0.07,3542400
1986-05-09,0.07,0.07,0.07,0.07,6076800
1986-05-12,0.07,0.07,0.07,0.07,10483200
1986-05-13,0.07,0.07,0.07,0.07,3830400
1986-05-14,0.07,0.07,0.07,0.07,9302400
1986-05-15,0.07,0.07,0.07,0.07,3801600
1986-05-16,0.07,0.07,0.07,0.07,11952000
1986-05-19,0.07,0.07,0.07,0.07,11001600
1986-05-20,0.07,0.07,0.07,0.07,61977600
1986-05-21,0.07,0.07,0.07,0.07,8092800
1986-05-22,0.07,0.07,0.07,0.07,4406400
1986-05-23,0.07,0.07,0.07,0.07,4089600
1986-05-27,0.07,0.07,0.07,0.07,13881600
1986-05-28,0.07,0.07,0.07,0.07,15523200
1986-05-29,0.07,0.07,0.07,0.07,45676800
1986-05-30,0.07,0.07,0.07,0.07,27072000
1986-06-02,0.07,0.07,0.07,0.07,19728000
1986-06-03,0.07,0.07,0.07,0.07,5011200
1986-06-04,0.07,0.07,0.07,0.07,4723200
1986-06-05,0.07,0.07,0.07,0.07,13708800
1986-06-06,0.07,0.07,0.07,0.07,3427200
1986-06-09,0.07,0.07,0.07,0.07,12672000
1986-06-10,0.07,0.07,0.07,0.07,3427200
1986-06-11,0.07,0.07,0.07,0.07,2304000
1986-06-12,0.07,0.07,0.07,0.07,13708800
1986-06-13,0.07,0.07,0.07,0.07,7891200
1986-06-16,0.07,0.07,0.07,0.07,9590400
1986-06-17,0.07,0.07,0.07,0.07,13075200
1986-06-18,0.07,0.07,0.07,0.07,4348800
1986-06-19,0.07,0.07,0.07,0.07,8467200
1986-06-20,0.07,0.07,0.07,0.07,3801600
1986-06-23,0.07,0.07,0.06,0.07,46195200
1986-06-24,0.07,0.07,0.07,0.07,14572800
1986-06-25,0.07,0.07,0.07,0.07,15235200
1986-06-26,0.06,0.07,0.06,0.07,19152000
1986-06-27,0.06,0.06,0.06,0.06,10396800
1986-06-30,0.06,0.07,0.06,0.06,62352000
1986-07-01,0.06,0.06,0.06,0.06,47577600
1986-07-02,0.06,0.06,0.06,0.06,52617600
1986-07-03,0.07,0.07,0.07,0.07,14140800
1986-07-07,0.06,0.07,0.06,0.07,14054400
1986-07-08,0.06,0.06,0.06,0.06,14256000
1986-07-09,0.06,0.06,0.06,0.06,46137600
1986-07-10,0.06,0.06,0.05,0.06,46886400
1986-07-11,0.06,0.06,0.06,0.06,17395200
1986-07-14,0.06,0.06,0.06,0.06,28598400
1986-07-15,0.06,0.06,0.06,0.06,13190400
1986-07-16,0.06,0.06,0.06,0.06,9360000
1986-07-17,0.06,0.06,0.06,0.06,6940800
1986-07-18,0.06,0.06,0.06,0.06,12326400
1986-07-21,0.06,0.06,0.06,0.06,3513600
1986-07-22,0.06,0.06,0.06,0.06,10512000
1986-07-23,0.06,0.07,0.06,0.06,20793600
1986-07-24,0.07,0.07,0.06,0.06,14140800
1986-07-25,0.07,0.07,0.07,0.07,20448000
1986-07-28,0.06,0.07,0.06,0.07,11808000
1986-07-29,0.06,0.06,0.06,0.06,14054400
1986-07-30,0.06,0.06,0.06,0.06,26409600
1986-07-31,0.06,0.06,0.06,0.06,15638400
1986-08-01,0.06,0.06,0.06,0.06,12902400
1986-08-04,0.06,0.06,0.06,0.06,12441600
1986-08-05,0.06,0.06,0.06,0.06,2822400
1986-08-06,0.06,0.06,0.06,0.06,18316800
1986-08-07,0.06,0.06,0.06,0.06,3657600
1986-08-08,0.06,0.06,0.06,0.06,4147200
1986-08-11,0.06,0.06,0.06,0.06,7948800
1986-08-12,0.06,0.06,0.06,0.06,9993600
1986-08-13,0.06,0.06,0.06,0.06,6883200
1986-08-14,0.06,0.06,0.06,0.06,20131200
1986-08-15,0.06,0.06,0.06,0.06,6105600
1986-08-18,0.06,0.06,0.06,0.06,12787200
1986-08-19,0.06,0.06,0.06,0.06,20390400
1986-08-20,0.06,0.06,0.06,0.06,20764800
1986-08-21,0.06,0.06,0.06,0.06,49536000
1986-08-22,0.06,0.06,0.06,0.06,5760000
1986-08-25,0.06,0.06,0.06,0.06,2419200
1986-08-26,0.06,0.06,0.06,0.06,10857600
1986-08-27,0.06,0.06,0.06,0.06,9532800
1986-08-28,0.06,0.06,0.06,0.06,3427200
1986-08-29,0.06,0.06,0.06,0.06,25430400
1986-09-02,0.06,0.06,0.06,0.06,5212800
1986-09-03,0.06,0.06,0.06,0.06,18316800
1986-09-04,0.06,0.06,0.06,0.06,39427200
1986-09-05,0.06,0.06,0.06,0.06,26352000
1986-09-08,0.06,0.06,0.06,0.06,9619200
1986-09-09,0.06,0.07,0.06,0.06,37526400
1986-09-10,0.06,0.07,0.06,0.06,10886400
1986-09-11,0.06,0.06,0.06,0.06,35654400
1986-09-12,0.06,0.06,0.06,0.06,24451200
1986-09-15,0.06,0.06,0.06,0.06,22492800
1986-09-16,0.06,0.06,0.06,0.06,5184000
1986-09-17,0.06,0.06,0.06,0.06,8035200
1986-09-18,0.06,0.06,0.06,0.06,5356800
1986-09-19,0.06,0.06,0.06,0.06,2505600
1986-09-22,0.06,0.06,0.06,0.06,4492800
1986-09-23,0.06,0.06,0.06,0.06,5961600
1986-09-24,0.06,0.06,0.06,0.06,4780800
1986-09-25,0.06,0.06,0.06,0.06,5155200
1986-09-26,0.06,0.06,0.06,0.06,2332800
1986-09-29,0.06,0.06,0.06,0.06,6192000
1986-09-30,0.06,0.06,0.06,0.06,5184000
1986-10-01,0.06,0.06,0.06,0.06,32428800
1986-10-02,0.06,0.06,0.06,0.06,22723200
1986-10-03,0.06,0.06,0.06,0.06,14716800
1986-10-06,0.06,0.07,0.06,0.06,85334400
1986-10-07,0.07,0.07,0.06,0.06,59788800
1986-10-08,0.07,0.07,0.06,0.07,119606400
1986-10-09,0.07,0.07,0.07,0.07,92563200
1986-10-10,0.07,0.07,0.07,0.07,76752000
1986-10-13,0.07,0.07,0.07,0.07,27129600
1986-10-14,0.07,0.07,0.07,0.07,12873600
1986-10-15,0.07,0.07,0.07,0.07,63532800
1986-10-16,0.07,0.07,0.07,0.07,21859200
1986-10-17,0.08,0.08,0.07,0.07,124444800
1986-10-20,0.08,0.08,0.07,0.08,43545600
1986-10-21,0.08,0.08,0.08,0.08,112377600
1986-10-22,0.08,0.08,0.08,0.08,54576000
1986-10-23,0.08,0.08,0.08,0.08,70444800
1986-10-24,0.08,0.08,0.08,0.08,101376000
1986-10-27,0.08,0.08,0.08,0.08,125654400
1986-10-28,0.08,0.08,0.08,0.08,142646400
1986-10-29,0.08,0.08,0.08,0.08,53222400
1986-10-30,0.08,0.08,0.08,0.08,44380800
1986-10-31,0.08,0.08,0.08,0.08,63734400
1986-11-03,0.08,0.08,0.08,0.08,42192000
1986-11-04,0.09,0.09,0.08,0.08,54403200
1986-11-05,0.09,0.09,0.09,0.09,45100800
1986-11-06,0.09,0.10,0.09,0.09,72576000
1986-11-07,0.09,0.09,0.09,0.09,44323200
1986-11-10,0.09,0.09,0.09,0.09,28684800
1986-11-11,0.09,0.09,0.09,0.09,11894400
1986-11-12,0.09,0.09,0.09,0.09,34156800
1986-11-13,0.09,0.09,0.09,0.09,30211200
1986-11-14,0.09,0.09,0.09,0.09,18720000
1986-11-17,0.09,0.09,0.09,0.09,24307200
1986-11-18,0.09,0.09,0.09,0.09,59673600
1986-11-19,0.09,0.09,0.09,0.09,48729600
1986-11-20,0.10,0.10,0.09,0.09,98179200
1986-11-21,0.10,0.10,0.10,0.10,91065600
1986-11-24,0.11,0.11,0.10,0.10,173836800
1986-11-25,0.11,0.11,0.11,0.11,95788800
1986-11-26,0.11,0.11,0.11,0.11,38793600
1986-11-28,0.10,0.11,0.10,0.11,41328000
1986-12-01,0.10,0.11,0.10,0.10,40291200
1986-12-02,0.10,0.11,0.10,0.10,28771200
1986-12-03,0.10,0.10,0.10,0.10,35164800
1986-12-04,0.10,0.10,0.10,0.10,42508800
1986-12-05,0.10,0.10,0.10,0.10,107510400
1986-12-08,0.10,0.10,0.10,0.10,22665600
1986-12-09,0.10,0.10,0.10,0.10,16099200
1986-12-10,0.10,0.10,0.10,0.10,27590400
1986-12-11,0.10,0.10,0.10,0.10,11635200
1986-12-12,0.10,0.10,0.10,0.10,25286400
1986-12-15,0.10,0.10,0.10,0.10,50774400
1986-12-16,0.10,0.10,0.10,0.10,77299200
1986-12-17,0.10,0.10,0.10,0.10,23356800
1986-12-18,0.10,0.10,0.10,0.10,12672000
1986-12-19,0.10,0.10,0.10,0.10,56592000
1986-12-22,0.10,0.10,0.10,0.10,18316800
1986-12-23,0.10,0.10,0.10,0.10,23788800
1986-12-24,0.10,0.10,0.10,0.10,7027200
1986-12-26,0.10,0.10,0.10,0.10,3715200
1986-12-29,0.10,0.10,0.10,0.10,41702400
1986-12-30,0.10,0.10,0.10,0.10,25401600
1986-12-31,0.10,0.10,0.10,0.10,23356800
1987-01-02,0.10,0.10,0.10,0.10,12643200
1987-01-05,0.11,0.11,0.10,0.10,48499200
1987-01-06,0.11,0.11,0.11,0.11,40032000
1987-01-07,0.11,0.11,0.11,0.11,60998400
1987-01-08,0.12,0.12,0.11,0.11,61488000
1987-01-09,0.12,0.12,0.12,0.12,63705600
1987-01-12,0.13,0.13,0.12,0.12,128793600
1987-01-13,0.13,0.13,0.12,0.13,76320000
1987-01-14,0.13,0.13,0.12,0.13,69465600
1987-01-15,0.13,0.14,0.13,0.13,117014400
1987-01-16,0.13,0.13,0.13,0.13,65433600
1987-01-19,0.13,0.13,0.13,0.13,88243200
1987-01-20,0.14,0.14,0.13,0.13,95760000
1987-01-21,0.14,0.15,0.13,0.14,108489600
1987-01-22,0.16,0.16,0.14,0.14,116035200
1987-01-23,0.14,0.16,0.14,0.16,317894400
1987-01-26,0.14,0.15,0.14,0.14,116553600
1987-01-27,0.15,0.15,0.14,0.14,114105600
1987-01-28,0.15,0.15,0.15,0.15,76723200
1987-01-29,0.14,0.15,0.14,0.15,79228800
1987-01-30,0.15,0.15,0.14,0.14,104169600
1987-02-02,0.15,0.16,0.15,0.15,46915200
1987-02-03,0.15,0.16,0.15,0.15,59328000
1987-02-04,0.15,0.15,0.15,0.15,31737600
1987-02-05,0.15,0.15,0.15,0.15,42652800
1987-02-06,0.15,0.15,0.14,0.15,45619200
1987-02-09,0.14,0.14,0.14,0.14,136080000
1987-02-10,0.14,0.14,0.14,0.14,44668800
1987-02-11,0.15,0.15,0.14,0.14,60307200
1987-02-12,0.16,0.16,0.15,0.15,185731200
1987-02-13,0.16,0.16,0.16,0.16,81763200
1987-02-17,0.16,0.16,0.16,0.16,70732800
1987-02-18,0.15,0.16,0.15,0.16,128592000
1987-02-19,0.14,0.15,0.14,0.15,317750400
1987-02-20,0.14,0.14,0.14,0.14,87897600
1987-02-23,0.15,0.15,0.14,0.14,125913600
1987-02-24,0.16,0.16,0.15,0.15,120816000
1987-02-25,0.16,0.16,0.16,0.16,65001600
1987-02-26,0.16,0.17,0.15,0.16,145209600
1987-02-27,0.16,0.16,0.16,0.16,37555200
1987-03-02,0.16,0.16,0.16,0.16,79516800
1987-03-03,0.16,0.16,0.15,0.16,81100800
1987-03-04,0.17,0.17,0.16,0.16,98179200
1987-03-05,0.18,0.18,0.17,0.17,128188800
1987-03-06,0.18,0.18,0.17,0.18,63561600
1987-03-09,0.17,0.18,0.17,0.18,38275200
1987-03-10,0.18,0.18,0.17,0.17,74102400
1987-03-11,0.18,0.18,0.18,0.18,43862400
1987-03-12,0.18,0.18,0.18,0.18,71337600
1987-03-13,0.17,0.18,0.17,0.18,105120000
1987-03-16,0.17,0.17,0.17,0.17,88473600
1987-03-17,0.18,0.18,0.17,0.17,54547200
1987-03-18,0.19,0.19,0.18,0.18,119347200
1987-03-19,0.19,0.19,0.19,0.19,62812800
1987-03-20,0.19,0.19,0.19,0.19,38246400
1987-03-23,0.19,0.19,0.19,0.19,67478400
1987-03-24,0.19,0.19,0.18,0.18,69609600
1987-03-25,0.19,0.19,0.19,0.19,33840000
1987-03-26,0.19,0.19,0.19,0.19,33379200
1987-03-27,0.19,0.20,0.19,0.19,120873600
1987-03-30,0.20,0.20,0.19,0.19,186134400
1987-03-31,0.20,0.21,0.20,0.20,125337600
1987-04-01,0.19,0.21,0.19,0.20,259430400
1987-04-02,0.20,0.20,0.19,0.19,159955200
1987-04-03,0.21,0.21,0.20,0.20,155606400
1987-04-06,0.21,0.21,0.21,0.21,98956800
1987-04-07,0.20,0.21,0.20,0.21,73728000
1987-04-08,0.20,0.21,0.20,0.20,106214400
1987-04-09,0.20,0.20,0.20,0.20,71568000
1987-04-10,0.20,0.20,0.20,0.20,43372800
1987-04-13,0.19,0.20,0.19,0.20,50256000
1987-04-14,0.20,0.20,0.19,0.19,87379200
1987-04-15,0.20,0.20,0.20,0.20,95961600
1987-04-16,0.21,0.21,0.20,0.20,188092800
1987-04-20,0.20,0.21,0.20,0.21,100310400
1987-04-21,0.20,0.21,0.20,0.20,113184000
1987-04-22,0.21,0.21,0.20,0.20,74678400
1987-04-23,0.21,0.21,0.20,0.21,48326400
1987-04-24,0.21,0.21,0.20,0.21,54172800
1987-04-27,0.21,0.21,0.20,0.21,53107200
1987-04-28,0.22,0.22,0.21,0.21,111081600
1987-04-29,0.22,0.23,0.22,0.22,85161600
1987-04-30,0.22,0.22,0.21,0.22,88041600
1987-05-01,0.22,0.22,0.22,0.22,37843200
1987-05-04,0.23,0.23,0.22,0.22,34531200
1987-05-05,0.24,0.24,0.23,0.23,110995200
1987-05-06,0.24,0.25,0.24,0.24,153504000
1987-05-07,0.25,0.25,0.24,0.24,289699200
1987-05-08,0.27,0.27,0.25,0.25,150048000
1987-05-11,0.26,0.27,0.26,0.27,127382400
1987-05-12,0.25,0.26,0.25,0.26,148464000
1987-05-13,0.26,0.26,0.25,0.25,73382400
1987-05-14,0.26,0.26,0.26,0.26,59961600
1987-05-15,0.25,0.26,0.25,0.26,84326400
1987-05-18,0.24,0.25,0.24,0.25,172598400
1987-05-19,0.23,0.24,0.23,0.24,78336000
1987-05-20,0.23,0.23,0.23,0.23,228355200
1987-05-21,0.24,0.24,0.23,0.23,93312000
1987-05-22,0.23,0.24,0.23,0.24,64627200
1987-05-26,0.23,0.23,0.23,0.23,46886400
1987-05-27,0.23,0.24,0.23,0.23,48758400
1987-05-28,0.25,0.25,0.23,0.23,108662400
1987-05-29,0.24,0.25,0.24,0.25,80380800
1987-06-01,0.24,0.24,0.24,0.24,30326400
1987-06-02,0.24,0.24,0.23,0.24,51552000
1987-06-03,0.24,0.24,0.24,0.24,21628800
1987-06-04,0.24,0.24,0.24,0.24,20390400
1987-06-05,0.23,0.24,0.23,0.24,59270400
1987-06-08,0.23,0.23,0.23,0.23,111571200
1987-06-09,0.23,0.23,0.23,0.23,25833600
1987-06-10,0.22,0.23,0.21,0.23,176256000
1987-06-11,0.21,0.22,0.20,0.22,268704000
1987-06-12,0.21,0.21,0.20,0.21,196156800
1987-06-15,0.21,0.21,0.20,0.21,125222400
1987-06-16,0.21,0.21,0.21,0.21,73526400
1987-06-17,0.22,0.22,0.21,0.21,71078400
1987-06-18,0.22,0.22,0.21,0.22,56188800
1987-06-19,0.22,0.22,0.22,0.22,40809600
1987-06-22,0.22,0.22,0.22,0.22,87436800
1987-06-23,0.22,0.22,0.21,0.22,100771200
1987-06-24,0.22,0.22,0.22,0.22,82684800
1987-06-25,0.22,0.22,0.22,0.22,44035200
1987-06-26,0.22,0.22,0.22,0.22,21945600
1987-06-29,0.22,0.22,0.22,0.22,25632000
1987-06-30,0.21,0.22,0.21,0.22,38332800
1987-07-01,0.22,0.22,0.21,0.21,21945600
1987-07-02,0.21,0.22,0.21,0.22,56880000
1987-07-06,0.21,0.21,0.20,0.21,65491200
1987-07-07,0.19,0.20,0.19,0.20,197078400
1987-07-08,0.20,0.20,0.19,0.19,193449600
1987-07-09,0.20,0.21,0.20,0.20,92707200
1987-07-10,0.20,0.21,0.20,0.20,75830400
1987-07-13,0.21,0.21,0.20,0.20,48326400
1987-07-14,0.22,0.22,0.21,0.21,152812800
1987-07-15,0.22,0.22,0.22,0.22,96768000
1987-07-16,0.21,0.22,0.21,0.22,72979200
1987-07-17,0.22,0.22,0.21,0.21,51264000
1987-07-20,0.21,0.21,0.21,0.21,42019200
1987-07-21,0.21,0.21,0.21,0.21,36547200
1987-07-22,0.21,0.21,0.21,0.21,53366400
1987-07-23,0.21,0.21,0.20,0.21,148492800
1987-07-24,0.21,0.21,0.21,0.21,57744000
1987-07-27,0.21,0.21,0.20,0.21,41817600
1987-07-28,0.21,0.21,0.21,0.21,38160000
1987-07-29,0.21,0.21,0.21,0.21,27676800
1987-07-30,0.20,0.21,0.20,0.21,55555200
1987-07-31,0.20,0.20,0.19,0.20,186624000
1987-08-03,0.19,0.20,0.19,0.20,116352000
1987-08-04,0.20,0.20,0.19,0.19,135072000
1987-08-05,0.20,0.21,0.20,0.20,211190400
1987-08-06,0.21,0.21,0.21,0.21,152553600
1987-08-07,0.22,0.22,0.21,0.21,171014400
1987-08-10,0.22,0.22,0.22,0.22,56448000
1987-08-11,0.21,0.22,0.21,0.22,68544000
1987-08-12,0.21,0.21,0.21,0.21,42364800
1987-08-13,0.22,0.22,0.21,0.21,80640000
1987-08-14,0.22,0.22,0.22,0.22,50832000
1987-08-17,0.22,0.22,0.22,0.22,33667200
1987-08-18,0.22,0.22,0.21,0.22,46944000
1987-08-19,0.22,0.22,0.21,0.22,48902400
1987-08-20,0.22,0.22,0.22,0.22,82051200
1987-08-21,0.23,0.23,0.22,0.22,68976000
1987-08-24,0.24,0.24,0.22,0.23,97747200
1987-08-25,0.24,0.25,0.24,0.24,185961600
1987-08-26,0.24,0.25,0.24,0.24,114105600
1987-08-27,0.24,0.25,0.24,0.24,72432000
1987-08-28,0.25,0.26,0.24,0.24,114796800
1987-08-31,0.25,0.25,0.25,0.25,84326400
1987-09-01,0.24,0.25,0.24,0.25,93859200
1987-09-02,0.24,0.24,0.24,0.24,78393600
1987-09-03,0.24,0.25,0.24,0.25,70934400
1987-09-04,0.24,0.24,0.24,0.24,48355200
1987-09-08,0.24,0.24,0.23,0.24,96336000
1987-09-09,0.24,0.24,0.24,0.24,60710400
1987-09-10,0.24,0.24,0.24,0.24,58176000
1987-09-11,0.25,0.25,0.24,0.24,41040000
1987-09-14,0.25,0.25,0.25,0.25,94464000
1987-09-15,0.25,0.25,0.25,0.25,39052800
1987-09-16,0.25,0.25,0.25,0.25,57715200
1987-09-17,0.24,0.25,0.24,0.25,69436800
1987-09-18,0.24,0.24,0.24,0.24,31651200
1987-09-21,0.23,0.24,0.22,0.23,85550400
1987-09-22,0.24,0.24,0.22,0.23,82008000
1987-09-23,0.25,0.25,0.24,0.24,107697600
1987-09-24,0.26,0.27,0.25,0.25,118440000
1987-09-25,0.26,0.27,0.26,0.26,82454400
1987-09-28,0.27,0.28,0.26,0.26,95544000
1987-09-29,0.27,0.28,0.27,0.27,57412800
1987-09-30,0.28,0.28,0.27,0.27,85680000
1987-10-01,0.29,0.29,0.28,0.28,127224000
1987-10-02,0.31,0.31,0.29,0.29,131644800
1987-10-05,0.33,0.33,0.31,0.31,184320000
1987-10-06,0.31,0.33,0.31,0.33,203040000
1987-10-07,0.31,0.32,0.30,0.31,125640000
1987-10-08,0.30,0.31,0.29,0.31,96940800
1987-10-09,0.30,0.32,0.30,0.30,93888000
1987-10-12,0.30,0.31,0.29,0.30,117187200
1987-10-13,0.31,0.31,0.30,0.30,96811200
1987-10-14,0.30,0.32,0.30,0.31,114220800
1987-10-15,0.30,0.31,0.30,0.30,128822400
1987-10-16,0.27,0.31,0.27,0.30,210240000
1987-10-19,0.19,0.27,0.19,0.26,146880000
1987-10-20,0.20,0.22,0.18,0.19,324000000
1987-10-21,0.24,0.26,0.21,0.22,262080000
1987-10-22,0.22,0.24,0.21,0.24,223200000
1987-10-23,0.20,0.22,0.20,0.22,112766400
1987-10-26,0.17,0.20,0.16,0.20,148320000
1987-10-27,0.17,0.18,0.17,0.17,234720000
1987-10-28,0.17,0.18,0.16,0.17,149760000
1987-10-29,0.20,0.21,0.17,0.17,167040000
1987-10-30,0.21,0.22,0.20,0.21,168480000
1987-11-02,0.21,0.21,0.20,0.21,84772800
1987-11-03,0.20,0.21,0.18,0.21,116150400
1987-11-04,0.21,0.21,0.19,0.20,95342400
1987-11-05,0.21,0.22,0.21,0.21,81432000
1987-11-06,0.20,0.21,0.20,0.21,75355200
1987-11-09,0.20,0.20,0.19,0.20,86587200
1987-11-10,0.20,0.20,0.19,0.20,91166400
1987-11-11,0.21,0.21,0.20,0.20,54619200
1987-11-12,0.21,0.22,0.21,0.21,99172800
1987-11-13,0.20,0.21,0.20,0.21,58492800
1987-11-16,0.20,0.21,0.20,0.21,59472000
1987-11-17,0.20,0.20,0.19,0.20,69321600
1987-11-18,0.20,0.20,0.19,0.20,89308800
1987-11-19,0.19,0.20,0.19,0.20,75024000
1987-11-20,0.20,0.20,0.19,0.19,82468800
1987-11-23,0.20,0.21,0.20,0.20,44640000
1987-11-24,0.20,0.21,0.19,0.20,72230400
1987-11-25,0.19,0.20,0.19,0.20,32155200
1987-11-27,0.19,0.19,0.19,0.19,18316800
1987-11-30,0.19,0.19,0.17,0.19,164160000
1987-12-01,0.18,0.19,0.18,0.19,73540800
1987-12-02,0.19,0.19,0.18,0.18,68515200
1987-12-03,0.17,0.19,0.17,0.19,127670400
1987-12-04,0.18,0.18,0.17,0.17,121752000
1987-12-07,0.18,0.18,0.18,0.18,66211200
1987-12-08,0.20,0.20,0.18,0.18,112521600
1987-12-09,0.19,0.20,0.19,0.20,83793600
1987-12-10,0.20,0.21,0.19,0.19,165600000
1987-12-11,0.20,0.20,0.20,0.20,72475200
1987-12-14,0.21,0.21,0.20,0.20,95112000
1987-12-15,0.22,0.22,0.21,0.22,112219200
1987-12-16,0.23,0.23,0.21,0.21,105537600
1987-12-17,0.22,0.23,0.22,0.23,94017600
1987-12-18,0.22,0.23,0.22,0.22,52488000
1987-12-21,0.22,0.23,0.21,0.22,51163200
1987-12-22,0.22,0.22,0.21,0.22,41774400
1987-12-23,0.22,0.23,0.22,0.22,60710400
1987-12-24,0.22,0.23,0.22,0.22,12672000
1987-12-28,0.22,0.22,0.21,0.22,50716800
1987-12-29,0.23,0.23,0.21,0.22,79459200
1987-12-30,0.24,0.24,0.23,0.23,70704000
1987-12-31,0.23,0.24,0.23,0.23,61545600
1988-01-04,0.24,0.24,0.23,0.23,110347200
1988-01-05,0.24,0.24,0.24,0.24,155520000
1988-01-06,0.25,0.25,0.24,0.24,121680000
1988-01-07,0.26,0.26,0.24,0.24,90676800
1988-01-08,0.24,0.26,0.23,0.25,145440000
1988-01-11,0.24,0.24,0.23,0.24,143568000
1988-01-12,0.24,0.25,0.23,0.24,168480000
1988-01-13,0.24,0.25,0.23,0.24,96148800
1988-01-14,0.24,0.24,0.24,0.24,40608000
1988-01-15,0.24,0.25,0.24,0.25,92174400
1988-01-18,0.24,0.24,0.24,0.24,30038400
1988-01-19,0.24,0.25,0.24,0.24,47419200
1988-01-20,0.23,0.24,0.22,0.24,208800000
1988-01-21,0.23,0.24,0.23,0.23,125107200
1988-01-22,0.23,0.24,0.22,0.23,75297600
1988-01-25,0.24,0.24,0.23,0.23,75499200
1988-01-26,0.23,0.24,0.23,0.23,43560000
1988-01-27,0.24,0.24,0.23,0.23,100411200
1988-01-28,0.24,0.24,0.24,0.24,29318400
1988-01-29,0.24,0.24,0.23,0.24,66700800
1988-02-01,0.23,0.24,0.23,0.24,48729600
1988-02-02,0.24,0.24,0.23,0.23,60753600
1988-02-03,0.22,0.24,0.22,0.24,75801600
1988-02-04,0.21,0.22,0.21,0.22,114710400
1988-02-05,0.22,0.23,0.22,0.22,94104000
1988-02-08,0.22,0.22,0.21,0.21,72878400
1988-02-09,0.22,0.22,0.22,0.22,49939200
1988-02-10,0.23,0.23,0.22,0.22,77025600
1988-02-11,0.23,0.23,0.23,0.23,69436800
1988-02-12,0.23,0.24,0.23,0.23,80222400
1988-02-16,0.24,0.24,0.23,0.23,67334400
1988-02-17,0.24,0.25,0.24,0.24,101318400
1988-02-18,0.24,0.25,0.24,0.24,84153600
1988-02-19,0.25,0.25,0.24,0.25,53164800
1988-02-22,0.25,0.25,0.24,0.25,52228800
1988-02-23,0.25,0.25,0.25,0.25,91728000
1988-02-24,0.25,0.26,0.25,0.25,79560000
1988-02-25,0.25,0.26,0.24,0.25,61560000
1988-02-26,0.25,0.25,0.24,0.25,29923200
1988-02-29,0.25,0.25,0.24,0.25,39326400
1988-03-01,0.25,0.25,0.25,0.25,43300800
1988-03-02,0.25,0.26,0.25,0.25,67896000
1988-03-03,0.26,0.26,0.25,0.25,83664000
1988-03-04,0.26,0.26,0.25,0.26,68356800
1988-03-07,0.26,0.26,0.26,0.26,78004800
1988-03-08,0.27,0.27,0.26,0.27,96897600
1988-03-09,0.27,0.27,0.27,0.27,81734400
1988-03-10,0.26,0.27,0.26,0.27,97948800
1988-03-11,0.26,0.27,0.26,0.26,84297600
1988-03-14,0.27,0.27,0.26,0.26,46281600
1988-03-15,0.26,0.27,0.26,0.27,43761600
1988-03-16,0.27,0.27,0.26,0.26,54547200
1988-03-17,0.27,0.28,0.27,0.27,125308800
1988-03-18,0.25,0.27,0.25,0.27,169920000
1988-03-21,0.25,0.25,0.24,0.25,198720000
1988-03-22,0.25,0.26,0.25,0.25,115833600
1988-03-23,0.25,0.26,0.25,0.26,151200000
1988-03-24,0.24,0.25,0.24,0.25,159840000
1988-03-25,0.24,0.24,0.24,0.24,47332800
1988-03-28,0.24,0.24,0.23,0.23,67147200
1988-03-29,0.24,0.25,0.24,0.24,80712000
1988-03-30,0.23,0.24,0.23,0.24,100713600
1988-03-31,0.24,0.24,0.23,0.23,50256000
1988-04-04,0.23,0.24,0.23,0.24,47721600
1988-04-05,0.24,0.24,0.23,0.23,41760000
1988-04-06,0.25,0.25,0.24,0.24,75297600
1988-04-07,0.24,0.25,0.24,0.25,74923200
1988-04-08,0.24,0.25,0.24,0.24,57974400
1988-04-11,0.24,0.25,0.24,0.25,40406400
1988-04-12,0.24,0.24,0.23,0.24,52444800
1988-04-13,0.24,0.24,0.23,0.24,42206400
1988-04-14,0.22,0.24,0.22,0.23,110030400
1988-04-15,0.23,0.23,0.22,0.22,114220800
1988-04-18,0.23,0.23,0.23,0.23,48052800
1988-04-19,0.23,0.24,0.23,0.23,75772800
1988-04-20,0.23,0.23,0.23,0.23,65404800
1988-04-21,0.23,0.23,0.23,0.23,63979200
1988-04-22,0.23,0.24,0.23,0.23,33926400
1988-04-25,0.23,0.24,0.23,0.23,23385600
1988-04-26,0.24,0.24,0.23,0.24,46454400
1988-04-27,0.23,0.24,0.23,0.24,47894400
1988-04-28,0.23,0.24,0.23,0.23,28468800
1988-04-29,0.23,0.23,0.23,0.23,64771200
1988-05-02,0.23,0.23,0.23,0.23,49262400
1988-05-03,0.24,0.24,0.23,0.23,62740800
1988-05-04,0.24,0.24,0.24,0.24,75153600
1988-05-05,0.24,0.24,0.24,0.24,24883200
1988-05-06,0.24,0.24,0.24,0.24,43977600
1988-05-09,0.24,0.25,0.24,0.24,34790400
1988-05-10,0.24,0.24,0.24,0.24,46828800
1988-05-11,0.24,0.24,0.23,0.24,59486400
1988-05-12,0.24,0.24,0.23,0.24,26409600
1988-05-13,0.24,0.24,0.24,0.24,17913600
1988-05-16,0.25,0.25,0.24,0.24,59788800
1988-05-17,0.24,0.25,0.24,0.25,70430400
1988-05-18,0.24,0.25,0.24,0.24,81374400
1988-05-19,0.24,0.24,0.24,0.24,57729600
1988-05-20,0.24,0.24,0.24,0.24,42523200
1988-05-23,0.23,0.24,0.23,0.24,50227200
1988-05-24,0.24,0.24,0.23,0.23,55324800
1988-05-25,0.24,0.24,0.23,0.24,53582400
1988-05-26,0.24,0.24,0.24,0.24,43387200
1988-05-27,0.23,0.24,0.23,0.24,33148800
1988-05-31,0.24,0.25,0.23,0.23,44049600
1988-06-01,0.25,0.25,0.24,0.25,95788800
1988-06-02,0.25,0.25,0.25,0.25,63230400
1988-06-03,0.25,0.25,0.25,0.25,34833600
1988-06-06,0.26,0.26,0.25,0.25,81748800
1988-06-07,0.26,0.26,0.25,0.26,82166400
1988-06-08,0.26,0.26,0.26,0.26,66283200
1988-06-09,0.26,0.27,0.26,0.26,69264000
1988-06-10,0.26,0.26,0.26,0.26,45014400
1988-06-13,0.26,0.27,0.26,0.26,31118400
1988-06-14,0.27,0.27,0.26,0.27,60379200
1988-06-15,0.27,0.27,0.26,0.26,51033600
1988-06-16,0.27,0.27,0.27,0.27,73713600
1988-06-17,0.27,0.27,0.26,0.27,42105600
1988-06-20,0.26,0.27,0.26,0.26,28137600
1988-06-21,0.27,0.27,0.26,0.26,39715200
1988-06-22,0.28,0.28,0.27,0.27,127324800
1988-06-23,0.28,0.28,0.28,0.28,41054400
1988-06-24,0.28,0.28,0.27,0.28,28555200
1988-06-27,0.27,0.28,0.27,0.28,23630400
1988-06-28,0.28,0.28,0.27,0.27,32140800
1988-06-29,0.28,0.28,0.28,0.28,49809600
1988-06-30,0.28,0.28,0.28,0.28,31550400
1988-07-01,0.29,0.29,0.28,0.28,42940800
1988-07-05,0.29,0.29,0.28,0.28,48096000
1988-07-06,0.29,0.30,0.29,0.29,89380800
1988-07-07,0.29,0.29,0.29,0.29,68428800
1988-07-08,0.29,0.29,0.29,0.29,40089600
1988-07-11,0.28,0.29,0.28,0.29,65764800
1988-07-12,0.28,0.28,0.27,0.28,90000000
1988-07-13,0.28,0.28,0.27,0.28,57427200
1988-07-14,0.28,0.28,0.28,0.28,34848000
1988-07-15,0.28,0.28,0.28,0.28,31579200
1988-07-18,0.28,0.29,0.28,0.28,20102400
1988-07-19,0.28,0.28,0.28,0.28,36460800
1988-07-20,0.27,0.28,0.27,0.28,111096000
1988-07-21,0.26,0.27,0.26,0.27,128937600
1988-07-22,0.26,0.26,0.26,0.26,68817600
1988-07-25,0.26,0.26,0.25,0.26,52704000
1988-07-26,0.24,0.25,0.24,0.24,228960000
1988-07-27,0.24,0.25,0.24,0.25,68140800
1988-07-28,0.25,0.25,0.24,0.24,57945600
1988-07-29,0.25,0.25,0.25,0.25,59385600
1988-08-01,0.25,0.25,0.25,0.25,51825600
1988-08-02,0.24,0.25,0.24,0.25,65476800
1988-08-03,0.24,0.24,0.23,0.24,91987200
1988-08-04,0.23,0.24,0.23,0.24,53496000
1988-08-05,0.23,0.23,0.22,0.23,201600000
1988-08-08,0.22,0.23,0.22,0.23,148320000
1988-08-09,0.22,0.22,0.21,0.22,138830400
1988-08-10,0.21,0.22,0.21,0.22,113169600
1988-08-11,0.22,0.22,0.21,0.21,123105600
1988-08-12,0.22,0.22,0.22,0.22,58262400
1988-08-15,0.21,0.22,0.21,0.22,41083200
1988-08-16,0.22,0.22,0.21,0.21,90878400
1988-08-17,0.22,0.23,0.22,0.22,59112000
1988-08-18,0.22,0.22,0.22,0.22,32025600
1988-08-19,0.21,0.22,0.21,0.22,67377600
1988-08-22,0.20,0.21,0.20,0.21,110174400
1988-08-23,0.21,0.21,0.20,0.20,88315200
1988-08-24,0.22,0.22,0.21,0.21,102585600
1988-08-25,0.21,0.22,0.21,0.21,72633600
1988-08-26,0.22,0.22,0.21,0.21,24451200
1988-08-29,0.22,0.22,0.22,0.22,35035200
1988-08-30,0.22,0.22,0.21,0.22,20966400
1988-08-31,0.21,0.22,0.21,0.22,71884800
1988-09-01,0.21,0.21,0.20,0.21,82382400
1988-09-02,0.22,0.22,0.21,0.21,115329600
1988-09-06,0.22,0.22,0.22,0.22,67752000
1988-09-07,0.22,0.22,0.21,0.22,72115200
1988-09-08,0.22,0.22,0.22,0.22,69206400
1988-09-09,0.23,0.23,0.22,0.22,111124800
1988-09-12,0.23,0.23,0.23,0.23,43257600
1988-09-13,0.23,0.23,0.22,0.22,40608000
1988-09-14,0.23,0.23,0.23,0.23,79214400
1988-09-15,0.22,0.23,0.22,0.23,72921600
1988-09-16,0.22,0.22,0.22,0.22,48700800
1988-09-19,0.22,0.22,0.21,0.22,44697600
1988-09-20,0.22,0.22,0.22,0.22,53625600
1988-09-21,0.23,0.23,0.23,0.23,16056000
1988-09-22,0.23,0.23,0.23,0.23,59688000
1988-09-23,0.23,0.23,0.23,0.23,35092800
1988-09-26,0.22,0.23,0.22,0.23,50212800
1988-09-27,0.22,0.22,0.22,0.22,35366400
1988-09-28,0.22,0.22,0.22,0.22,25516800
1988-09-29,0.22,0.23,0.22,0.22,56462400
1988-09-30,0.22,0.22,0.22,0.22,37252800
1988-10-03,0.22,0.22,0.21,0.22,41097600
1988-10-04,0.22,0.22,0.21,0.22,29260800
1988-10-05,0.21,0.22,0.21,0.22,67089600
1988-10-06,0.21,0.21,0.21,0.21,33609600
1988-10-07,0.21,0.21,0.20,0.21,208065600
1988-10-10,0.21,0.21,0.20,0.21,106358400
1988-10-11,0.21,0.21,0.21,0.21,65952000
1988-10-12,0.21,0.22,0.21,0.21,137534400
1988-10-13,0.22,0.22,0.21,0.21,82468800
1988-10-14,0.22,0.22,0.21,0.22,56764800
1988-10-17,0.22,0.22,0.22,0.22,25675200
1988-10-18,0.22,0.22,0.22,0.22,37224000
1988-10-19,0.22,0.23,0.22,0.23,80683200
1988-10-20,0.23,0.23,0.22,0.22,73296000
1988-10-21,0.22,0.23,0.22,0.22,24264000
1988-10-24,0.22,0.22,0.22,0.22,28627200
1988-10-25,0.21,0.22,0.21,0.22,74548800
1988-10-26,0.21,0.21,0.20,0.21,157420800
1988-10-27,0.21,0.21,0.20,0.21,114336000
1988-10-28,0.21,0.21,0.20,0.21,46540800
1988-10-31,0.21,0.21,0.20,0.21,41284800
1988-11-01,0.21,0.21,0.21,0.21,53280000
1988-11-02,0.20,0.21,0.20,0.21,221803200
1988-11-03,0.20,0.20,0.19,0.20,118339200
1988-11-04,0.20,0.20,0.20,0.20,106603200
1988-11-07,0.20,0.20,0.19,0.20,55065600
1988-11-08,0.20,0.21,0.20,0.20,56606400
1988-11-09,0.21,0.21,0.20,0.20,124732800
1988-11-10,0.21,0.21,0.21,0.21,78796800
1988-11-11,0.20,0.21,0.20,0.20,54936000
1988-11-14,0.20,0.21,0.20,0.20,34329600
1988-11-15,0.20,0.20,0.20,0.20,93902400
1988-11-16,0.19,0.20,0.19,0.20,199008000
1988-11-17,0.19,0.20,0.19,0.19,65865600
1988-11-18,0.20,0.20,0.19,0.19,34430400
1988-11-21,0.19,0.19,0.19,0.19,47102400
1988-11-22,0.19,0.20,0.19,0.19,30312000
1988-11-23,0.20,0.20,0.19,0.19,56548800
1988-11-25,0.20,0.20,0.19,0.19,11462400
1988-11-28,0.20,0.20,0.19,0.19,58737600
1988-11-29,0.20,0.20,0.20,0.20,21873600
1988-11-30,0.20,0.20,0.20,0.20,35193600
1988-12-01,0.21,0.21,0.20,0.20,82008000
1988-12-02,0.21,0.21,0.20,0.20,91497600
1988-12-05,0.21,0.21,0.21,0.21,70142400
1988-12-06,0.21,0.21,0.21,0.21,44366400
1988-12-07,0.21,0.21,0.21,0.21,30888000
1988-12-08,0.21,0.21,0.21,0.21,40176000
1988-12-09,0.21,0.21,0.20,0.21,22305600
1988-12-12,0.20,0.21,0.20,0.21,38894400
1988-12-13,0.20,0.20,0.20,0.20,39168000
1988-12-14,0.20,0.21,0.20,0.20,28008000
1988-12-15,0.21,0.21,0.20,0.21,23198400
1988-12-16,0.21,0.21,0.21,0.21,51796800
1988-12-19,0.21,0.22,0.21,0.21,83534400
1988-12-20,0.22,0.22,0.21,0.22,92188800
1988-12-21,0.22,0.22,0.22,0.22,46440000
1988-12-22,0.22,0.22,0.22,0.22,74592000
1988-12-23,0.22,0.22,0.22,0.22,17121600
1988-12-27,0.22,0.22,0.22,0.22,30772800
1988-12-28,0.22,0.22,0.22,0.22,21268800
1988-12-29,0.22,0.23,0.22,0.22,38275200
1988-12-30,0.22,0.23,0.22,0.23,63820800
1989-01-03,0.23,0.23,0.22,0.23,51825600
1989-01-04,0.23,0.23,0.23,0.23,53899200
1989-01-05,0.22,0.23,0.22,0.23,47246400
1989-01-06,0.22,0.23,0.22,0.23,59054400
1989-01-09,0.22,0.22,0.22,0.22,46008000
1989-01-10,0.22,0.22,0.22,0.22,54129600
1989-01-11,0.22,0.22,0.22,0.22,48297600
1989-01-12,0.22,0.23,0.22,0.22,54590400
1989-01-13,0.22,0.22,0.22,0.22,35568000
1989-01-16,0.22,0.23,0.22,0.22,27532800
1989-01-17,0.22,0.22,0.22,0.22,41745600
1989-01-18,0.22,0.22,0.21,0.22,63633600
1989-01-19,0.23,0.23,0.22,0.22,84297600
1989-01-20,0.23,0.23,0.22,0.23,61027200
1989-01-23,0.22,0.23,0.22,0.23,52228800
1989-01-24,0.22,0.23,0.22,0.22,56217600
1989-01-25,0.22,0.22,0.22,0.22,49046400
1989-01-26,0.23,0.23,0.22,0.22,87134400
1989-01-27,0.23,0.24,0.23,0.23,166420800
1989-01-30,0.25,0.25,0.23,0.23,110088000
1989-01-31,0.25,0.25,0.25,0.25,125092800
1989-02-01,0.25,0.25,0.25,0.25,131212800
1989-02-02,0.26,0.27,0.25,0.25,180028800
1989-02-03,0.26,0.26,0.25,0.26,91324800
1989-02-06,0.26,0.26,0.25,0.26,87580800
1989-02-07,0.26,0.26,0.26,0.26,127094400
1989-02-08,0.26,0.27,0.26,0.26,133315200
1989-02-09,0.27,0.27,0.26,0.26,199036800
1989-02-10,0.26,0.27,0.26,0.27,129038400
1989-02-13,0.26,0.26,0.26,0.26,94075200
1989-02-14,0.25,0.26,0.25,0.26,62956800
1989-02-15,0.26,0.26,0.25,0.26,81936000
1989-02-16,0.26,0.27,0.26,0.26,61387200
1989-02-17,0.26,0.27,0.26,0.27,29692800
1989-02-21,0.26,0.26,0.26,0.26,33753600
1989-02-22,0.25,0.26,0.25,0.26,95515200
1989-02-23,0.25,0.26,0.25,0.25,75945600
1989-02-24,0.25,0.26,0.25,0.25,76017600
1989-02-27,0.25,0.25,0.25,0.25,68788800
1989-02-28,0.25,0.25,0.25,0.25,43444800
1989-03-01,0.25,0.25,0.25,0.25,59889600
1989-03-02,0.26,0.26,0.25,0.25,92304000
1989-03-03,0.26,0.26,0.26,0.26,68947200
1989-03-06,0.26,0.26,0.26,0.26,56635200
1989-03-07,0.23,0.25,0.22,0.25,788688000
1989-03-08,0.22,0.23,0.22,0.23,253612800
1989-03-09,0.22,0.22,0.22,0.22,123307200
1989-03-10,0.22,0.22,0.21,0.22,66902400
1989-03-13,0.22,0.22,0.22,0.22,60206400
1989-03-14,0.22,0.22,0.22,0.22,63720000
1989-03-15,0.21,0.22,0.21,0.22,104889600
1989-03-16,0.22,0.22,0.21,0.21,102888000
1989-03-17,0.20,0.21,0.19,0.21,245577600
1989-03-20,0.20,0.20,0.19,0.20,238996800
1989-03-21,0.21,0.21,0.19,0.20,224467200
1989-03-22,0.21,0.21,0.20,0.21,167025600
1989-03-23,0.21,0.21,0.21,0.21,87811200
1989-03-27,0.21,0.21,0.21,0.21,75542400
1989-03-28,0.21,0.21,0.21,0.21,70804800
1989-03-29,0.21,0.21,0.21,0.21,30009600
1989-03-30,0.21,0.21,0.21,0.21,46742400
1989-03-31,0.21,0.21,0.21,0.21,29736000
1989-04-03,0.21,0.21,0.21,0.21,35049600
1989-04-04,0.21,0.21,0.21,0.21,25027200
1989-04-05,0.21,0.21,0.21,0.21,19641600
1989-04-06,0.22,0.22,0.21,0.21,51681600
1989-04-07,0.22,0.22,0.21,0.22,29448000
1989-04-10,0.22,0.22,0.22,0.22,28670400
1989-04-11,0.22,0.22,0.21,0.22,28728000
1989-04-12,0.20,0.22,0.20,0.22,71020800
1989-04-13,0.21,0.21,0.20,0.20,92880000
1989-04-14,0.21,0.22,0.21,0.21,62625600
1989-04-17,0.22,0.22,0.21,0.22,51638400
1989-04-18,0.22,0.22,0.22,0.22,69336000
1989-04-19,0.23,0.24,0.23,0.23,168969600
1989-04-20,0.24,0.24,0.23,0.23,138801600
1989-04-21,0.23,0.24,0.23,0.24,58190400
1989-04-24,0.23,0.23,0.23,0.23,29332800
1989-04-25,0.23,0.24,0.23,0.23,24897600
1989-04-26,0.23,0.23,0.23,0.23,44510400
1989-04-27,0.23,0.23,0.23,0.23,34588800
1989-04-28,0.24,0.24,0.23,0.23,69782400
1989-05-01,0.23,0.24,0.23,0.23,33739200
1989-05-02,0.23,0.23,0.23,0.23,34372800
1989-05-03,0.23,0.23,0.23,0.23,28857600
1989-05-04,0.22,0.23,0.22,0.23,37425600
1989-05-05,0.22,0.22,0.22,0.22,35827200
1989-05-08,0.22,0.22,0.21,0.22,49003200
1989-05-09,0.22,0.23,0.22,0.22,54590400
1989-05-10,0.23,0.23,0.22,0.23,58752000
1989-05-11,0.23,0.23,0.23,0.23,34401600
1989-05-12,0.23,0.23,0.23,0.23,71092800
1989-05-15,0.23,0.23,0.23,0.23,74736000
1989-05-16,0.24,0.24,0.23,0.23,83433600
1989-05-17,0.24,0.24,0.24,0.24,89812800
1989-05-18,0.25,0.25,0.24,0.24,52574400
1989-05-19,0.25,0.25,0.25,0.25,62568000
1989-05-22,0.25,0.25,0.24,0.25,74275200
1989-05-23,0.24,0.25,0.24,0.25,97545600
1989-05-24,0.24,0.24,0.24,0.24,69364800
1989-05-25,0.24,0.25,0.24,0.24,33840000
1989-05-26,0.25,0.25,0.24,0.24,37886400
1989-05-30,0.25,0.25,0.25,0.25,63907200
1989-05-31,0.26,0.26,0.25,0.25,80971200
1989-06-01,0.25,0.26,0.25,0.25,62798400
1989-06-02,0.25,0.25,0.25,0.25,54043200
1989-06-05,0.24,0.25,0.24,0.25,61416000
1989-06-06,0.25,0.25,0.24,0.24,53899200
1989-06-07,0.25,0.25,0.25,0.25,44928000
1989-06-08,0.25,0.25,0.25,0.25,29217600
1989-06-09,0.25,0.25,0.25,0.25,36144000
1989-06-12,0.25,0.25,0.25,0.25,51681600
1989-06-13,0.24,0.25,0.24,0.25,40564800
1989-06-14,0.24,0.24,0.24,0.24,47304000
1989-06-15,0.24,0.24,0.24,0.24,52113600
1989-06-16,0.24,0.24,0.24,0.24,47361600
1989-06-19,0.24,0.24,0.23,0.24,27158400
1989-06-20,0.23,0.24,0.23,0.24,45806400
1989-06-21,0.23,0.24,0.22,0.22,80496000
1989-06-22,0.23,0.23,0.23,0.23,36072000
1989-06-23,0.23,0.24,0.23,0.23,33537600
1989-06-26,0.23,0.23,0.23,0.23,30240000
1989-06-27,0.23,0.23,0.23,0.23,35899200
1989-06-28,0.22,0.23,0.22,0.23,57456000
1989-06-29,0.22,0.22,0.22,0.22,77198400
1989-06-30,0.22,0.23,0.22,0.22,67248000
1989-07-03,0.23,0.23,0.22,0.22,14688000
1989-07-05,0.23,0.23,0.23,0.23,26539200
1989-07-06,0.22,0.24,0.22,0.24,94780800
1989-07-07,0.23,0.23,0.22,0.22,41457600
1989-07-10,0.23,0.23,0.23,0.23,27259200
1989-07-11,0.23,0.23,0.22,0.23,43488000
1989-07-12,0.22,0.23,0.22,0.22,52156800
1989-07-13,0.22,0.23,0.22,0.22,33408000
1989-07-14,0.22,0.23,0.22,0.22,42768000
1989-07-17,0.22,0.23,0.22,0.22,31291200
1989-07-18,0.23,0.23,0.22,0.22,42984000
1989-07-19,0.23,0.23,0.22,0.23,29764800
1989-07-20,0.23,0.23,0.23,0.23,44524800
1989-07-21,0.23,0.24,0.22,0.22,99763200
1989-07-24,0.23,0.24,0.23,0.23,38361600
1989-07-25,0.22,0.24,0.22,0.23,326030400
1989-07-26,0.22,0.22,0.22,0.22,123638400
1989-07-27,0.23,0.23,0.22,0.23,45561600
1989-07-28,0.23,0.23,0.22,0.23,29217600
1989-07-31,0.23,0.23,0.23,0.23,33336000
1989-08-01,0.23,0.23,0.23,0.23,62136000
1989-08-02,0.23,0.23,0.23,0.23,28368000
1989-08-03,0.23,0.23,0.23,0.23,27590400
1989-08-04,0.24,0.24,0.23,0.23,178128000
1989-08-07,0.24,0.24,0.24,0.24,93571200
1989-08-08,0.25,0.25,0.24,0.24,110548800
1989-08-09,0.25,0.25,0.25,0.25,113774400
1989-08-10,0.25,0.25,0.25,0.25,48340800
1989-08-11,0.24,0.25,0.24,0.25,61473600
1989-08-14,0.24,0.24,0.24,0.24,68990400
1989-08-15,0.24,0.24,0.24,0.24,17856000
1989-08-16,0.24,0.24,0.23,0.24,46670400
1989-08-17,0.24,0.24,0.23,0.24,39960000
1989-08-18,0.24,0.24,0.24,0.24,24912000
1989-08-21,0.24,0.24,0.24,0.24,32097600
1989-08-22,0.25,0.25,0.24,0.24,64771200
1989-08-23,0.25,0.25,0.24,0.25,46094400
1989-08-24,0.25,0.26,0.25,0.25,92764800
1989-08-25,0.25,0.25,0.24,0.25,85147200
1989-08-28,0.25,0.25,0.25,0.25,28540800
1989-08-29,0.25,0.25,0.25,0.25,54417600
1989-08-30,0.25,0.25,0.25,0.25,40377600
1989-08-31,0.25,0.25,0.25,0.25,14198400
1989-09-01,0.25,0.25,0.25,0.25,44409600
1989-09-05,0.25,0.26,0.25,0.25,93340800
1989-09-06,0.25,0.25,0.25,0.25,42379200
1989-09-07,0.25,0.25,0.24,0.25,41904000
1989-09-08,0.25,0.25,0.24,0.24,39787200
1989-09-11,0.25,0.25,0.25,0.25,27907200
1989-09-12,0.25,0.26,0.25,0.25,67795200
1989-09-13,0.26,0.27,0.26,0.26,181022400
1989-09-14,0.27,0.27,0.26,0.26,78163200
1989-09-15,0.26,0.27,0.26,0.27,89150400
1989-09-18,0.27,0.27,0.26,0.26,39110400
1989-09-19,0.26,0.27,0.26,0.27,49204800
1989-09-20,0.27,0.27,0.26,0.26,72129600
1989-09-21,0.28,0.28,0.27,0.28,89352000
1989-09-22,0.28,0.28,0.27,0.28,43948800
1989-09-25,0.28,0.29,0.28,0.28,69940800
1989-09-26,0.28,0.28,0.28,0.28,39988800
1989-09-27,0.28,0.28,0.28,0.28,69235200
1989-09-28,0.29,0.29,0.28,0.28,41428800
1989-09-29,0.29,0.29,0.29,0.29,64324800
1989-10-02,0.29,0.30,0.29,0.29,50428800
1989-10-03,0.29,0.30,0.29,0.30,68918400
1989-10-04,0.32,0.32,0.29,0.29,260020800
1989-10-05,0.33,0.35,0.32,0.32,284760000
1989-10-06,0.34,0.34,0.33,0.34,87609600
1989-10-09,0.34,0.35,0.33,0.34,58536000
1989-10-10,0.34,0.35,0.34,0.35,68299200
1989-10-11,0.34,0.34,0.33,0.34,106401600
1989-10-12,0.33,0.34,0.33,0.34,58881600
1989-10-13,0.31,0.33,0.31,0.33,102643200
1989-10-16,0.32,0.32,0.29,0.30,253065600
1989-10-17,0.33,0.34,0.31,0.32,177206400
1989-10-18,0.34,0.34,0.33,0.33,134784000
1989-10-19,0.36,0.36,0.34,0.34,179424000
1989-10-20,0.36,0.36,0.35,0.35,93542400
1989-10-23,0.35,0.36,0.35,0.36,60912000
1989-10-24,0.34,0.35,0.33,0.35,157089600
1989-10-25,0.34,0.35,0.33,0.34,71481600
1989-10-26,0.33,0.34,0.33,0.33,135460800
1989-10-27,0.32,0.33,0.32,0.33,97041600
1989-10-30,0.34,0.34,0.33,0.33,45921600
1989-10-31,0.34,0.35,0.34,0.34,56563200
1989-11-01,0.35,0.35,0.34,0.34,74649600
1989-11-02,0.32,0.34,0.32,0.34,226051200
1989-11-03,0.33,0.33,0.32,0.32,98755200
1989-11-06,0.33,0.34,0.32,0.33,88027200
1989-11-07,0.34,0.35,0.33,0.33,131544000
1989-11-08,0.35,0.36,0.35,0.35,106488000
1989-11-09,0.35,0.36,0.35,0.35,111528000
1989-11-10,0.36,0.36,0.35,0.35,59169600
1989-11-13,0.37,0.37,0.35,0.36,178905600
1989-11-14,0.36,0.38,0.36,0.37,95241600
1989-11-15,0.37,0.38,0.36,0.37,94492800
1989-11-16,0.37,0.38,0.36,0.38,68054400
1989-11-17,0.37,0.37,0.37,0.37,31651200
1989-11-20,0.36,0.37,0.36,0.37,56937600
1989-11-21,0.37,0.37,0.36,0.36,67118400
1989-11-22,0.37,0.37,0.37,0.37,38232000
1989-11-24,0.37,0.38,0.37,0.37,17971200
1989-11-27,0.37,0.37,0.36,0.37,37281600
1989-11-28,0.37,0.37,0.36,0.37,56664000
1989-11-29,0.36,0.37,0.36,0.37,85896000
1989-11-30,0.37,0.37,0.35,0.35,111211200
1989-12-01,0.36,0.37,0.36,0.37,52070400
1989-12-04,0.36,0.37,0.36,0.36,40536000
1989-12-05,0.37,0.37,0.36,0.37,44049600
1989-12-06,0.36,0.37,0.36,0.36,57384000
1989-12-07,0.36,0.36,0.35,0.35,40348800
1989-12-08,0.36,0.36,0.35,0.36,107625600
1989-12-11,0.35,0.36,0.35,0.36,103377600
1989-12-12,0.35,0.35,0.34,0.35,93628800
1989-12-13,0.34,0.35,0.33,0.34,95788800
1989-12-14,0.33,0.34,0.33,0.33,61516800
1989-12-15,0.32,0.33,0.32,0.33,107164800
1989-12-18,0.33,0.33,0.32,0.33,78436800
1989-12-19,0.34,0.34,0.33,0.33,70473600
1989-12-20,0.35,0.35,0.34,0.34,111009600
1989-12-21,0.35,0.35,0.34,0.35,55022400
1989-12-22,0.36,0.36,0.35,0.35,54892800
1989-12-26,0.36,0.36,0.36,0.36,23817600
1989-12-27,0.36,0.37,0.36,0.36,62798400
1989-12-28,0.36,0.36,0.35,0.35,123091200
1989-12-29,0.37,0.37,0.36,0.36,77630400
1990-01-02,0.37,0.37,0.36,0.37,53035200
1990-01-03,0.38,0.38,0.37,0.38,113774400
1990-01-04,0.39,0.39,0.37,0.38,125740800
1990-01-05,0.38,0.39,0.38,0.39,69566400
1990-01-08,0.38,0.38,0.37,0.38,58982400
1990-01-09,0.38,0.39,0.38,0.38,70300800
1990-01-10,0.37,0.38,0.37,0.38,103766400
1990-01-11,0.36,0.38,0.36,0.37,95774400
1990-01-12,0.36,0.37,0.35,0.36,148910400
1990-01-15,0.36,0.37,0.36,0.36,62467200
1990-01-16,0.37,0.38,0.36,0.36,80092800
1990-01-17,0.37,0.38,0.37,0.37,97588800
1990-01-18,0.40,0.40,0.38,0.38,292363200
1990-01-19,0.40,0.40,0.39,0.40,99259200
1990-01-22,0.38,0.40,0.38,0.40,167688000
1990-01-23,0.38,0.38,0.38,0.38,139348800
1990-01-24,0.38,0.38,0.37,0.37,180345600
1990-01-25,0.38,0.39,0.38,0.39,112752000
1990-01-26,0.38,0.38,0.38,0.38,68083200
1990-01-29,0.39,0.39,0.38,0.39,55080000
1990-01-30,0.38,0.39,0.38,0.39,73108800
1990-01-31,0.39,0.39,0.38,0.39,112939200
1990-02-01,0.40,0.40,0.39,0.39,89193600
1990-02-02,0.40,0.40,0.39,0.39,71395200
1990-02-05,0.40,0.40,0.39,0.39,59731200
1990-02-06,0.40,0.40,0.39,0.40,81964800
1990-02-07,0.39,0.40,0.39,0.39,134150400
1990-02-08,0.40,0.40,0.39,0.39,95227200
1990-02-09,0.40,0.40,0.40,0.40,62380800
1990-02-12,0.40,0.40,0.40,0.40,56088000
1990-02-13,0.40,0.40,0.40,0.40,58752000
1990-02-14,0.40,0.40,0.40,0.40,35870400
1990-02-15,0.41,0.41,0.40,0.40,89496000
1990-02-16,0.41,0.42,0.41,0.41,70876800
1990-02-20,0.42,0.42,0.41,0.41,132652800
1990-02-21,0.41,0.42,0.40,0.42,103348800
1990-02-22,0.41,0.41,0.41,0.41,60811200
1990-02-23,0.41,0.41,0.40,0.40,56851200
1990-02-26,0.42,0.42,0.41,0.41,69220800
1990-02-27,0.41,0.42,0.41,0.42,62020800
1990-02-28,0.42,0.42,0.41,0.41,39312000
1990-03-01,0.42,0.43,0.42,0.42,76867200
1990-03-02,0.44,0.44,0.42,0.42,100209600
1990-03-05,0.44,0.45,0.43,0.44,75528000
1990-03-06,0.44,0.44,0.43,0.44,68630400
1990-03-07,0.43,0.44,0.43,0.44,47606400
1990-03-08,0.45,0.45,0.43,0.43,88977600
1990-03-09,0.45,0.46,0.44,0.45,75744000
1990-03-12,0.46,0.46,0.45,0.45,68875200
1990-03-13,0.45,0.46,0.45,0.46,85204800
1990-03-14,0.45,0.46,0.45,0.45,130968000
1990-03-15,0.47,0.47,0.45,0.45,81676800
1990-03-16,0.48,0.49,0.47,0.47,118900800
1990-03-19,0.49,0.49,0.48,0.48,81172800
1990-03-20,0.48,0.49,0.47,0.49,92145600
1990-03-21,0.48,0.49,0.47,0.48,69840000
1990-03-22,0.47,0.48,0.46,0.48,92419200
1990-03-23,0.46,0.48,0.46,0.47,53596800
1990-03-26,0.47,0.47,0.47,0.47,55929600
1990-03-27,0.47,0.48,0.47,0.47,52516800
1990-03-28,0.47,0.47,0.46,0.47,99532800
1990-03-29,0.47,0.48,0.46,0.47,64785600
1990-03-30,0.47,0.47,0.46,0.46,36691200
1990-04-02,0.47,0.47,0.46,0.46,74059200
1990-04-03,0.49,0.49,0.47,0.48,84643200
1990-04-04,0.49,0.50,0.49,0.49,79646400
1990-04-05,0.48,0.49,0.48,0.49,66369600
1990-04-06,0.48,0.49,0.48,0.48,72878400
1990-04-09,0.48,0.49,0.48,0.48,31176000
1990-04-10,0.50,0.50,0.48,0.48,45187200
1990-04-11,0.51,0.51,0.50,0.50,70372800
1990-04-12,0.51,0.51,0.51,0.51,48254400
1990-04-16,0.51,0.52,0.51,0.51,39470400
1990-04-17,0.52,0.53,0.50,0.51,66780000
1990-04-18,0.51,0.52,0.50,0.52,97797600
1990-04-19,0.50,0.52,0.50,0.51,58003200
1990-04-20,0.50,0.51,0.50,0.51,44661600
1990-04-23,0.50,0.50,0.48,0.50,64879200
1990-04-24,0.49,0.50,0.48,0.50,47916000
1990-04-25,0.49,0.50,0.48,0.49,53870400
1990-04-26,0.48,0.50,0.48,0.49,46296000
1990-04-27,0.47,0.48,0.47,0.48,57124800
1990-04-30,0.49,0.49,0.47,0.47,51451200
1990-05-01,0.48,0.50,0.48,0.50,52473600
1990-05-02,0.49,0.49,0.48,0.48,33264000
1990-05-03,0.50,0.50,0.49,0.49,45892800
1990-05-04,0.52,0.52,0.50,0.50,47815200
1990-05-07,0.54,0.56,0.52,0.52,97351200
1990-05-08,0.53,0.54,0.52,0.53,50824800
1990-05-09,0.53,0.53,0.52,0.53,35164800
1990-05-10,0.54,0.55,0.53,0.53,48801600
1990-05-11,0.55,0.56,0.53,0.55,49168800
1990-05-14,0.55,0.56,0.55,0.56,47232000
1990-05-15,0.55,0.55,0.54,0.55,54122400
1990-05-16,0.55,0.55,0.54,0.54,38556000
1990-05-17,0.55,0.55,0.54,0.55,41731200
1990-05-18,0.58,0.58,0.54,0.54,101822400
1990-05-21,0.59,0.61,0.58,0.58,159595200
1990-05-22,0.60,0.61,0.58,0.60,142437600
1990-05-23,0.64,0.64,0.61,0.61,141184800
1990-05-24,0.64,0.66,0.64,0.65,146649600
1990-05-25,0.63,0.64,0.62,0.63,104688000
1990-05-29,0.63,0.64,0.62,0.63,61480800
1990-05-30,0.64,0.64,0.63,0.64,65073600
1990-05-31,0.62,0.64,0.61,0.63,69436800
1990-06-01,0.63,0.63,0.62,0.62,69069600
1990-06-04,0.64,0.65,0.62,0.63,59162400
1990-06-05,0.62,0.65,0.61,0.65,80258400
1990-06-06,0.62,0.63,0.61,0.62,86292000
1990-06-07,0.61,0.62,0.60,0.62,90122400
1990-06-08,0.62,0.62,0.60,0.61,63770400
1990-06-11,0.63,0.64,0.62,0.62,58240800
1990-06-12,0.64,0.64,0.63,0.64,46656000
1990-06-13,0.64,0.66,0.63,0.64,80265600
1990-06-14,0.64,0.65,0.63,0.64,58204800
1990-06-15,0.64,0.65,0.63,0.63,51552000
1990-06-18,0.63,0.64,0.63,0.64,52790400
1990-06-19,0.63,0.64,0.62,0.63,41716800
1990-06-20,0.65,0.66,0.63,0.64,39564000
1990-06-21,0.65,0.66,0.64,0.65,34308000
1990-06-22,0.64,0.66,0.64,0.65,34034400
1990-06-25,0.63,0.64,0.63,0.64,68983200
1990-06-26,0.63,0.64,0.63,0.63,50198400
1990-06-27,0.64,0.64,0.63,0.63,35762400
1990-06-28,0.64,0.65,0.64,0.65,30052800
1990-06-29,0.64,0.64,0.63,0.64,34956000
1990-07-02,0.62,0.64,0.62,0.64,35474400
1990-07-03,0.61,0.62,0.60,0.62,79257600
1990-07-05,0.61,0.61,0.60,0.60,61855200
1990-07-06,0.62,0.62,0.60,0.61,41803200
1990-07-09,0.63,0.63,0.62,0.62,37317600
1990-07-10,0.62,0.63,0.62,0.63,29700000
1990-07-11,0.64,0.64,0.62,0.62,28922400
1990-07-12,0.65,0.66,0.63,0.63,89042400
1990-07-13,0.66,0.68,0.65,0.66,93628800
1990-07-16,0.67,0.68,0.66,0.66,48729600
1990-07-17,0.66,0.67,0.65,0.67,54475200
1990-07-18,0.64,0.66,0.64,0.65,41853600
1990-07-19,0.65,0.65,0.62,0.64,63136800
1990-07-20,0.62,0.66,0.62,0.65,87724800
1990-07-23,0.61,0.62,0.60,0.62,74203200
1990-07-24,0.59,0.61,0.56,0.61,137102400
1990-07-25,0.60,0.60,0.58,0.59,60148800
1990-07-26,0.58,0.62,0.56,0.60,303321600
1990-07-27,0.58,0.59,0.57,0.58,51019200
1990-07-30,0.57,0.58,0.55,0.58,87955200
1990-07-31,0.56,0.58,0.56,0.58,42307200
1990-08-01,0.56,0.57,0.54,0.56,111117600
1990-08-02,0.56,0.56,0.54,0.55,91771200
1990-08-03,0.53,0.55,0.51,0.55,117180000
1990-08-06,0.51,0.52,0.49,0.52,113184000
1990-08-07,0.52,0.52,0.51,0.52,91065600
1990-08-08,0.54,0.54,0.52,0.53,86263200
1990-08-09,0.55,0.55,0.53,0.54,77054400
1990-08-10,0.54,0.55,0.53,0.55,73188000
1990-08-13,0.55,0.55,0.53,0.54,53942400
1990-08-14,0.54,0.56,0.54,0.55,33710400
1990-08-15,0.54,0.55,0.54,0.55,51408000
1990-08-16,0.52,0.54,0.52,0.54,53330400
1990-08-17,0.51,0.52,0.51,0.51,95227200
1990-08-20,0.47,0.51,0.47,0.51,113601600
1990-08-21,0.46,0.46,0.43,0.46,165650400
1990-08-22,0.45,0.47,0.45,0.46,79236000
1990-08-23,0.44,0.45,0.43,0.44,107445600
1990-08-24,0.48,0.49,0.44,0.44,95443200
1990-08-27,0.51,0.52,0.50,0.50,110116800
1990-08-28,0.53,0.53,0.51,0.51,79826400
1990-08-29,0.51,0.54,0.51,0.53,77954400
1990-08-30,0.51,0.53,0.51,0.51,65383200
1990-08-31,0.52,0.52,0.50,0.51,40737600
1990-09-04,0.52,0.53,0.51,0.51,47376000
1990-09-05,0.50,0.53,0.49,0.53,54676800
1990-09-06,0.48,0.49,0.47,0.49,115617600
1990-09-07,0.49,0.50,0.48,0.48,53704800
1990-09-10,0.47,0.51,0.47,0.50,74246400
1990-09-11,0.47,0.48,0.46,0.47,78868800
1990-09-12,0.48,0.49,0.47,0.47,75016800
1990-09-13,0.48,0.49,0.48,0.49,49867200
1990-09-14,0.50,0.51,0.48,0.48,67672800
1990-09-17,0.51,0.52,0.50,0.50,70394400
1990-09-18,0.52,0.53,0.50,0.51,60638400
1990-09-19,0.52,0.53,0.52,0.53,52696800
1990-09-20,0.50,0.52,0.50,0.52,52444800
1990-09-21,0.51,0.51,0.49,0.50,79891200
1990-09-24,0.49,0.51,0.48,0.50,81439200
1990-09-25,0.51,0.51,0.50,0.50,53308800
1990-09-26,0.51,0.51,0.50,0.51,39268800
1990-09-27,0.50,0.52,0.49,0.51,65728800
1990-09-28,0.53,0.54,0.49,0.49,97984800
1990-10-01,0.57,0.57,0.54,0.55,131623200
1990-10-02,0.56,0.58,0.55,0.58,83469600
1990-10-03,0.55,0.57,0.55,0.55,57600000
1990-10-04,0.54,0.55,0.54,0.55,69292800
1990-10-05,0.55,0.55,0.52,0.53,82101600
1990-10-08,0.56,0.56,0.54,0.56,38678400
1990-10-09,0.53,0.56,0.53,0.55,66376800
1990-10-10,0.50,0.52,0.50,0.52,115596000
1990-10-11,0.49,0.51,0.48,0.50,83815200
1990-10-12,0.48,0.50,0.46,0.49,109252800
1990-10-15,0.48,0.49,0.47,0.49,130334400
1990-10-16,0.46,0.49,0.46,0.48,300888000
1990-10-17,0.48,0.48,0.45,0.46,135820800
1990-10-18,0.52,0.52,0.48,0.48,123739200
1990-10-19,0.52,0.53,0.51,0.52,170337600
1990-10-22,0.54,0.55,0.52,0.52,80294400
1990-10-23,0.54,0.55,0.53,0.54,71884800
1990-10-24,0.55,0.55,0.53,0.54,54734400
1990-10-25,0.55,0.56,0.54,0.55,51501600
1990-10-26,0.53,0.54,0.53,0.54,59126400
1990-10-29,0.53,0.54,0.52,0.54,67881600
1990-10-30,0.54,0.54,0.52,0.53,52567200
1990-10-31,0.54,0.55,0.54,0.54,61200000
1990-11-01,0.54,0.54,0.53,0.53,49442400
1990-11-02,0.55,0.55,0.53,0.54,74764800
1990-11-05,0.55,0.56,0.55,0.55,50702400
1990-11-06,0.54,0.56,0.54,0.55,59212800
1990-11-07,0.54,0.55,0.54,0.54,63100800
1990-11-08,0.54,0.55,0.53,0.54,43466400
1990-11-09,0.55,0.55,0.54,0.55,43344000
1990-11-12,0.58,0.58,0.56,0.56,87660000
1990-11-13,0.58,0.59,0.57,0.58,67658400
1990-11-14,0.59,0.59,0.58,0.58,59724000
1990-11-15,0.57,0.58,0.57,0.58,63129600
1990-11-16,0.57,0.58,0.57,0.57,67075200
1990-11-19,0.59,0.59,0.57,0.57,45554400
1990-11-20,0.58,0.59,0.57,0.58,68868000
1990-11-21,0.58,0.58,0.56,0.57,60739200
1990-11-23,0.58,0.59,0.58,0.58,22060800
1990-11-26,0.59,0.59,0.57,0.58,47577600
1990-11-27,0.61,0.61,0.59,0.59,63417600
1990-11-28,0.59,0.61,0.59,0.61,77623200
1990-11-29,0.60,0.60,0.59,0.59,65865600
1990-11-30,0.61,0.63,0.59,0.60,72165600
1990-12-03,0.62,0.63,0.61,0.62,68241600
1990-12-04,0.63,0.63,0.62,0.62,54547200
1990-12-05,0.63,0.64,0.63,0.63,68630400
1990-12-06,0.63,0.65,0.62,0.64,108201600
1990-12-07,0.63,0.63,0.61,0.63,81921600
1990-12-10,0.62,0.64,0.61,0.62,55526400
1990-12-11,0.61,0.63,0.61,0.62,61768800
1990-12-12,0.61,0.61,0.59,0.60,71560800
1990-12-13,0.61,0.62,0.60,0.62,50709600
1990-12-14,0.62,0.63,0.61,0.62,48636000
1990-12-17,0.62,0.63,0.61,0.62,27288000
1990-12-18,0.63,0.64,0.63,0.63,51876000
1990-12-19,0.63,0.64,0.63,0.64,34264800
1990-12-20,0.64,0.64,0.62,0.63,46994400
1990-12-21,0.64,0.64,0.63,0.64,33472800
1990-12-24,0.63,0.64,0.63,0.64,13550400
1990-12-26,0.63,0.64,0.63,0.63,16214400
1990-12-27,0.63,0.63,0.63,0.63,22629600
1990-12-28,0.63,0.63,0.63,0.63,20268000
1990-12-31,0.63,0.63,0.63,0.63,23702400
1991-01-02,0.63,0.63,0.63,0.63,38109600
1991-01-03,0.63,0.64,0.63,0.63,52826400
1991-01-04,0.64,0.64,0.63,0.63,58485600
1991-01-07,0.63,0.66,0.63,0.63,87552000
1991-01-08,0.62,0.63,0.62,0.63,76442400
1991-01-09,0.62,0.64,0.62,0.62,115624800
1991-01-10,0.66,0.66,0.63,0.63,123890400
1991-01-11,0.66,0.67,0.65,0.66,62006400
1991-01-14,0.65,0.65,0.64,0.65,58658400
1991-01-15,0.66,0.67,0.65,0.65,83440800
1991-01-16,0.69,0.70,0.66,0.66,139917600
1991-01-17,0.71,0.73,0.71,0.73,163526400
1991-01-18,0.72,0.72,0.69,0.70,103032000
1991-01-21,0.75,0.76,0.71,0.71,154512000
1991-01-22,0.75,0.77,0.74,0.76,113716800
1991-01-23,0.75,0.76,0.74,0.74,77083200
1991-01-24,0.76,0.77,0.75,0.75,86083200
1991-01-25,0.75,0.77,0.75,0.77,86889600
1991-01-28,0.78,0.79,0.75,0.75,130989600
1991-01-29,0.78,0.80,0.76,0.78,146980800
1991-01-30,0.81,0.81,0.77,0.78,148586400
1991-01-31,0.83,0.84,0.81,0.81,111420000
1991-02-01,0.84,0.85,0.82,0.83,117878400
1991-02-04,0.84,0.85,0.83,0.84,88236000
1991-02-05,0.85,0.86,0.83,0.84,88740000
1991-02-06,0.89,0.90,0.85,0.85,106351200
1991-02-07,0.87,0.92,0.86,0.90,133466400
1991-02-08,0.88,0.88,0.86,0.87,74232000
1991-02-11,0.88,0.88,0.86,0.88,152337600
1991-02-12,0.87,0.88,0.86,0.87,96206400
1991-02-13,0.89,0.89,0.86,0.86,95493600
1991-02-14,0.85,0.89,0.83,0.89,133704000
1991-02-15,0.87,0.88,0.85,0.86,115452000
1991-02-19,0.86,0.87,0.86,0.86,66564000
1991-02-20,0.87,0.88,0.86,0.86,52552800
1991-02-21,0.84,0.87,0.84,0.87,68277600
1991-02-22,0.86,0.88,0.84,0.84,105343200
1991-02-25,0.87,0.88,0.86,0.87,88524000
1991-02-26,0.86,0.86,0.85,0.86,55540800
1991-02-27,0.89,0.89,0.85,0.86,87674400
1991-02-28,0.87,0.90,0.87,0.89,55008000
1991-03-01,0.89,0.90,0.86,0.87,77724000
1991-03-04,0.90,0.91,0.88,0.89,47023200
1991-03-05,0.94,0.95,0.90,0.90,76356000
1991-03-06,0.90,0.95,0.90,0.95,101088000
1991-03-07,0.88,0.91,0.87,0.88,165391200
1991-03-08,0.86,0.89,0.86,0.88,134697600
1991-03-11,0.84,0.86,0.82,0.86,160970400
1991-03-12,0.81,0.83,0.81,0.83,152884800
1991-03-13,0.85,0.85,0.81,0.81,110268000
1991-03-14,0.83,0.86,0.82,0.86,100216800
1991-03-15,0.81,0.83,0.81,0.83,76932000
1991-03-18,0.84,0.84,0.81,0.81,66218400
1991-03-19,0.83,0.85,0.82,0.83,92505600
1991-03-20,0.83,0.85,0.83,0.83,83217600
1991-03-21,0.80,0.85,0.79,0.84,119188800
1991-03-22,0.79,0.81,0.78,0.80,95688000
1991-03-25,0.83,0.83,0.79,0.79,59824800
1991-03-26,0.89,0.89,0.83,0.83,89928000
1991-03-27,0.91,0.92,0.89,0.89,91936800
1991-03-28,0.89,0.91,0.89,0.90,30492000
1991-04-01,0.90,0.91,0.88,0.89,59205600
1991-04-02,0.95,0.95,0.90,0.91,96256800
1991-04-03,0.96,0.98,0.95,0.95,91778400
1991-04-04,0.96,0.98,0.95,0.96,73850400
1991-04-05,0.93,0.96,0.92,0.96,108914400
1991-04-08,0.94,0.95,0.92,0.93,46526400
1991-04-09,0.93,0.95,0.93,0.94,60768000
1991-04-10,0.91,0.93,0.89,0.93,74340000
1991-04-11,0.94,0.94,0.91,0.91,47937600
1991-04-12,0.90,0.93,0.87,0.92,176731200
1991-04-15,0.96,0.96,0.89,0.89,88819200
1991-04-16,0.95,0.97,0.93,0.96,81331200
1991-04-17,0.94,0.99,0.94,0.96,128383200
1991-04-18,0.93,0.94,0.91,0.94,88084800
1991-04-19,0.90,0.92,0.89,0.90,96588000
1991-04-22,0.86,0.90,0.86,0.89,139708800
1991-04-23,0.86,0.87,0.85,0.86,103910400
1991-04-24,0.87,0.88,0.85,0.86,82130400
1991-04-25,0.85,0.87,0.85,0.86,65707200
1991-04-26,0.85,0.86,0.83,0.85,88372800
1991-04-29,0.82,0.86,0.82,0.85,71258400
1991-04-30,0.83,0.84,0.81,0.82,115178400
1991-05-01,0.85,0.85,0.82,0.83,111628800
1991-05-02,0.85,0.86,0.85,0.85,66888000
1991-05-03,0.85,0.85,0.84,0.85,23047200
1991-05-06,0.87,0.87,0.85,0.85,44755200
1991-05-07,0.85,0.87,0.85,0.87,50904000
1991-05-08,0.87,0.87,0.85,0.85,57592800
1991-05-09,0.89,0.89,0.87,0.87,76298400
1991-05-10,0.87,0.90,0.86,0.90,52070400
1991-05-13,0.87,0.87,0.85,0.87,68745600
1991-05-14,0.85,0.87,0.85,0.87,58816800
1991-05-15,0.83,0.85,0.81,0.85,111160800
1991-05-16,0.84,0.84,0.83,0.84,70243200
1991-05-17,0.84,0.84,0.83,0.83,44812800
1991-05-20,0.84,0.84,0.82,0.84,65937600
1991-05-21,0.86,0.87,0.84,0.84,83570400
1991-05-22,0.90,0.90,0.86,0.87,88783200
1991-05-23,0.92,0.93,0.90,0.90,67752000
1991-05-24,0.93,0.95,0.92,0.93,67932000
1991-05-28,0.93,0.94,0.93,0.93,43941600
1991-05-29,0.93,0.94,0.93,0.94,64202400
1991-05-30,0.93,0.94,0.92,0.93,61833600
1991-05-31,0.93,0.94,0.91,0.93,81784800
1991-06-03,0.94,0.95,0.92,0.92,46951200
1991-06-04,0.95,0.96,0.93,0.94,35035200
1991-06-05,0.94,0.96,0.94,0.95,41385600
1991-06-06,0.94,0.95,0.93,0.95,32680800
1991-06-07,0.93,0.93,0.92,0.93,51984000
1991-06-10,0.93,0.94,0.93,0.93,29498400
1991-06-11,0.93,0.95,0.93,0.94,41846400
1991-06-12,0.94,0.95,0.93,0.93,51069600
1991-06-13,0.94,0.95,0.93,0.94,38001600
1991-06-14,0.96,0.96,0.94,0.94,46360800
1991-06-17,0.96,0.97,0.95,0.96,29419200
1991-06-18,0.94,0.96,0.93,0.95,46850400
1991-06-19,0.87,0.93,0.87,0.93,157039200
1991-06-20,0.85,0.86,0.83,0.85,187999200
1991-06-21,0.86,0.87,0.85,0.85,67680000
1991-06-24,0.83,0.86,0.82,0.85,79696800
1991-06-25,0.83,0.85,0.83,0.84,97228800
1991-06-26,0.85,0.86,0.83,0.83,96638400
1991-06-27,0.86,0.86,0.84,0.86,56510400
1991-06-28,0.86,0.87,0.83,0.86,61526400
1991-07-01,0.90,0.91,0.86,0.87,72388800
1991-07-02,0.86,0.91,0.86,0.90,43920000
1991-07-03,0.81,0.82,0.78,0.82,191630400
1991-07-05,0.78,0.81,0.78,0.81,78758400
1991-07-08,0.85,0.85,0.77,0.77,109185600
1991-07-09,0.86,0.87,0.84,0.85,76948800
1991-07-10,0.83,0.87,0.82,0.86,67310400
1991-07-11,0.84,0.84,0.82,0.83,51148800
1991-07-12,0.86,0.87,0.83,0.85,35174400
1991-07-15,0.88,0.89,0.87,0.87,36763200
1991-07-16,0.85,0.89,0.85,0.89,42734400
1991-07-17,0.86,0.86,0.82,0.83,40526400
1991-07-18,0.85,0.88,0.84,0.86,25656000
1991-07-19,0.86,0.86,0.83,0.85,24441600
1991-07-22,0.85,0.87,0.84,0.84,35136000
1991-07-23,0.84,0.86,0.84,0.86,35596800
1991-07-24,0.83,0.85,0.82,0.85,54321600
1991-07-25,0.83,0.86,0.83,0.85,90211200
1991-07-26,0.90,0.91,0.84,0.85,149294400
1991-07-29,0.89,0.90,0.87,0.90,136468800
1991-07-30,0.92,0.92,0.88,0.89,78038400
1991-07-31,0.93,0.94,0.92,0.92,111628800
1991-08-01,0.93,0.94,0.92,0.93,53942400
1991-08-02,0.93,0.95,0.93,0.93,81369600
1991-08-05,0.91,0.93,0.91,0.93,28252800
1991-08-06,0.94,0.95,0.91,0.91,53097600
1991-08-07,0.96,0.97,0.94,0.95,69235200
1991-08-08,1.00,1.00,0.96,0.96,91852800
1991-08-09,1.02,1.04,0.99,1.00,114806400
1991-08-12,1.05,1.06,1.01,1.01,56899200
1991-08-13,1.04,1.06,1.04,1.06,94497600
1991-08-14,1.04,1.06,1.04,1.05,67008000
1991-08-15,1.03,1.05,1.02,1.04,45460800
1991-08-16,1.03,1.04,1.01,1.02,52075200
1991-08-19,1.01,1.03,0.97,0.98,85425600
1991-08-20,1.02,1.04,1.01,1.02,57326400
1991-08-21,1.06,1.07,1.03,1.04,73214400
1991-08-22,1.06,1.08,1.05,1.07,43627200
1991-08-23,1.08,1.09,1.06,1.06,43161600
1991-08-26,1.08,1.08,1.06,1.07,44136000
1991-08-27,1.07,1.07,1.06,1.07,34204800
1991-08-28,1.08,1.10,1.07,1.07,41558400
1991-08-29,1.08,1.09,1.07,1.09,27974400
1991-08-30,1.08,1.09,1.07,1.08,22032000
1991-09-03,1.05,1.07,1.04,1.07,33494400
1991-09-04,1.04,1.06,1.02,1.05,38467200
1991-09-05,1.02,1.05,1.01,1.05,58459200
1991-09-06,1.02,1.04,1.01,1.02,50788800
1991-09-09,1.02,1.03,1.01,1.02,31915200
1991-09-10,1.01,1.04,1.01,1.04,65937600
1991-09-11,1.04,1.04,1.02,1.02,64032000
1991-09-12,1.08,1.08,1.05,1.05,53808000
1991-09-13,1.05,1.08,1.04,1.08,51360000
1991-09-16,1.05,1.06,1.04,1.05,21686400
1991-09-17,1.07,1.07,1.04,1.05,23366400
1991-09-18,1.07,1.08,1.06,1.06,26942400
1991-09-19,1.09,1.10,1.07,1.07,51364800
1991-09-20,1.09,1.10,1.09,1.10,30316800
1991-09-23,1.07,1.09,1.07,1.09,49771200
1991-09-24,1.11,1.12,1.08,1.08,47625600
1991-09-25,1.11,1.12,1.09,1.11,25766400
1991-09-26,1.13,1.14,1.10,1.11,48000000
1991-09-27,1.12,1.13,1.11,1.13,33273600
1991-09-30,1.13,1.13,1.10,1.12,27700800
1991-10-01,1.12,1.13,1.11,1.13,19627200
1991-10-02,1.10,1.14,1.09,1.12,67219200
1991-10-03,1.11,1.12,1.09,1.09,34632000
1991-10-04,1.11,1.13,1.11,1.11,26457600
1991-10-07,1.12,1.12,1.10,1.10,27187200
1991-10-08,1.13,1.13,1.11,1.11,37708800
1991-10-09,1.13,1.15,1.13,1.13,60931200
1991-10-10,1.13,1.14,1.12,1.14,42048000
1991-10-11,1.13,1.15,1.11,1.15,69921600
1991-10-14,1.17,1.17,1.14,1.14,50625600
1991-10-15,1.16,1.17,1.15,1.17,57854400
1991-10-16,1.15,1.16,1.14,1.16,100200000
1991-10-17,1.13,1.15,1.12,1.15,95563200
1991-10-18,1.14,1.15,1.13,1.14,37843200
1991-10-21,1.15,1.16,1.13,1.14,28704000
1991-10-22,1.16,1.17,1.15,1.16,32496000
1991-10-23,1.14,1.16,1.13,1.16,36724800
1991-10-24,1.14,1.14,1.13,1.14,26942400
1991-10-25,1.13,1.15,1.13,1.14,28080000
1991-10-28,1.14,1.14,1.11,1.13,37953600
1991-10-29,1.15,1.15,1.13,1.14,36523200
1991-10-30,1.20,1.20,1.15,1.15,65592000
1991-10-31,1.19,1.20,1.18,1.20,41092800
1991-11-01,1.17,1.19,1.16,1.18,34296000
1991-11-04,1.15,1.17,1.15,1.17,28838400
1991-11-05,1.19,1.20,1.15,1.15,51739200
1991-11-06,1.20,1.21,1.18,1.19,38308800
1991-11-07,1.20,1.21,1.20,1.21,20894400
1991-11-08,1.20,1.22,1.20,1.20,36494400
1991-11-11,1.23,1.24,1.21,1.21,40564800
1991-11-12,1.26,1.27,1.24,1.24,80035200
1991-11-13,1.28,1.29,1.25,1.26,57523200
1991-11-14,1.26,1.28,1.25,1.28,44371200
1991-11-15,1.20,1.27,1.20,1.25,71592000
1991-11-18,1.23,1.24,1.20,1.20,72432000
1991-11-19,1.22,1.23,1.19,1.22,71976000
1991-11-20,1.22,1.23,1.21,1.23,36441600
1991-11-21,1.23,1.23,1.21,1.22,35558400
1991-11-22,1.21,1.23,1.20,1.23,38102400
1991-11-25,1.21,1.23,1.20,1.21,33724800
1991-11-26,1.20,1.22,1.17,1.22,58809600
1991-11-27,1.20,1.21,1.19,1.19,15009600
1991-11-29,1.23,1.24,1.20,1.20,20524800
1991-12-02,1.28,1.28,1.21,1.22,55852800
1991-12-03,1.28,1.30,1.26,1.28,64996800
1991-12-04,1.29,1.30,1.26,1.29,36297600
1991-12-05,1.29,1.29,1.27,1.29,24892800
1991-12-06,1.32,1.33,1.28,1.28,51580800
1991-12-09,1.29,1.31,1.28,1.31,57720000
1991-12-10,1.29,1.29,1.26,1.29,46252800
1991-12-11,1.27,1.30,1.26,1.29,39134400
1991-12-12,1.29,1.31,1.27,1.28,36979200
1991-12-13,1.29,1.30,1.28,1.29,26193600
1991-12-16,1.29,1.29,1.27,1.29,27225600
1991-12-17,1.29,1.31,1.27,1.29,27480000
1991-12-18,1.30,1.31,1.28,1.29,33561600
1991-12-19,1.30,1.31,1.28,1.29,38116800
1991-12-20,1.31,1.33,1.29,1.32,35356800
1991-12-23,1.35,1.35,1.30,1.31,46113600
1991-12-24,1.34,1.36,1.34,1.35,23995200
1991-12-26,1.36,1.37,1.34,1.34,24326400
1991-12-27,1.40,1.41,1.36,1.37,36657600
1991-12-30,1.40,1.41,1.38,1.40,35524800
1991-12-31,1.41,1.42,1.38,1.40,40512000
1992-01-02,1.44,1.45,1.38,1.40,74265600
1992-01-03,1.43,1.44,1.41,1.44,38246400
1992-01-06,1.47,1.49,1.42,1.43,63057600
1992-01-07,1.52,1.52,1.46,1.47,64363200
1992-01-08,1.57,1.59,1.50,1.50,90763200
1992-01-09,1.61,1.63,1.57,1.57,88348800
1992-01-10,1.58,1.62,1.57,1.61,64641600
1992-01-13,1.61,1.63,1.55,1.57,52804800
1992-01-14,1.62,1.63,1.59,1.61,44006400
1992-01-15,1.66,1.69,1.62,1.63,65294400
1992-01-16,1.62,1.67,1.61,1.66,58761600
1992-01-17,1.60,1.64,1.56,1.62,85027200
1992-01-20,1.55,1.61,1.55,1.61,58862400
1992-01-21,1.51,1.56,1.47,1.55,120019200
1992-01-22,1.59,1.59,1.50,1.52,56131200
1992-01-23,1.58,1.64,1.56,1.59,75590400
1992-01-24,1.58,1.59,1.57,1.57,37756800
1992-01-27,1.53,1.59,1.52,1.58,46233600
1992-01-28,1.53,1.54,1.47,1.53,95539200
1992-01-29,1.57,1.59,1.54,1.55,97344000
1992-01-30,1.56,1.58,1.54,1.57,41923200
1992-01-31,1.52,1.56,1.51,1.56,49948800
1992-02-03,1.58,1.59,1.49,1.50,80265600
1992-02-04,1.57,1.59,1.55,1.58,58440000
1992-02-05,1.61,1.63,1.56,1.58,71212800
1992-02-06,1.60,1.63,1.59,1.60,62356800
1992-02-07,1.59,1.61,1.57,1.60,36499200
1992-02-10,1.57,1.59,1.54,1.59,41371200
1992-02-11,1.55,1.58,1.54,1.57,41078400
1992-02-12,1.59,1.60,1.50,1.50,83342400
1992-02-13,1.55,1.60,1.54,1.59,97358400
1992-02-14,1.50,1.55,1.49,1.55,82632000
1992-02-18,1.50,1.55,1.49,1.51,73694400
1992-02-19,1.46,1.49,1.44,1.49,145372800
1992-02-20,1.49,1.51,1.46,1.47,74323200
1992-02-21,1.45,1.50,1.44,1.48,91118400
1992-02-24,1.45,1.47,1.43,1.45,59049600
1992-02-25,1.46,1.47,1.43,1.45,57388800
1992-02-26,1.54,1.54,1.47,1.47,100670400
1992-02-27,1.58,1.58,1.55,1.55,79579200
1992-02-28,1.56,1.60,1.55,1.58,58276800
1992-03-02,1.56,1.59,1.54,1.56,34876800
1992-03-03,1.56,1.58,1.55,1.56,27734400
1992-03-04,1.55,1.57,1.54,1.56,33086400
1992-03-05,1.53,1.56,1.51,1.55,55689600
1992-03-06,1.50,1.54,1.48,1.53,61867200
1992-03-09,1.50,1.52,1.50,1.50,30427200
1992-03-10,1.54,1.55,1.51,1.51,45480000
1992-03-11,1.52,1.56,1.51,1.55,39532800
1992-03-12,1.53,1.54,1.50,1.52,50025600
1992-03-13,1.53,1.56,1.52,1.55,36763200
1992-03-16,1.57,1.57,1.52,1.53,55132800
1992-03-17,1.62,1.63,1.58,1.59,94473600
1992-03-18,1.60,1.63,1.59,1.63,69230400
1992-03-19,1.61,1.65,1.60,1.61,111576000
1992-03-20,1.63,1.63,1.61,1.61,35774400
1992-03-23,1.63,1.63,1.62,1.63,37843200
1992-03-24,1.61,1.64,1.60,1.63,70228800
1992-03-25,1.63,1.63,1.61,1.61,36739200
1992-03-26,1.58,1.63,1.57,1.63,60403200
1992-03-27,1.53,1.58,1.51,1.57,89971200
1992-03-30,1.52,1.54,1.52,1.54,40713600
1992-03-31,1.50,1.54,1.49,1.52,86702400
1992-04-01,1.52,1.53,1.48,1.48,74203200
1992-04-02,1.48,1.54,1.48,1.52,56918400
1992-04-03,1.49,1.51,1.48,1.49,59534400
1992-04-06,1.53,1.54,1.49,1.49,40123200
1992-04-07,1.47,1.55,1.46,1.54,72758400
1992-04-08,1.48,1.49,1.43,1.46,105388800
1992-04-09,1.52,1.52,1.47,1.50,70008000
1992-04-10,1.47,1.54,1.44,1.53,126446400
1992-04-13,1.49,1.49,1.44,1.48,45552000
1992-04-14,1.48,1.52,1.47,1.50,72806400
1992-04-15,1.63,1.63,1.60,1.63,223305600
1992-04-16,1.61,1.63,1.61,1.63,66393600
1992-04-20,1.49,1.58,1.46,1.57,226118400
1992-04-21,1.47,1.50,1.46,1.50,99244800
1992-04-22,1.49,1.50,1.45,1.47,61790400
1992-04-23,1.46,1.50,1.42,1.50,115334400
1992-04-24,1.42,1.48,1.42,1.47,90393600
1992-04-27,1.43,1.47,1.42,1.42,99585600
1992-04-28,1.38,1.45,1.35,1.44,199876800
1992-04-29,1.41,1.41,1.37,1.38,137308800
1992-04-30,1.39,1.43,1.39,1.42,95870400
1992-05-01,1.44,1.44,1.39,1.40,62083200
1992-05-04,1.44,1.47,1.42,1.44,73920000
1992-05-05,1.47,1.49,1.43,1.44,59246400
1992-05-06,1.47,1.48,1.46,1.48,50016000
1992-05-07,1.45,1.47,1.44,1.47,40579200
1992-05-08,1.45,1.48,1.43,1.47,59822400
1992-05-11,1.44,1.46,1.43,1.45,41112000
1992-05-12,1.44,1.46,1.43,1.45,49905600
1992-05-13,1.43,1.44,1.40,1.44,64320000
1992-05-14,1.40,1.43,1.38,1.43,72307200
1992-05-15,1.39,1.41,1.38,1.39,40814400
1992-05-18,1.43,1.44,1.40,1.40,37526400
1992-05-19,1.45,1.45,1.43,1.43,51240000
1992-05-20,1.48,1.48,1.45,1.45,58800000
1992-05-21,1.47,1.48,1.46,1.48,48566400
1992-05-22,1.46,1.48,1.45,1.48,36969600
1992-05-26,1.46,1.48,1.45,1.47,38217600
1992-05-27,1.45,1.47,1.45,1.46,31166400
1992-05-28,1.50,1.51,1.45,1.45,62702400
1992-05-29,1.53,1.55,1.51,1.51,89918400
1992-06-01,1.57,1.57,1.52,1.52,68529600
1992-06-02,1.55,1.57,1.55,1.57,42585600
1992-06-03,1.56,1.57,1.55,1.55,28190400
1992-06-04,1.55,1.56,1.55,1.56,41755200
1992-06-05,1.53,1.56,1.53,1.55,40939200
1992-06-08,1.50,1.53,1.50,1.53,40228800
1992-06-09,1.45,1.50,1.44,1.50,84604800
1992-06-10,1.42,1.46,1.42,1.46,65457600
1992-06-11,1.37,1.46,1.36,1.42,130732800
1992-06-12,1.42,1.43,1.38,1.39,138028800
1992-06-15,1.44,1.48,1.42,1.42,54940800
1992-06-16,1.38,1.45,1.38,1.43,57376000
1992-06-17,1.37,1.39,1.36,1.38,70032000
1992-06-18,1.37,1.42,1.35,1.38,53356800
1992-06-19,1.39,1.41,1.38,1.39,43110400
1992-06-22,1.41,1.41,1.36,1.39,54080000
1992-06-23,1.39,1.44,1.38,1.42,57420800
1992-06-24,1.37,1.40,1.36,1.40,34096000
1992-06-25,1.33,1.37,1.26,1.37,165340800
1992-06-26,1.27,1.32,1.25,1.32,140982400
1992-06-29,1.37,1.38,1.29,1.30,90963200
1992-06-30,1.33,1.38,1.32,1.38,74048000
1992-07-01,1.37,1.38,1.32,1.33,45136000
1992-07-02,1.33,1.38,1.30,1.38,80563200
1992-07-06,1.32,1.33,1.29,1.33,36224000
1992-07-07,1.29,1.32,1.28,1.32,54396800
1992-07-08,1.30,1.31,1.24,1.29,93417600
1992-07-09,1.31,1.34,1.29,1.31,61174400
1992-07-10,1.32,1.33,1.28,1.31,28905600
1992-07-13,1.33,1.35,1.30,1.32,35113600
1992-07-14,1.35,1.36,1.33,1.34,41116800
1992-07-15,1.36,1.39,1.35,1.36,80172800
1992-07-16,1.37,1.37,1.34,1.35,42291200
1992-07-17,1.33,1.37,1.32,1.36,59865600
1992-07-20,1.31,1.33,1.30,1.32,48707200
1992-07-21,1.36,1.38,1.32,1.33,45907200
1992-07-22,1.33,1.36,1.32,1.36,59008000
1992-07-23,1.35,1.37,1.30,1.32,68441600
1992-07-24,1.38,1.40,1.35,1.35,76259200
1992-07-27,1.38,1.39,1.37,1.38,30512000
1992-07-28,1.40,1.41,1.38,1.39,45363200
1992-07-29,1.40,1.42,1.37,1.41,145273600
1992-07-30,1.39,1.41,1.38,1.39,32035200
1992-07-31,1.38,1.39,1.37,1.39,35312000
1992-08-03,1.40,1.41,1.37,1.38,31516800
1992-08-04,1.40,1.41,1.39,1.40,31430400
1992-08-05,1.37,1.40,1.35,1.40,60150400
1992-08-06,1.36,1.37,1.33,1.36,3705600
1992-08-07,1.34,1.40,1.34,1.36,55008000
1992-08-10,1.34,1.38,1.34,1.35,42067200
1992-08-11,1.35,1.36,1.33,1.35,33436800
1992-08-12,1.35,1.38,1.34,1.36,30441600
1992-08-13,1.34,1.36,1.34,1.35,28227200
1992-08-14,1.35,1.36,1.34,1.35,33942400
1992-08-17,1.32,1.35,1.32,1.34,63318400
1992-08-18,1.32,1.34,1.29,1.31,66313600
1992-08-19,1.31,1.34,1.30,1.32,27433600
1992-08-20,1.33,1.34,1.31,1.32,36534400
1992-08-21,1.32,1.34,1.31,1.34,52710400
1992-08-24,1.31,1.33,1.30,1.32,42800000
1992-08-25,1.33,1.34,1.30,1.30,37123200
1992-08-26,1.36,1.37,1.33,1.33,50016000
1992-08-27,1.40,1.40,1.37,1.37,88028800
1992-08-28,1.41,1.41,1.39,1.39,49468800
1992-08-31,1.41,1.42,1.39,1.41,25651200
1992-09-01,1.41,1.42,1.39,1.40,30825600
1992-09-02,1.43,1.44,1.40,1.41,61955200
1992-09-03,1.45,1.47,1.43,1.44,85296000
1992-09-04,1.44,1.45,1.43,1.45,28585600
1992-09-08,1.46,1.46,1.43,1.44,49376000
1992-09-09,1.48,1.49,1.45,1.46,60982400
1992-09-10,1.50,1.50,1.47,1.48,53302400
1992-09-11,1.49,1.50,1.48,1.49,30796800
1992-09-14,1.55,1.56,1.51,1.51,95100800
1992-09-15,1.54,1.55,1.52,1.55,44614400
1992-09-16,1.52,1.55,1.51,1.51,35708800
1992-09-17,1.54,1.55,1.52,1.53,23590400
1992-09-18,1.52,1.55,1.49,1.54,71683200
1992-09-21,1.50,1.51,1.48,1.49,31811200
1992-09-22,1.47,1.50,1.47,1.50,30777600
1992-09-23,1.50,1.51,1.47,1.47,37654400
1992-09-24,1.52,1.53,1.50,1.50,36953600
1992-09-25,1.49,1.52,1.44,1.52,41817600
1992-09-28,1.46,1.48,1.45,1.45,52854400
1992-09-29,1.49,1.50,1.46,1.46,39392000
1992-09-30,1.53,1.53,1.49,1.51,59843200
1992-10-01,1.51,1.54,1.51,1.52,47804800
1992-10-02,1.49,1.51,1.48,1.50,36803200
1992-10-05,1.55,1.55,1.44,1.49,71347200
1992-10-06,1.56,1.58,1.54,1.56,74316800
1992-10-07,1.54,1.60,1.54,1.56,58153600
1992-10-08,1.58,1.60,1.55,1.56,59532800
1992-10-09,1.56,1.58,1.55,1.58,40182400
1992-10-12,1.59,1.59,1.57,1.57,34700800
1992-10-13,1.60,1.62,1.58,1.61,86643200
1992-10-14,1.58,1.61,1.57,1.60,47456000
1992-10-15,1.60,1.61,1.57,1.58,35942400
1992-10-16,1.62,1.62,1.59,1.61,47644800
1992-10-19,1.67,1.67,1.61,1.61,83280000
1992-10-20,1.67,1.70,1.65,1.67,84150400
1992-10-21,1.71,1.71,1.66,1.67,60396800
1992-10-22,1.70,1.71,1.67,1.71,49174400
1992-10-23,1.68,1.71,1.67,1.71,46006400
1992-10-26,1.71,1.71,1.66,1.68,40121600
1992-10-27,1.67,1.71,1.66,1.71,49116800
1992-10-28,1.68,1.68,1.66,1.67,36172800
1992-10-29,1.71,1.71,1.68,1.68,32774400
1992-10-30,1.68,1.71,1.68,1.70,24998400
1992-11-02,1.70,1.71,1.66,1.69,31091200
1992-11-03,1.67,1.70,1.66,1.70,35267200
1992-11-04,1.68,1.70,1.67,1.67,23657600
1992-11-05,1.74,1.75,1.67,1.69,90361600
1992-11-06,1.76,1.77,1.73,1.74,61155200
1992-11-09,1.74,1.76,1.72,1.76,54796800
1992-11-10,1.76,1.77,1.74,1.75,38710400
1992-11-11,1.78,1.80,1.75,1.76,60748800
1992-11-12,1.77,1.79,1.75,1.78,46960000
1992-11-13,1.77,1.78,1.75,1.77,25811200
1992-11-16,1.76,1.77,1.75,1.76,19312000
1992-11-17,1.71,1.78,1.69,1.76,56649600
1992-11-18,1.75,1.75,1.70,1.72,33273600
1992-11-19,1.78,1.80,1.75,1.75,46857600
1992-11-20,1.80,1.80,1.78,1.78,41113600
1992-11-23,1.68,1.74,1.66,1.71,309884800
1992-11-24,1.74,1.76,1.69,1.73,145513600
1992-11-25,1.73,1.75,1.71,1.75,53152000
1992-11-27,1.74,1.75,1.73,1.74,17593600
1992-11-30,1.77,1.77,1.74,1.75,35251200
1992-12-01,1.77,1.77,1.75,1.76,33593600
1992-12-02,1.72,1.77,1.72,1.76,49881600
1992-12-03,1.74,1.75,1.72,1.72,26048000
1992-12-04,1.74,1.75,1.73,1.74,23548800
1992-12-07,1.77,1.77,1.73,1.75,46422400
1992-12-08,1.75,1.78,1.74,1.78,26908800
1992-12-09,1.75,1.77,1.73,1.74,26048000
1992-12-10,1.69,1.74,1.68,1.71,89296000
1992-12-11,1.64,1.69,1.63,1.68,112934400
1992-12-14,1.65,1.67,1.64,1.65,51286400
1992-12-15,1.64,1.66,1.62,1.66,45289600
1992-12-16,1.65,1.67,1.62,1.64,73792000
1992-12-17,1.71,1.71,1.65,1.66,51859200
1992-12-18,1.71,1.71,1.68,1.69,74387200
1992-12-21,1.72,1.75,1.69,1.70,64928000
1992-12-22,1.66,1.74,1.65,1.73,56928000
1992-12-23,1.66,1.67,1.63,1.67,59974400
1992-12-24,1.66,1.66,1.63,1.66,32723200
1992-12-28,1.66,1.66,1.63,1.66,45731200
1992-12-29,1.64,1.66,1.64,1.66,60035200
1992-12-30,1.63,1.65,1.62,1.65,50860800
1992-12-31,1.62,1.64,1.62,1.63,30851200
1993-01-04,1.61,1.63,1.60,1.61,72646400
1993-01-05,1.64,1.65,1.61,1.61,71529600
1993-01-06,1.69,1.69,1.65,1.65,87440000
1993-01-07,1.66,1.70,1.65,1.69,58748800
1993-01-08,1.65,1.67,1.64,1.66,43977600
1993-01-11,1.69,1.69,1.64,1.66,58348800
1993-01-12,1.70,1.73,1.68,1.69,85129600
1993-01-13,1.73,1.75,1.67,1.70,83696000
1993-01-14,1.73,1.78,1.72,1.75,121264000
1993-01-15,1.70,1.73,1.65,1.66,181958400
1993-01-18,1.69,1.70,1.67,1.70,50611200
1993-01-19,1.68,1.69,1.67,1.69,52960000
1993-01-20,1.68,1.69,1.66,1.68,47968000
1993-01-21,1.70,1.71,1.65,1.66,73363200
1993-01-22,1.70,1.71,1.68,1.70,49088000
1993-01-25,1.68,1.71,1.66,1.69,49609600
1993-01-26,1.67,1.71,1.66,1.68,42345600
1993-01-27,1.64,1.66,1.62,1.66,64192000
1993-01-28,1.65,1.65,1.61,1.64,77030400
1993-01-29,1.64,1.67,1.63,1.66,39424000
1993-02-01,1.66,1.67,1.62,1.64,42854400
1993-02-02,1.69,1.70,1.66,1.66,70371200
1993-02-03,1.68,1.71,1.67,1.70,71728000
1993-02-04,1.61,1.66,1.60,1.66,124214400
1993-02-05,1.69,1.70,1.56,1.61,177216000
1993-02-08,1.63,1.69,1.61,1.68,92665600
1993-02-09,1.59,1.66,1.58,1.65,64550400
1993-02-10,1.62,1.64,1.59,1.60,39193600
1993-02-11,1.62,1.64,1.61,1.64,31635200
1993-02-12,1.59,1.62,1.58,1.62,34752000
1993-02-16,1.52,1.59,1.51,1.57,91180800
1993-02-17,1.52,1.54,1.47,1.54,121913600
1993-02-18,1.55,1.57,1.50,1.54,138553600
1993-02-19,1.51,1.56,1.51,1.55,97094400
1993-02-22,1.46,1.54,1.46,1.51,76256000
1993-02-23,1.51,1.53,1.46,1.48,105974400
1993-02-24,1.59,1.59,1.49,1.50,77548800
1993-02-25,1.60,1.61,1.56,1.56,60806400
1993-02-26,1.58,1.61,1.57,1.60,29833600
1993-03-01,1.55,1.59,1.54,1.59,26432000
1993-03-02,1.61,1.61,1.54,1.55,38380800
1993-03-03,1.61,1.62,1.58,1.61,42352000
1993-03-04,1.59,1.61,1.55,1.61,56659200
1993-03-05,1.57,1.61,1.56,1.58,35724800
1993-03-08,1.59,1.60,1.56,1.57,48022400
1993-03-09,1.60,1.61,1.59,1.59,41312000
1993-03-10,1.61,1.63,1.58,1.60,26592000
1993-03-11,1.64,1.66,1.61,1.62,57779200
1993-03-12,1.69,1.69,1.62,1.63,73580800
1993-03-15,1.66,1.69,1.65,1.69,35347200
1993-03-16,1.66,1.68,1.65,1.67,36336000
1993-03-17,1.62,1.66,1.62,1.65,39644800
1993-03-18,1.62,1.65,1.61,1.63,34406400
1993-03-19,1.60,1.63,1.59,1.63,45404800
1993-03-22,1.58,1.59,1.56,1.58,34083200
1993-03-23,1.58,1.61,1.57,1.58,34409600
1993-03-24,1.64,1.65,1.57,1.58,50576000
1993-03-25,1.66,1.67,1.64,1.64,43833600
1993-03-26,1.64,1.67,1.63,1.67,28380800
1993-03-29,1.65,1.68,1.65,1.65,48262400
1993-03-30,1.73,1.73,1.66,1.68,140777600
1993-03-31,1.75,1.79,1.72,1.73,179660800
1993-04-01,1.76,1.80,1.75,1.75,100412800
1993-04-02,1.70,1.75,1.70,1.74,73251200
1993-04-05,1.74,1.75,1.67,1.68,61187200
1993-04-06,1.70,1.76,1.69,1.74,55699200
1993-04-07,1.71,1.72,1.69,1.71,39417600
1993-04-08,1.69,1.71,1.67,1.71,40185600
1993-04-12,1.71,1.73,1.68,1.68,48976000
1993-04-13,1.69,1.75,1.68,1.71,53337600
1993-04-14,1.69,1.71,1.66,1.69,38592000
1993-04-15,1.65,1.70,1.63,1.67,109152000
1993-04-16,1.65,1.66,1.62,1.66,49600000
1993-04-19,1.65,1.66,1.61,1.65,45673600
1993-04-20,1.65,1.66,1.61,1.65,46009600
1993-04-21,1.61,1.65,1.60,1.65,92528000
1993-04-22,1.58,1.61,1.57,1.60,79872000
1993-04-23,1.54,1.58,1.53,1.57,89296000
1993-04-26,1.52,1.56,1.51,1.55,65376000
1993-04-27,1.56,1.57,1.52,1.53,58208000
1993-04-28,1.63,1.63,1.57,1.57,55372800
1993-04-29,1.62,1.63,1.59,1.63,49660800
1993-04-30,1.62,1.65,1.61,1.61,46825600
1993-05-03,1.63,1.65,1.61,1.62,38096000
1993-05-04,1.67,1.68,1.64,1.65,49664000
1993-05-05,1.69,1.71,1.66,1.67,51868800
1993-05-06,1.66,1.70,1.65,1.69,47244800
1993-05-07,1.65,1.66,1.64,1.66,31798400
1993-05-10,1.69,1.71,1.67,1.68,69091200
1993-05-11,1.66,1.68,1.66,1.67,38220800
1993-05-12,1.64,1.67,1.63,1.66,48272000
1993-05-13,1.63,1.63,1.60,1.63,43708800
1993-05-14,1.62,1.65,1.61,1.63,49116800
1993-05-17,1.64,1.64,1.62,1.63,27763200
1993-05-18,1.68,1.68,1.64,1.65,84185600
1993-05-19,1.75,1.76,1.70,1.72,181017600
1993-05-20,1.79,1.81,1.75,1.75,150256000
1993-05-21,1.75,1.79,1.75,1.77,75500800
1993-05-24,1.75,1.78,1.75,1.75,64252800
1993-05-25,1.73,1.75,1.71,1.74,36716800
1993-05-26,1.81,1.81,1.73,1.74,87484800
1993-05-27,1.79,1.81,1.76,1.80,95052800
1993-05-28,1.76,1.78,1.74,1.77,35136000
1993-06-01,1.83,1.86,1.76,1.76,173088000
1993-06-02,1.82,1.85,1.81,1.82,70710400
1993-06-03,1.79,1.82,1.79,1.82,23936000
1993-06-04,1.78,1.79,1.77,1.78,32652800
1993-06-07,1.77,1.82,1.76,1.79,52761600
1993-06-08,1.75,1.77,1.72,1.76,48131200
1993-06-09,1.73,1.76,1.72,1.76,62480000
1993-06-10,1.73,1.75,1.70,1.73,56544000
1993-06-11,1.70,1.75,1.69,1.74,67542400
1993-06-14,1.75,1.75,1.71,1.73,40489600
1993-06-15,1.75,1.76,1.74,1.76,42345600
1993-06-16,1.73,1.77,1.69,1.76,66966400
1993-06-17,1.72,1.74,1.72,1.74,28083200
1993-06-18,1.66,1.73,1.65,1.72,75910400
1993-06-21,1.68,1.69,1.65,1.68,68102400
1993-06-22,1.67,1.70,1.66,1.69,41062400
1993-06-23,1.68,1.69,1.66,1.67,33129600
1993-06-24,1.68,1.70,1.66,1.67,35782400
1993-06-25,1.68,1.69,1.65,1.68,45484800
1993-06-28,1.71,1.71,1.68,1.68,52224000
1993-06-29,1.69,1.74,1.68,1.71,42361600
1993-06-30,1.67,1.71,1.66,1.69,56422400
1993-07-01,1.65,1.68,1.64,1.67,57907200
1993-07-02,1.66,1.66,1.64,1.66,25404800
1993-07-06,1.63,1.66,1.62,1.65,47721600
1993-07-07,1.58,1.60,1.54,1.56,182569600
1993-07-08,1.61,1.62,1.59,1.59,70105600
1993-07-09,1.61,1.61,1.58,1.61,50000000
1993-07-12,1.59,1.61,1.58,1.61,26540800
1993-07-13,1.57,1.59,1.56,1.59,36476800
1993-07-14,1.60,1.62,1.56,1.57,43491200
1993-07-15,1.58,1.60,1.57,1.60,34432000
1993-07-16,1.54,1.58,1.53,1.58,86217600
1993-07-19,1.49,1.52,1.48,1.51,122435200
1993-07-20,1.53,1.53,1.48,1.50,74822400
1993-07-21,1.50,1.50,1.46,1.49,178963200
1993-07-22,1.47,1.55,1.46,1.53,147584000
1993-07-23,1.47,1.48,1.46,1.46,92790400
1993-07-26,1.48,1.50,1.47,1.48,65801600
1993-07-27,1.43,1.49,1.43,1.49,112220800
1993-07-28,1.48,1.51,1.42,1.44,113459200
1993-07-29,1.50,1.53,1.47,1.48,96534400
1993-07-30,1.40,1.41,1.37,1.38,287936000
1993-08-02,1.38,1.44,1.37,1.42,148208000
1993-08-03,1.38,1.39,1.37,1.38,85136000
1993-08-04,1.38,1.40,1.36,1.39,94416000
1993-08-05,1.42,1.42,1.39,1.39,67910400
1993-08-06,1.39,1.44,1.38,1.42,71760000
1993-08-09,1.38,1.40,1.37,1.39,70876800
1993-08-10,1.35,1.39,1.33,1.38,192028800
1993-08-11,1.37,1.38,1.35,1.35,95974400
1993-08-12,1.40,1.41,1.37,1.38,77366400
1993-08-13,1.43,1.44,1.38,1.40,61900800
1993-08-16,1.47,1.48,1.43,1.44,78451200
1993-08-17,1.47,1.49,1.44,1.48,54272000
1993-08-18,1.47,1.50,1.45,1.47,66012800
1993-08-19,1.41,1.48,1.40,1.47,114742400
1993-08-20,1.45,1.46,1.39,1.39,73683200
1993-08-23,1.46,1.48,1.43,1.43,59472000
1993-08-24,1.44,1.46,1.44,1.45,39417600
1993-08-25,1.41,1.44,1.38,1.42,68800000
1993-08-26,1.37,1.40,1.36,1.39,136256000
1993-08-27,1.36,1.38,1.35,1.37,67763200
1993-08-30,1.38,1.39,1.36,1.38,54012800
1993-08-31,1.43,1.43,1.39,1.40,93020800
1993-09-01,1.46,1.47,1.42,1.43,86035200
1993-09-02,1.45,1.49,1.44,1.47,55497600
1993-09-03,1.44,1.46,1.43,1.45,26800000
1993-09-07,1.42,1.45,1.41,1.44,38659200
1993-09-08,1.41,1.42,1.39,1.40,54777600
1993-09-09,1.45,1.45,1.41,1.42,29856000
1993-09-10,1.48,1.48,1.45,1.46,56540800
1993-09-13,1.45,1.49,1.45,1.49,33481600
1993-09-14,1.43,1.45,1.41,1.44,57756800
1993-09-15,1.45,1.46,1.41,1.44,60428800
1993-09-16,1.44,1.47,1.44,1.46,25641600
1993-09-17,1.44,1.45,1.43,1.43,25286400
1993-09-20,1.43,1.47,1.42,1.45,34691200
1993-09-21,1.44,1.47,1.42,1.43,57846400
1993-09-22,1.47,1.48,1.43,1.44,72051200
1993-09-23,1.49,1.50,1.46,1.47,72214400
1993-09-24,1.52,1.53,1.49,1.49,91481600
1993-09-27,1.56,1.56,1.54,1.55,73472000
1993-09-28,1.59,1.60,1.56,1.56,84012800
1993-09-29,1.57,1.59,1.53,1.59,87529600
1993-09-30,1.56,1.58,1.56,1.57,38400000
1993-10-01,1.56,1.58,1.56,1.56,46048000
1993-10-04,1.57,1.59,1.56,1.56,40505600
1993-10-05,1.58,1.61,1.56,1.57,86931200
1993-10-06,1.61,1.62,1.57,1.58,77321600
1993-10-07,1.60,1.63,1.59,1.61,41596800
1993-10-08,1.60,1.61,1.56,1.60,38086400
1993-10-11,1.59,1.61,1.56,1.60,36457600
1993-10-12,1.60,1.62,1.56,1.60,79296000
1993-10-13,1.58,1.60,1.54,1.59,62409600
1993-10-14,1.56,1.59,1.56,1.59,63257600
1993-10-15,1.53,1.57,1.52,1.56,126425600
1993-10-18,1.57,1.58,1.53,1.54,67750400
1993-10-19,1.52,1.59,1.51,1.56,91392000
1993-10-20,1.54,1.55,1.50,1.53,81590400
1993-10-21,1.51,1.52,1.48,1.49,127142400
1993-10-22,1.52,1.53,1.50,1.50,47625600
1993-10-25,1.53,1.54,1.50,1.53,48553600
1993-10-26,1.51,1.53,1.50,1.53,66944000
1993-10-27,1.52,1.53,1.51,1.51,45564800
1993-10-28,1.50,1.53,1.49,1.51,56009600
1993-10-29,1.52,1.52,1.50,1.51,39843200
1993-11-01,1.53,1.55,1.51,1.52,30163200
1993-11-02,1.52,1.55,1.51,1.54,42422400
1993-11-03,1.49,1.53,1.47,1.52,56796800
1993-11-04,1.45,1.50,1.45,1.49,63177600
1993-11-05,1.49,1.50,1.44,1.45,56432000
1993-11-08,1.49,1.51,1.47,1.50,28819200
1993-11-09,1.48,1.52,1.48,1.50,36320000
1993-11-10,1.54,1.55,1.50,1.52,57177600
1993-11-11,1.55,1.56,1.54,1.54,31158400
1993-11-12,1.55,1.56,1.55,1.55,34339200
1993-11-15,1.53,1.56,1.53,1.56,29244800
1993-11-16,1.56,1.57,1.53,1.54,47664000
1993-11-17,1.53,1.57,1.53,1.57,72217600
1993-11-18,1.52,1.55,1.52,1.53,48438400
1993-11-19,1.52,1.52,1.51,1.51,38403200
1993-11-22,1.46,1.51,1.45,1.51,80355200
1993-11-23,1.47,1.49,1.47,1.47,98256000
1993-11-24,1.49,1.51,1.47,1.47,32467200
1993-11-26,1.50,1.50,1.49,1.50,6403200
1993-11-29,1.51,1.52,1.50,1.50,32105600
1993-11-30,1.52,1.53,1.48,1.49,44153600
1993-12-01,1.55,1.56,1.53,1.53,58886400
1993-12-02,1.57,1.57,1.55,1.56,51936000
1993-12-03,1.63,1.64,1.58,1.59,114502400
1993-12-06,1.61,1.62,1.59,1.61,59337600
1993-12-07,1.62,1.63,1.61,1.61,32780800
1993-12-08,1.58,1.59,1.56,1.57,105900800
1993-12-09,1.54,1.58,1.53,1.58,61465600
1993-12-10,1.55,1.56,1.53,1.54,19916800
1993-12-13,1.54,1.56,1.53,1.55,20112000
1993-12-14,1.52,1.55,1.50,1.54,47414400
1993-12-15,1.51,1.54,1.51,1.52,35219200
1993-12-16,1.52,1.54,1.51,1.52,29113600
1993-12-17,1.53,1.53,1.51,1.53,26112000
1993-12-20,1.56,1.56,1.53,1.54,35462400
1993-12-21,1.56,1.56,1.55,1.56,31008000
1993-12-22,1.54,1.56,1.54,1.56,24169600
1993-12-23,1.53,1.56,1.53,1.54,31820800
1993-12-27,1.53,1.54,1.51,1.53,24537600
1993-12-28,1.57,1.57,1.53,1.53,27776000
1993-12-29,1.55,1.58,1.53,1.57,48988800
1993-12-30,1.54,1.56,1.53,1.55,25328000
1993-12-31,1.53,1.55,1.52,1.54,22995200
1994-01-03,1.52,1.53,1.50,1.53,36646400
1994-01-04,1.53,1.53,1.50,1.52,45302400
1994-01-05,1.56,1.56,1.52,1.52,53974400
1994-01-06,1.61,1.61,1.56,1.57,82006400
1994-01-07,1.62,1.63,1.58,1.60,70832000
1994-01-10,1.63,1.64,1.61,1.61,74185600
1994-01-11,1.62,1.63,1.60,1.61,35360000
1994-01-12,1.62,1.63,1.59,1.61,39488000
1994-01-13,1.62,1.62,1.59,1.61,40755200
1994-01-14,1.62,1.63,1.61,1.62,45216000
1994-01-17,1.61,1.63,1.60,1.62,30755200
1994-01-18,1.61,1.62,1.59,1.62,43686400
1994-01-19,1.58,1.60,1.56,1.59,76563200
1994-01-20,1.64,1.64,1.58,1.58,145004800
1994-01-21,1.64,1.65,1.61,1.64,99078400
1994-01-24,1.62,1.65,1.61,1.63,38374400
1994-01-25,1.61,1.62,1.59,1.62,70361600
1994-01-26,1.60,1.61,1.59,1.61,50489600
1994-01-27,1.60,1.61,1.58,1.59,51129600
1994-01-28,1.61,1.62,1.60,1.60,41875200
1994-01-31,1.61,1.63,1.61,1.62,62566400
1994-02-01,1.61,1.63,1.60,1.61,44003200
1994-02-02,1.59,1.62,1.59,1.61,40924800
1994-02-03,1.60,1.60,1.58,1.60,31792000
1994-02-04,1.54,1.60,1.54,1.59,78217600
1994-02-07,1.53,1.54,1.51,1.51,118851200
1994-02-08,1.49,1.53,1.48,1.53,149875200
1994-02-09,1.51,1.52,1.48,1.49,98585600
1994-02-10,1.51,1.53,1.50,1.51,66620800
1994-02-11,1.49,1.51,1.48,1.50,53747200
1994-02-14,1.50,1.51,1.49,1.50,55270400
1994-02-15,1.51,1.52,1.50,1.51,28876800
1994-02-16,1.49,1.52,1.49,1.52,43731200
1994-02-17,1.49,1.51,1.48,1.50,85017600
1994-02-18,1.52,1.53,1.49,1.49,79465600
1994-02-22,1.51,1.52,1.49,1.52,63235200
1994-02-23,1.54,1.56,1.48,1.51,139462400
1994-02-24,1.52,1.53,1.50,1.52,82553600
1994-02-25,1.54,1.54,1.51,1.52,52995200
1994-02-28,1.56,1.57,1.54,1.54,55494400
1994-03-01,1.58,1.58,1.56,1.57,48070400
1994-03-02,1.57,1.57,1.54,1.55,68499200
1994-03-03,1.54,1.58,1.53,1.57,31564800
1994-03-04,1.54,1.55,1.53,1.54,25705600
1994-03-07,1.54,1.56,1.53,1.54,30540800
1994-03-08,1.54,1.54,1.51,1.54,24723200
1994-03-09,1.53,1.55,1.52,1.54,37024000
1994-03-10,1.53,1.56,1.53,1.55,46588800
1994-03-11,1.55,1.56,1.53,1.54,34857600
1994-03-14,1.59,1.60,1.56,1.56,69203200
1994-03-15,1.61,1.62,1.58,1.59,62934400
1994-03-16,1.61,1.62,1.60,1.61,41286400
1994-03-17,1.60,1.62,1.60,1.61,30992000
1994-03-18,1.61,1.61,1.58,1.60,36857600
1994-03-21,1.58,1.62,1.57,1.61,65078400
1994-03-22,1.61,1.63,1.56,1.56,89024000
1994-03-23,1.64,1.66,1.61,1.62,116441600
1994-03-24,1.66,1.66,1.61,1.63,60166400
1994-03-25,1.66,1.69,1.65,1.65,102051200
1994-03-28,1.64,1.67,1.59,1.66,118403200
1994-03-29,1.56,1.64,1.56,1.64,78339200
1994-03-30,1.59,1.61,1.56,1.57,86860800
1994-03-31,1.61,1.63,1.56,1.58,72297600
1994-04-04,1.60,1.63,1.56,1.56,73996800
1994-04-05,1.66,1.66,1.61,1.62,101878400
1994-04-06,1.69,1.69,1.66,1.66,80780800
1994-04-07,1.70,1.71,1.68,1.69,76630400
1994-04-08,1.65,1.71,1.65,1.70,118710400
1994-04-11,1.65,1.66,1.63,1.65,40400000
1994-04-12,1.61,1.65,1.59,1.65,84969600
1994-04-13,1.61,1.62,1.57,1.61,69644800
1994-04-14,1.60,1.62,1.59,1.60,53088000
1994-04-15,1.61,1.62,1.58,1.58,35241600
1994-04-18,1.57,1.63,1.56,1.61,78006400
1994-04-19,1.67,1.70,1.63,1.65,291273600
1994-04-20,1.70,1.70,1.65,1.68,104732800
1994-04-21,1.74,1.74,1.69,1.70,141980800
1994-04-22,1.74,1.76,1.72,1.75,66060800
1994-04-25,1.78,1.79,1.74,1.75,142745600
1994-04-26,1.80,1.81,1.78,1.79,113193600
1994-04-28,1.75,1.81,1.74,1.81,141382400
1994-04-29,1.75,1.77,1.73,1.75,56803200
1994-05-02,1.81,1.81,1.75,1.76,79260800
1994-05-03,1.77,1.81,1.77,1.81,41929600
1994-05-04,1.80,1.81,1.76,1.78,68889600
1994-05-05,1.79,1.83,1.78,1.81,56374400
1994-05-06,1.75,1.79,1.72,1.77,96403200
1994-05-09,1.75,1.78,1.74,1.74,47600000
1994-05-10,1.78,1.79,1.76,1.76,65305600
1994-05-11,1.77,1.79,1.76,1.78,57433600
1994-05-12,1.79,1.81,1.77,1.77,58998400
1994-05-13,1.83,1.85,1.79,1.85,179920000
1994-05-16,1.80,1.84,1.80,1.83,56633600
1994-05-17,1.79,1.81,1.77,1.80,122464000
1994-05-18,1.84,1.85,1.80,1.81,96953600
1994-05-19,1.87,1.88,1.84,1.84,89651200
1994-05-20,1.85,1.88,1.84,1.86,78140800
1994-05-23,1.92,1.93,1.84,1.86,74947200
1994-05-24,1.94,1.97,1.91,1.94,85144000
1994-05-25,1.99,2.00,1.91,1.93,86003200
1994-05-26,1.97,2.00,1.94,2.00,64296000
1994-05-27,1.99,2.00,1.94,1.96,47544000
1994-05-31,2.04,2.04,1.97,1.98,76000000
1994-06-01,2.01,2.03,1.99,2.03,100764800
1994-06-02,1.98,2.02,1.97,2.02,60291200
1994-06-03,2.01,2.03,1.98,1.99,86841600
1994-06-06,2.07,2.07,1.96,2.00,764504000
1994-06-07,2.03,2.06,2.03,2.05,166171200
1994-06-08,1.97,2.03,1.96,2.03,203835200
1994-06-09,1.98,1.99,1.96,1.97,79356800
1994-06-10,1.99,2.01,1.97,1.98,53726400
1994-06-13,2.01,2.02,1.97,2.00,56628800
1994-06-14,2.03,2.05,2.01,2.02,59249600
1994-06-15,2.06,2.07,2.02,2.03,58860800
1994-06-16,2.03,2.06,2.03,2.06,48478400
1994-06-17,2.01,2.03,2.01,2.03,47622400
1994-06-20,2.03,2.03,1.99,1.99,45668800
1994-06-21,2.00,2.02,1.97,1.98,86995200
1994-06-22,1.95,2.01,1.94,2.00,82924800
1994-06-23,1.90,1.98,1.90,1.95,85979200
1994-06-24,1.88,1.91,1.87,1.90,81454400
1994-06-27,1.97,1.98,1.87,1.89,76161600
1994-06-28,1.95,2.00,1.90,1.97,99417600
1994-06-29,1.95,1.97,1.93,1.95,53435200
1994-06-30,1.96,1.98,1.93,1.96,40827200
1994-07-01,1.91,1.96,1.89,1.96,66622400
1994-07-05,1.86,1.93,1.86,1.91,40430400
1994-07-06,1.83,1.86,1.81,1.84,89254400
1994-07-07,1.91,1.92,1.82,1.84,89667200
1994-07-08,1.88,1.93,1.86,1.89,48945600
1994-07-11,1.84,1.88,1.81,1.88,85406400
1994-07-12,1.82,1.83,1.78,1.83,83752000
1994-07-13,1.88,1.88,1.82,1.83,82956800
1994-07-14,1.85,1.88,1.84,1.87,81446400
1994-07-15,1.84,1.87,1.82,1.85,45520000
1994-07-18,1.92,1.96,1.88,1.95,150499200
1994-07-19,1.90,1.92,1.88,1.92,70126400
1994-07-20,1.84,1.90,1.82,1.90,112604800
1994-07-21,1.81,1.85,1.80,1.84,85740800
1994-07-22,1.92,1.93,1.79,1.84,152916800
1994-07-25,1.94,1.96,1.91,1.92,51513600
1994-07-26,1.91,1.94,1.89,1.94,54308800
1994-07-27,1.88,1.91,1.88,1.91,29291200
1994-07-28,1.88,1.91,1.87,1.88,39899200
1994-07-29,1.95,1.96,1.88,1.89,67064000
1994-08-01,2.02,2.03,1.95,1.96,83934400
1994-08-02,2.00,2.07,2.00,2.04,95249600
1994-08-03,2.02,2.05,2.02,2.04,58771200
1994-08-04,2.00,2.03,2.00,2.03,40192000
1994-08-05,1.99,2.01,1.98,2.00,31204800
1994-08-08,2.01,2.01,1.97,1.99,34537600
1994-08-09,2.03,2.04,2.00,2.01,40198400
1994-08-10,2.05,2.06,2.02,2.03,48646400
1994-08-11,2.10,2.12,2.04,2.04,81428800
1994-08-12,2.10,2.11,2.08,2.10,38088000
1994-08-15,2.07,2.11,2.06,2.11,36113600
1994-08-16,2.08,2.09,2.05,2.08,56779200
1994-08-17,2.12,2.13,2.09,2.10,79790400
1994-08-18,2.11,2.14,2.10,2.12,61276800
1994-08-19,2.08,2.12,2.08,2.12,74761600
1994-08-22,2.07,2.09,2.07,2.09,62835200
1994-08-23,2.11,2.14,2.07,2.07,58363200
1994-08-24,2.12,2.12,2.11,2.11,35246400
1994-08-25,2.13,2.15,2.12,2.12,55174400
1994-08-26,2.16,2.19,2.13,2.14,60961600
1994-08-29,2.16,2.21,2.16,2.18,56625600
1994-08-30,2.21,2.22,2.15,2.16,39851200
1994-08-31,2.21,2.25,2.19,2.21,60968000
1994-09-01,2.13,2.16,2.12,2.16,115568000
1994-09-02,2.12,2.14,2.12,2.14,46964800
1994-09-06,2.12,2.13,2.11,2.12,28804800
1994-09-07,2.16,2.19,2.13,2.13,43588800
1994-09-08,2.20,2.20,2.16,2.16,28377600
1994-09-09,2.16,2.20,2.12,2.13,60800000
1994-09-12,2.13,2.17,2.12,2.17,36238400
1994-09-13,2.18,2.20,2.14,2.14,41134400
1994-09-14,2.19,2.21,2.18,2.19,29968000
1994-09-15,2.21,2.21,2.18,2.19,40640000
1994-09-16,2.16,2.21,2.15,2.20,52921600
1994-09-19,2.16,2.17,2.15,2.17,48350400
1994-09-20,2.12,2.17,2.12,2.16,40276800
1994-09-21,2.17,2.18,2.09,2.14,82948800
1994-09-22,2.16,2.18,2.15,2.17,44320000
1994-09-23,2.12,2.18,2.12,2.16,48371200
1994-09-26,2.11,2.12,2.10,2.12,29921600
1994-09-27,2.14,2.14,2.08,2.11,50585600
1994-09-28,2.16,2.18,2.14,2.15,33355200
1994-09-29,2.14,2.17,2.14,2.16,27105600
1994-09-30,2.13,2.18,2.13,2.14,34608000
1994-10-03,2.12,2.14,2.11,2.13,28833600
1994-10-04,2.09,2.13,2.08,2.12,42622400
1994-10-05,2.11,2.12,2.05,2.08,50985600
1994-10-06,2.07,2.12,2.06,2.11,40790400
1994-10-07,2.06,2.08,2.04,2.07,51518400
1994-10-10,2.08,2.10,2.06,2.06,39480000
1994-10-11,2.12,2.15,2.09,2.09,55692800
1994-10-12,2.13,2.14,2.12,2.12,27912000
1994-10-13,2.17,2.19,2.15,2.15,63033600
1994-10-14,2.12,2.18,2.09,2.17,99878400
1994-10-17,2.09,2.13,2.09,2.12,31160000
1994-10-18,2.15,2.15,2.09,2.10,52686400
1994-10-19,2.19,2.20,2.13,2.15,59488000
1994-10-20,2.26,2.27,2.20,2.21,136558400
1994-10-21,2.25,2.26,2.21,2.25,67099200
1994-10-24,2.23,2.26,2.21,2.26,57145600
1994-10-25,2.26,2.27,2.21,2.23,44780800
1994-10-26,2.31,2.32,2.27,2.27,97904000
1994-10-27,2.34,2.34,2.30,2.32,41238400
1994-10-28,2.36,2.37,2.33,2.34,58414400
1994-10-31,2.39,2.42,2.35,2.36,59932800
1994-11-01,2.38,2.39,2.36,2.38,39624000
1994-11-02,2.39,2.43,2.37,2.38,61408000
1994-11-03,2.38,2.40,2.37,2.39,63441600
1994-11-04,2.33,2.39,2.33,2.38,46947200
1994-11-07,2.35,2.35,2.31,2.33,47094400
1994-11-08,2.41,2.42,2.34,2.35,43328000
1994-11-09,2.42,2.45,2.39,2.44,60206400
1994-11-10,2.42,2.44,2.41,2.41,24689600
1994-11-11,2.36,2.38,2.30,2.36,132899200
1994-11-14,2.45,2.45,2.38,2.38,48934400
1994-11-15,2.45,2.47,2.44,2.45,52544000
1994-11-16,2.45,2.46,2.45,2.46,30196800
1994-11-17,2.44,2.46,2.42,2.45,33232000
1994-11-18,2.43,2.46,2.43,2.43,25694400
1994-11-21,2.41,2.46,2.40,2.45,35560000
1994-11-22,2.35,2.42,2.35,2.40,56358400
1994-11-23,2.33,2.35,2.32,2.34,87507200
1994-11-25,2.36,2.37,2.34,2.34,12563200
1994-11-28,2.40,2.41,2.36,2.37,43449600
1994-11-29,2.43,2.44,2.41,2.41,37673600
1994-11-30,2.39,2.44,2.38,2.44,40934400
1994-12-01,2.37,2.41,2.37,2.38,43096000
1994-12-02,2.40,2.40,2.35,2.38,37715200
1994-12-05,2.40,2.44,2.39,2.40,38166400
1994-12-06,2.40,2.43,2.39,2.40,38830400
1994-12-07,2.39,2.42,2.39,2.41,36744000
1994-12-08,2.37,2.42,2.36,2.39,41934400
1994-12-09,2.39,2.40,2.36,2.37,79956800
1994-12-12,2.39,2.41,2.34,2.39,65313600
1994-12-13,2.38,2.41,2.36,2.40,30219200
1994-12-14,2.40,2.41,2.37,2.37,33641600
1994-12-15,2.41,2.43,2.39,2.40,28854400
1994-12-16,2.40,2.44,2.40,2.41,54020800
1994-12-19,2.38,2.41,2.37,2.40,31507200
1994-12-20,2.27,2.38,2.23,2.38,253456000
1994-12-21,2.33,2.34,2.28,2.29,69395200
1994-12-22,2.30,2.35,2.29,2.33,57355200
1994-12-23,2.31,2.33,2.29,2.30,19486400
1994-12-27,2.30,2.34,2.30,2.31,20566400
1994-12-28,2.31,2.31,2.28,2.30,34961600
1994-12-29,2.35,2.35,2.30,2.31,23446400
1994-12-30,2.32,2.35,2.32,2.35,20686400
1995-01-03,2.28,2.33,2.28,2.33,39545600
1995-01-04,2.30,2.30,2.26,2.29,51611200
1995-01-05,2.26,2.31,2.25,2.31,39824000
1995-01-06,2.30,2.32,2.27,2.27,46681600
1995-01-09,2.29,2.31,2.27,2.31,46000000
1995-01-10,2.31,2.33,2.30,2.30,42184000
1995-01-11,2.33,2.34,2.30,2.32,31512000
1995-01-12,2.32,2.36,2.31,2.32,26996800
1995-01-13,2.38,2.39,2.35,2.35,41307200
1995-01-16,2.43,2.45,2.39,2.40,74648000
1995-01-17,2.45,2.47,2.44,2.46,73932800
1995-01-18,2.47,2.48,2.44,2.46,50504000
1995-01-19,2.41,2.47,2.41,2.45,67108800
1995-01-20,2.34,2.41,2.32,2.39,82388800
1995-01-23,2.38,2.39,2.30,2.31,53843200
1995-01-24,2.35,2.39,2.35,2.39,36739200
1995-01-25,2.34,2.36,2.31,2.34,52459200
1995-01-26,2.27,2.31,2.27,2.31,80836800
1995-01-27,2.27,2.29,2.27,2.28,58376000
1995-01-30,2.24,2.28,2.23,2.28,55164800
1995-01-31,2.25,2.27,2.21,2.24,59945600
1995-02-01,2.24,2.30,2.24,2.25,66705600
1995-02-02,2.24,2.25,2.21,2.23,46312000
1995-02-03,2.28,2.30,2.25,2.26,60332800
1995-02-06,2.31,2.32,2.28,2.28,48345600
1995-02-07,2.31,2.32,2.30,2.30,33152000
1995-02-08,2.35,2.35,2.31,2.32,49150400
1995-02-09,2.35,2.37,2.34,2.36,42398400
1995-02-10,2.35,2.38,2.33,2.35,49862400
1995-02-13,2.35,2.38,2.34,2.35,38160000
1995-02-14,2.35,2.36,2.33,2.36,31121600
1995-02-15,2.30,2.33,2.26,2.28,147001600
1995-02-16,2.31,2.32,2.29,2.31,56744000
1995-02-17,2.29,2.31,2.29,2.30,37824000
1995-02-21,2.27,2.30,2.26,2.30,55392000
1995-02-22,2.33,2.35,2.26,2.27,60902400
1995-02-23,2.34,2.36,2.31,2.32,59939200
1995-02-24,2.32,2.35,2.32,2.33,34177600
1995-02-27,2.34,2.35,2.32,2.33,28592000
1995-02-28,2.39,2.40,2.34,2.35,52544000
1995-03-01,2.40,2.43,2.38,2.39,52032000
1995-03-02,2.42,2.42,2.39,2.40,26038400
1995-03-03,2.41,2.42,2.39,2.41,31776000
1995-03-06,2.44,2.44,2.39,2.40,45156800
1995-03-07,2.48,2.50,2.44,2.44,91750400
1995-03-08,2.60,2.60,2.49,2.49,140096000
1995-03-09,2.58,2.61,2.54,2.60,58238400
1995-03-10,2.60,2.61,2.52,2.58,44324800
1995-03-13,2.62,2.64,2.59,2.60,34550400
1995-03-14,2.72,2.73,2.63,2.63,78643200
1995-03-15,2.67,2.73,2.67,2.72,57294400
1995-03-16,2.66,2.67,2.64,2.66,47510400
1995-03-17,2.65,2.72,2.65,2.67,59868800
1995-03-20,2.70,2.71,2.66,2.66,37772800
1995-03-21,2.67,2.71,2.67,2.70,74772800
1995-03-22,2.69,2.69,2.65,2.67,52464000
1995-03-23,2.76,2.78,2.70,2.71,105286400
1995-03-24,2.80,2.81,2.77,2.78,65683200
1995-03-27,2.77,2.80,2.76,2.76,61008000
1995-03-28,2.79,2.81,2.76,2.76,47603200
1995-03-29,2.74,2.81,2.73,2.79,65763200
1995-03-30,2.74,2.76,2.67,2.75,75011200
1995-03-31,2.70,2.74,2.67,2.72,63080000
1995-04-03,2.66,2.71,2.64,2.69,65617600
1995-04-04,2.65,2.71,2.65,2.67,66689600
1995-04-05,2.68,2.68,2.61,2.65,65792000
1995-04-06,2.66,2.69,2.63,2.68,35414400
1995-04-07,2.64,2.68,2.64,2.67,43148800
1995-04-10,2.69,2.70,2.63,2.64,43169600
1995-04-11,2.74,2.74,2.70,2.72,43624000
1995-04-12,2.72,2.78,2.68,2.74,40430400
1995-04-13,2.75,2.75,2.70,2.72,32814400
1995-04-17,2.94,2.96,2.86,2.86,187913600
1995-04-18,2.91,2.94,2.88,2.94,75609600
1995-04-19,2.89,2.92,2.86,2.91,59163200
1995-04-20,2.85,2.92,2.81,2.90,83913600
1995-04-21,2.85,2.88,2.84,2.87,53555200
1995-04-24,2.95,2.95,2.85,2.86,68089600
1995-04-25,3.04,3.04,2.94,2.94,69371200
1995-04-26,3.02,3.04,3.00,3.03,44305600
1995-04-27,2.98,3.05,2.90,3.02,128844800
1995-04-28,3.10,3.12,2.98,2.99,92104000
1995-05-01,3.12,3.18,3.10,3.11,65550400
1995-05-02,3.02,3.12,3.02,3.12,78099200
1995-05-03,3.07,3.07,3.04,3.04,61566400
1995-05-04,3.09,3.16,3.07,3.09,66524800
1995-05-05,3.04,3.10,3.03,3.09,43707200
1995-05-08,3.03,3.05,3.00,3.03,43988800
1995-05-09,3.03,3.05,3.00,3.04,36748800
1995-05-10,3.01,3.05,2.99,3.04,38688000
1995-05-11,3.09,3.09,3.00,3.00,38673600
1995-05-12,3.06,3.12,3.05,3.09,36192000
1995-05-15,3.08,3.11,3.03,3.06,35232000
1995-05-16,3.22,3.23,3.09,3.09,86708800
1995-05-17,3.26,3.30,3.23,3.23,66515200
1995-05-18,3.21,3.29,3.21,3.25,58326400
1995-05-19,3.24,3.24,3.19,3.20,45190400
1995-05-22,3.31,3.32,3.19,3.24,91382400
1995-05-23,3.36,3.36,3.26,3.32,55516800
1995-05-24,3.32,3.40,3.30,3.38,68684800
1995-05-25,3.39,3.39,3.31,3.33,43440000
1995-05-26,3.32,3.39,3.30,3.38,52934400
1995-05-30,3.15,3.35,3.13,3.34,99612800
1995-05-31,3.21,3.22,3.07,3.16,119756800
1995-06-01,3.19,3.25,3.18,3.22,61153600
1995-06-02,3.15,3.19,3.13,3.18,55556800
1995-06-05,3.22,3.24,3.10,3.13,55852800
1995-06-06,3.15,3.26,3.15,3.22,49036800
1995-06-07,3.19,3.22,3.12,3.14,64590400
1995-06-08,3.19,3.21,3.17,3.19,29320000
1995-06-09,3.22,3.26,3.13,3.18,81214400
1995-06-12,3.18,3.22,3.16,3.21,45832000
1995-06-13,3.18,3.22,3.16,3.19,37691200
1995-06-14,3.18,3.19,3.14,3.16,43096000
1995-06-15,3.22,3.22,3.18,3.19,43912000
1995-06-16,3.30,3.32,3.22,3.22,92278400
1995-06-19,3.41,3.41,3.30,3.31,78982400
1995-06-20,3.47,3.47,3.40,3.43,56670400
1995-06-21,3.43,3.50,3.41,3.49,57224000
1995-06-22,3.49,3.49,3.44,3.44,46296000
1995-06-23,3.46,3.50,3.42,3.44,46356800
1995-06-26,3.40,3.46,3.40,3.45,41048000
1995-06-27,3.30,3.43,3.29,3.40,66004800
1995-06-28,3.33,3.38,3.22,3.29,107286400
1995-06-29,3.39,3.40,3.34,3.34,57643200
1995-06-30,3.43,3.45,3.40,3.40,53342400
1995-07-03,3.45,3.46,3.43,3.45,16763200
1995-07-05,3.44,3.49,3.43,3.48,48547200
1995-07-06,3.52,3.53,3.43,3.44,47070400
1995-07-07,3.63,3.63,3.52,3.52,66699200
1995-07-10,3.75,3.78,3.63,3.64,111982400
1995-07-11,3.66,3.76,3.66,3.76,78227200
1995-07-12,3.79,3.79,3.67,3.67,94675200
1995-07-13,3.80,3.85,3.72,3.80,84811200
1995-07-14,3.93,3.93,3.72,3.73,89905600
1995-07-17,4.14,4.14,4.04,4.09,155830400
1995-07-18,3.86,4.06,3.84,4.06,289624000
1995-07-19,3.59,3.75,3.36,3.68,305092800
1995-07-20,3.65,3.69,3.57,3.61,177848000
1995-07-21,3.49,3.64,3.48,3.57,169257600
1995-07-24,3.55,3.56,3.50,3.51,94811200
1995-07-25,3.66,3.70,3.60,3.62,109422400
1995-07-26,3.64,3.72,3.60,3.70,77470400
1995-07-27,3.66,3.70,3.65,3.66,52916800
1995-07-28,3.51,3.64,3.49,3.64,158468800
1995-07-31,3.43,3.55,3.41,3.53,101435200
1995-08-01,3.40,3.45,3.33,3.44,166144000
1995-08-02,3.38,3.51,3.34,3.45,129804800
1995-08-03,3.46,3.47,3.32,3.34,113536000
1995-08-04,3.56,3.56,3.46,3.47,77705600
1995-08-07,3.55,3.62,3.48,3.59,64273600
1995-08-08,3.55,3.60,3.54,3.57,43913600
1995-08-09,3.66,3.72,3.64,3.71,144384000
1995-08-10,3.57,3.68,3.56,3.68,71883200
1995-08-11,3.66,3.67,3.50,3.59,97195200
1995-08-14,3.75,3.77,3.63,3.68,88872000
1995-08-15,3.73,3.77,3.68,3.77,63267200
1995-08-16,3.75,3.75,3.68,3.73,38118400
1995-08-17,3.76,3.82,3.74,3.75,74564800
1995-08-18,3.68,3.78,3.68,3.78,77502400
1995-08-21,3.59,3.73,3.58,3.70,110491200
1995-08-22,3.77,3.77,3.58,3.61,94320000
1995-08-23,3.71,3.81,3.70,3.79,111188800
1995-08-24,3.65,3.72,3.62,3.72,95275200
1995-08-25,3.58,3.67,3.58,3.66,73489600
1995-08-28,3.42,3.58,3.41,3.58,112622400
1995-08-29,3.49,3.49,3.30,3.42,163929600
1995-08-30,3.54,3.56,3.47,3.52,79499200
1995-08-31,3.51,3.57,3.47,3.54,38764800
1995-09-01,3.40,3.49,3.39,3.48,80262400
1995-09-05,3.60,3.61,3.42,3.45,92052800
1995-09-06,3.55,3.66,3.53,3.61,100265600
1995-09-07,3.59,3.67,3.54,3.58,93932800
1995-09-08,3.62,3.63,3.54,3.56,64417600
1995-09-11,3.70,3.71,3.60,3.62,77408000
1995-09-12,3.65,3.71,3.63,3.71,71155200
1995-09-13,3.65,3.68,3.61,3.65,61208000
1995-09-14,3.60,3.66,3.59,3.65,54230400
1995-09-15,3.54,3.62,3.51,3.59,88316800
1995-09-18,3.49,3.54,3.45,3.54,76827200
1995-09-19,3.54,3.59,3.47,3.49,58011200
1995-09-20,3.53,3.59,3.51,3.55,44652800
1995-09-21,3.44,3.53,3.43,3.46,83836800
1995-09-22,3.40,3.44,3.38,3.41,99899200
1995-09-25,3.42,3.44,3.36,3.43,57878400
1995-09-26,3.35,3.49,3.34,3.43,76548800
1995-09-27,3.36,3.37,3.16,3.34,140756800
1995-09-28,3.47,3.47,3.37,3.38,105510400
1995-09-29,3.43,3.52,3.42,3.48,95158400
1995-10-02,3.35,3.45,3.34,3.43,67731200
1995-10-03,3.37,3.39,3.31,3.34,80736000
1995-10-04,3.27,3.34,3.24,3.34,73473600
1995-10-05,3.32,3.32,3.22,3.26,101289600
1995-10-06,3.26,3.38,3.24,3.32,76616000
1995-10-09,3.15,3.25,3.14,3.22,108614400
1995-10-10,3.18,3.19,3.05,3.08,157644800
1995-10-11,3.29,3.31,3.22,3.26,107009600
1995-10-12,3.32,3.34,3.29,3.30,78700800
1995-10-13,3.27,3.37,3.26,3.36,68644800
1995-10-16,3.29,3.31,3.24,3.25,61067200
1995-10-17,3.46,3.47,3.29,3.31,123140800
1995-10-18,3.63,3.74,3.60,3.73,294329600
1995-10-19,3.67,3.68,3.59,3.61,95840000
1995-10-20,3.62,3.68,3.60,3.66,79984000
1995-10-23,3.66,3.68,3.59,3.60,93473600
1995-10-24,3.70,3.72,3.66,3.66,68681600
1995-10-25,3.64,3.71,3.64,3.70,60211200
1995-10-26,3.72,3.72,3.62,3.63,82841600
1995-10-27,3.79,3.80,3.69,3.70,130683200
1995-10-30,3.90,3.92,3.74,3.77,125464000
1995-10-31,3.79,3.92,3.78,3.91,91958400
1995-11-01,3.73,3.83,3.73,3.80,72819200
1995-11-02,3.79,3.81,3.73,3.74,63504000
1995-11-03,3.77,3.80,3.75,3.79,40635200
1995-11-06,3.69,3.75,3.68,3.68,87729600
1995-11-07,3.53,3.69,3.52,3.66,115921600
1995-11-08,3.61,3.62,3.54,3.56,71280000
1995-11-09,3.76,3.76,3.64,3.66,99814400
1995-11-10,3.68,3.76,3.67,3.74,60819200
1995-11-13,3.65,3.69,3.64,3.67,59003200
1995-11-14,3.57,3.64,3.56,3.64,75657600
1995-11-15,3.57,3.59,3.49,3.58,108686400
1995-11-16,3.41,3.48,3.40,3.43,195126400
1995-11-17,3.31,3.44,3.31,3.41,143803200
1995-11-20,3.26,3.39,3.25,3.35,115296000
1995-11-21,3.34,3.37,3.20,3.26,130163200
1995-11-22,3.31,3.40,3.31,3.35,65428800
1995-11-24,3.34,3.35,3.31,3.32,15014400
1995-11-27,3.31,3.40,3.31,3.36,79100800
1995-11-28,3.47,3.47,3.28,3.30,86537600
1995-11-29,3.40,3.51,3.39,3.49,91067200
1995-11-30,3.31,3.40,3.30,3.40,93512000
1995-12-01,3.27,3.33,3.26,3.31,96124800
1995-12-04,3.33,3.40,3.23,3.27,130436800
1995-12-05,3.26,3.34,3.23,3.33,104528000
1995-12-06,3.44,3.45,3.26,3.27,145272000
1995-12-07,3.43,3.49,3.37,3.46,132876800
1995-12-08,3.59,3.59,3.50,3.51,147041600
1995-12-11,3.53,3.59,3.53,3.59,61924800
1995-12-12,3.47,3.53,3.46,3.53,44739200
1995-12-13,3.48,3.50,3.43,3.46,39577600
1995-12-14,3.37,3.55,3.36,3.50,92822400
1995-12-15,3.35,3.40,3.31,3.38,115470400
1995-12-18,3.30,3.38,3.24,3.35,99460800
1995-12-19,3.45,3.45,3.31,3.31,84340800
1995-12-20,3.31,3.47,3.30,3.46,84980800
1995-12-21,3.41,3.41,3.31,3.33,60593600
1995-12-22,3.43,3.45,3.38,3.42,36057600
1995-12-26,3.42,3.46,3.41,3.42,34707200
1995-12-27,3.37,3.44,3.35,3.43,40539200
1995-12-28,3.31,3.36,3.31,3.35,49777600
1995-12-29,3.33,3.37,3.27,3.31,52342400
1996-01-02,3.40,3.40,3.31,3.33,57779200
1996-01-03,3.30,3.42,3.29,3.38,62857600
1996-01-04,3.31,3.32,3.22,3.31,102353600
1996-01-05,3.28,3.32,3.27,3.27,62083200
1996-01-08,3.27,3.32,3.27,3.28,11377600
1996-01-09,3.04,3.26,3.03,3.26,177424000
1996-01-10,3.13,3.16,3.05,3.05,181571200
1996-01-11,3.29,3.30,3.15,3.17,116617600
1996-01-12,3.25,3.30,3.18,3.28,80544000
1996-01-15,3.13,3.26,3.11,3.26,84572800
1996-01-16,3.28,3.28,3.16,3.17,122006400
1996-01-17,3.22,3.32,3.21,3.22,143078400
1996-01-18,3.32,3.37,3.22,3.24,121331200
1996-01-19,3.49,3.54,3.40,3.42,227440000
1996-01-22,3.49,3.52,3.45,3.48,82643200
1996-01-23,3.40,3.48,3.39,3.47,66473600
1996-01-24,3.46,3.51,3.40,3.41,92217600
1996-01-25,3.39,3.48,3.38,3.47,59881600
1996-01-26,3.43,3.45,3.38,3.38,50881600
1996-01-29,3.43,3.46,3.39,3.44,39587200
1996-01-30,3.45,3.47,3.44,3.45,45120000
1996-01-31,3.51,3.51,3.42,3.44,68774400
1996-02-01,3.57,3.58,3.49,3.50,78587200
1996-02-02,3.53,3.57,3.50,3.57,44686400
1996-02-05,3.68,3.69,3.52,3.52,126480000
1996-02-06,3.66,3.70,3.63,3.66,98158400
1996-02-07,3.68,3.68,3.62,3.64,65555200
1996-02-08,3.75,3.77,3.62,3.67,103924800
1996-02-09,3.80,3.80,3.74,3.75,122832000
1996-02-12,3.77,3.84,3.76,3.78,87779200
1996-02-13,3.78,3.80,3.70,3.71,114513600
1996-02-14,3.75,3.80,3.73,3.80,80212800
1996-02-15,3.74,3.76,3.71,3.74,52195200
1996-02-16,3.71,3.77,3.71,3.75,62206400
1996-02-20,3.71,3.74,3.68,3.69,64182400
1996-02-21,3.79,3.80,3.70,3.71,80046400
1996-02-22,3.89,3.89,3.79,3.79,106500800
1996-02-23,3.93,3.93,3.86,3.89,102640000
1996-02-26,3.82,3.92,3.81,3.91,63696000
1996-02-27,3.80,3.82,3.78,3.82,60958400
1996-02-28,3.80,3.87,3.79,3.82,60051200
1996-02-29,3.74,3.80,3.74,3.76,61723200
1996-03-01,3.62,3.74,3.59,3.73,157652800
1996-03-04,3.65,3.69,3.62,3.64,72564800
1996-03-05,3.72,3.73,3.63,3.64,57369600
1996-03-06,3.68,3.75,3.68,3.73,44256000
1996-03-07,3.69,3.70,3.67,3.68,44291200
1996-03-08,3.61,3.70,3.59,3.62,108524800
1996-03-11,3.66,3.67,3.61,3.61,74592000
1996-03-12,3.63,3.67,3.59,3.65,76888000
1996-03-13,3.83,3.83,3.71,3.73,156710400
1996-03-14,3.78,3.86,3.78,3.84,60640000
1996-03-15,3.88,3.91,3.78,3.79,121721600
1996-03-18,3.99,4.02,3.88,3.88,119472000
1996-03-19,4.05,4.06,3.97,4.04,92491200
1996-03-20,3.97,4.05,3.94,4.03,92944000
1996-03-21,3.82,3.96,3.81,3.96,66313600
1996-03-22,3.84,3.85,3.78,3.84,48046400
1996-03-25,3.79,3.88,3.75,3.85,63379200
1996-03-26,3.90,3.90,3.75,3.77,79899200
1996-03-27,3.89,3.95,3.84,3.92,52729600
1996-03-28,3.88,3.93,3.84,3.86,54955200
1996-03-29,3.91,3.95,3.87,3.88,53508800
1996-04-01,3.90,3.93,3.87,3.91,31692800
1996-04-02,3.97,3.98,3.89,3.90,54396800
1996-04-03,3.96,3.99,3.92,3.95,46072000
1996-04-04,3.96,3.98,3.93,3.97,28961600
1996-04-08,3.94,3.94,3.86,3.89,73753600
1996-04-09,3.86,3.95,3.85,3.95,66942400
1996-04-10,3.86,3.91,3.84,3.85,51910400
1996-04-11,3.84,3.88,3.78,3.85,62465600
1996-04-12,3.84,3.86,3.81,3.84,33737600
1996-04-15,3.93,3.93,3.83,3.83,50102400
1996-04-16,3.99,4.00,3.95,3.96,80116800
1996-04-17,4.02,4.02,3.96,3.99,62630400
1996-04-18,4.14,4.14,4.00,4.02,133958400
1996-04-19,4.16,4.25,4.15,4.23,169492800
1996-04-22,4.28,4.30,4.18,4.19,92758400
1996-04-23,4.27,4.30,4.23,4.28,57139200
1996-04-24,4.23,4.29,4.22,4.29,69251200
1996-04-25,4.28,4.32,4.18,4.23,63896000
1996-04-26,4.31,4.32,4.26,4.28,54296000
1996-04-29,4.27,4.31,4.25,4.30,34267200
1996-04-30,4.30,4.30,4.24,4.27,28441600
1996-05-01,4.37,4.37,4.27,4.28,65014400
1996-05-02,4.23,4.37,4.22,4.37,87340800
1996-05-03,4.21,4.34,4.18,4.27,75300800
1996-05-06,4.24,4.26,4.16,4.21,75852800
1996-05-07,4.29,4.31,4.23,4.23,47366400
1996-05-08,4.33,4.34,4.20,4.28,77851200
1996-05-09,4.31,4.37,4.30,4.33,47776000
1996-05-10,4.36,4.37,4.33,4.34,43913600
1996-05-13,4.50,4.51,4.36,4.36,95606400
1996-05-14,4.51,4.55,4.49,4.52,76832000
1996-05-15,4.46,4.54,4.45,4.51,56323200
1996-05-16,4.44,4.45,4.39,4.40,67092800
1996-05-17,4.44,4.48,4.42,4.47,35392000
1996-05-20,4.43,4.47,4.42,4.45,38457600
1996-05-21,4.37,4.43,4.37,4.43,42113600
1996-05-22,4.43,4.45,4.35,4.36,45646400
1996-05-23,4.50,4.52,4.43,4.43,51976000
1996-05-24,4.50,4.51,4.49,4.50,26443200
1996-05-28,4.45,4.52,4.44,4.51,43376000
1996-05-29,4.44,4.49,4.42,4.45,33569600
1996-05-30,4.49,4.49,4.42,4.45,33824000
1996-05-31,4.51,4.53,4.48,4.50,40259200
1996-06-03,4.49,4.53,4.48,4.51,31684800
1996-06-04,4.47,4.51,4.41,4.50,65852800
1996-06-05,4.59,4.60,4.47,4.48,50968000
1996-06-06,4.55,4.67,4.54,4.62,88136000
1996-06-07,4.60,4.60,4.46,4.46,70198400
1996-06-10,4.58,4.60,4.55,4.59,45819200
1996-06-11,4.63,4.68,4.58,4.58,65259200
1996-06-12,4.74,4.76,4.66,4.66,88844800
1996-06-13,4.73,4.78,4.69,4.75,62577600
1996-06-14,4.67,4.74,4.66,4.73,55944000
1996-06-17,4.73,4.74,4.64,4.67,57499200
1996-06-18,4.64,4.72,4.63,4.72,74585600
1996-06-19,4.62,4.67,4.60,4.65,73409600
1996-06-20,4.62,4.65,4.51,4.63,102228800
1996-06-21,4.70,4.71,4.61,4.64,56806400
1996-06-24,4.71,4.75,4.67,4.70,48102400
1996-06-25,4.63,4.71,4.60,4.71,41145600
1996-06-26,4.57,4.63,4.51,4.62,71457600
1996-06-27,4.55,4.59,4.51,4.57,77582400
1996-06-28,4.56,4.59,4.52,4.57,52000000
1996-07-01,4.64,4.65,4.56,4.56,47862400
1996-07-02,4.61,4.65,4.60,4.64,38548800
1996-07-03,4.60,4.66,4.58,4.61,44243200
1996-07-05,4.49,4.56,4.49,4.56,35331200
1996-07-08,4.56,4.58,4.48,4.50,64432000
1996-07-09,4.55,4.60,4.55,4.59,35571200
1996-07-10,4.53,4.55,4.48,4.55,77980800
1996-07-11,4.34,4.49,4.32,4.49,140915200
1996-07-12,4.26,4.37,4.19,4.37,139478400
1996-07-15,4.20,4.32,4.17,4.26,111832000
1996-07-16,4.38,4.39,4.08,4.18,182100800
1996-07-17,4.44,4.48,4.39,4.47,126208000
1996-07-18,4.55,4.55,4.40,4.45,98537600
1996-07-19,4.59,4.61,4.47,4.47,99208000
1996-07-22,4.54,4.61,4.47,4.59,144475200
1996-07-23,4.25,4.55,4.18,4.55,257678400
1996-07-24,4.35,4.39,4.15,4.15,192225600
1996-07-25,4.50,4.51,4.37,4.40,100920000
1996-07-26,4.52,4.53,4.49,4.53,59304000
1996-07-29,4.43,4.55,4.43,4.52,56748800
1996-07-30,4.50,4.51,4.41,4.47,66976000
1996-07-31,4.47,4.54,4.46,4.51,56320000
1996-08-01,4.58,4.59,4.45,4.47,96025600
1996-08-02,4.68,4.70,4.58,4.63,109289600
1996-08-05,4.62,4.69,4.60,4.69,55072000
1996-08-06,4.70,4.71,4.59,4.61,67388800
1996-08-07,4.73,4.75,4.66,4.72,76790400
1996-08-08,4.75,4.78,4.69,4.71,54379200
1996-08-09,4.72,4.76,4.70,4.73,44313600
1996-08-12,4.75,4.78,4.70,4.71,66187200
1996-08-13,4.69,4.78,4.68,4.74,72508800
1996-08-14,4.74,4.75,4.69,4.70,52032000
1996-08-15,4.75,4.77,4.72,4.73,35556800
1996-08-16,4.71,4.75,4.69,4.75,47598400
1996-08-19,4.69,4.71,4.64,4.70,43131200
1996-08-20,4.68,4.71,4.68,4.69,25678400
1996-08-21,4.69,4.69,4.62,4.65,49345600
1996-08-22,4.74,4.75,4.69,4.71,50236800
1996-08-23,4.68,4.74,4.68,4.74,44006400
1996-08-26,4.66,4.69,4.66,4.68,31944000
1996-08-27,4.73,4.73,4.67,4.67,28038400
1996-08-28,4.77,4.77,4.74,4.74,32070400
1996-08-29,4.71,4.75,4.69,4.75,34182400
1996-08-30,4.65,4.71,4.65,4.71,28088000
1996-09-03,4.68,4.68,4.58,4.63,48524800
1996-09-04,4.68,4.69,4.66,4.68,27126400
1996-09-05,4.61,4.66,4.61,4.66,40372800
1996-09-06,4.65,4.66,4.61,4.63,41921600
1996-09-09,4.74,4.74,4.64,4.65,41747200
1996-09-10,4.72,4.75,4.69,4.73,38904000
1996-09-11,4.75,4.76,4.69,4.70,36387200
1996-09-12,4.88,4.91,4.75,4.76,95944000
1996-09-13,4.97,4.98,4.89,4.92,80137600
1996-09-16,4.99,5.05,4.97,4.97,62409600
1996-09-17,5.08,5.11,5.02,5.04,75624000
1996-09-18,5.18,5.23,5.06,5.08,86049600
1996-09-19,5.23,5.24,5.15,5.18,75912000
1996-09-20,5.24,5.26,5.15,5.20,104849600
1996-09-23,5.23,5.24,5.17,5.22,46385600
1996-09-24,5.19,5.25,5.16,5.22,72520000
1996-09-25,5.15,5.23,5.14,5.22,44067200
1996-09-26,5.01,5.16,5.00,5.15,92604800
1996-09-27,5.10,5.13,4.98,5.03,98372800
1996-09-30,5.00,5.12,5.00,5.06,89574400
1996-10-01,5.01,5.08,4.97,5.00,69124800
1996-10-02,5.11,5.15,5.02,5.04,68760000
1996-10-03,5.08,5.13,5.07,5.11,58294400
1996-10-04,5.17,5.18,5.09,5.11,45166400
1996-10-07,5.22,5.24,5.15,5.17,42432000
1996-10-08,5.14,5.23,5.12,5.23,48465600
1996-10-09,5.10,5.16,5.06,5.16,64955200
1996-10-10,5.07,5.16,5.06,5.07,51739200
1996-10-11,5.20,5.21,5.09,5.11,36523200
1996-10-14,5.18,5.24,5.17,5.21,36091200
1996-10-15,5.27,5.28,5.21,5.26,61206400
1996-10-16,5.24,5.27,5.20,5.26,36427200
1996-10-17,5.14,5.27,5.14,5.24,49097600
1996-10-18,5.11,5.12,5.07,5.08,69646400
1996-10-21,5.08,5.16,5.06,5.11,71401600
1996-10-22,5.03,5.06,4.98,5.05,113806400
1996-10-23,5.10,5.11,5.00,5.03,67443200
1996-10-24,5.18,5.21,5.08,5.12,81417600
1996-10-25,5.18,5.23,5.16,5.18,53084800
1996-10-28,5.18,5.22,5.17,5.19,51240000
1996-10-29,5.14,5.21,5.12,5.19,66756800
1996-10-30,5.17,5.20,5.12,5.14,60526400
1996-10-31,5.21,5.21,5.16,5.17,37028800
1996-11-01,5.21,5.26,5.18,5.21,56531200
1996-11-04,5.24,5.25,5.19,5.21,36006400
1996-11-05,5.37,5.37,5.25,5.25,86417600
1996-11-06,5.48,5.48,5.35,5.36,71438400
1996-11-07,5.44,5.54,5.43,5.49,76742400
1996-11-08,5.44,5.44,5.37,5.44,67369600
1996-11-11,5.45,5.49,5.43,5.44,38593600
1996-11-12,5.38,5.53,5.37,5.46,81156800
1996-11-13,5.50,5.53,5.43,5.45,90409600
1996-11-14,5.68,5.68,5.51,5.51,114969600
1996-11-15,5.65,5.72,5.59,5.72,104041600
1996-11-18,5.70,5.76,5.64,5.67,98585600
1996-11-19,5.91,5.91,5.70,5.71,104739200
1996-11-20,5.81,5.99,5.81,5.92,123857600
1996-11-21,5.70,5.87,5.69,5.86,130718400
1996-11-22,5.71,5.79,5.67,5.72,94424000
1996-11-25,5.82,5.83,5.71,5.73,75129600
1996-11-26,5.83,5.89,5.78,5.84,108238400
1996-11-27,5.90,5.91,5.83,5.85,44446400
1996-11-29,5.95,5.96,5.90,5.90,17152000
1996-12-02,5.98,5.98,5.89,5.98,64502400
1996-12-03,5.87,6.05,5.87,6.01,77563200
1996-12-04,5.81,5.89,5.77,5.89,102542400
1996-12-05,5.80,5.89,5.76,5.82,74950400
1996-12-06,5.80,5.86,5.62,5.65,110238400
1996-12-09,6.20,6.21,5.92,5.95,94718400
1996-12-10,6.21,6.42,6.20,6.40,125725600
1996-12-11,6.33,6.35,6.08,6.15,113558400
1996-12-12,6.15,6.47,6.15,6.45,78272800
1996-12-13,6.07,6.22,6.01,6.16,74532000
1996-12-16,5.82,6.13,5.80,6.09,64883200
1996-12-17,6.06,6.08,5.80,5.81,68944800
1996-12-18,6.27,6.28,6.07,6.17,61796800
1996-12-19,6.44,6.46,6.30,6.37,94609600
1996-12-20,6.35,6.50,6.33,6.49,90414400
1996-12-23,6.35,6.43,6.29,6.38,36892800
1996-12-24,6.44,6.46,6.31,6.38,16246400
1996-12-26,6.49,6.53,6.46,6.47,27905600
1996-12-27,6.39,6.51,6.37,6.49,19079200
1996-12-30,6.34,6.50,6.34,6.48,27279200
1996-12-31,6.27,6.39,6.26,6.37,34367200
1997-01-02,6.19,6.31,6.13,6.31,54480800
1997-01-03,6.42,6.43,6.22,6.24,44131200
1997-01-06,6.40,6.47,6.31,6.42,55948000
1997-01-07,6.45,6.46,6.33,6.41,36880800
1997-01-08,6.33,6.47,6.31,6.45,50593600
1997-01-09,6.25,6.35,6.24,6.35,47763200
1997-01-10,6.39,6.40,6.19,6.22,66556800
1997-01-13,6.35,6.49,6.34,6.46,50361600
1997-01-14,6.48,6.57,6.39,6.39,63728000
1997-01-15,6.42,6.54,6.40,6.50,53058400
1997-01-16,6.53,6.61,6.45,6.45,58688000
1997-01-17,6.61,6.66,6.49,6.50,65368800
1997-01-20,6.89,7.05,6.57,6.60,146220800
1997-01-21,7.21,7.21,6.80,6.88,114592000
1997-01-22,7.39,7.47,7.18,7.22,129236800
1997-01-23,7.19,7.57,7.17,7.45,105048000
1997-01-24,7.28,7.42,7.16,7.22,89817600
1997-01-27,7.29,7.39,7.25,7.32,53263200
1997-01-28,7.26,7.49,7.19,7.46,64656800
1997-01-29,7.38,7.39,7.27,7.34,48933600
1997-01-30,7.67,7.68,7.44,7.45,79937600
1997-01-31,7.74,7.83,7.65,7.73,86516000
1997-02-03,7.77,7.84,7.67,7.79,60804800
1997-02-04,7.82,7.83,7.63,7.77,56464000
1997-02-05,7.46,7.85,7.35,7.82,110099200
1997-02-06,7.37,7.46,7.28,7.45,102122400
1997-02-07,7.62,7.63,7.40,7.46,62448000
1997-02-10,7.42,7.70,7.41,7.64,66804800
1997-02-11,7.47,7.48,7.22,7.45,88834400
1997-02-12,7.58,7.59,7.40,7.46,72001600
1997-02-13,7.59,7.67,7.54,7.63,58292000
1997-02-14,7.43,7.63,7.41,7.54,57395200
1997-02-18,7.39,7.43,7.30,7.41,52545600
1997-02-19,7.40,7.45,7.32,7.39,56383200
1997-02-20,7.23,7.40,7.22,7.35,75395200
1997-02-21,7.21,7.24,7.13,7.20,61131200
1997-02-24,7.60,7.61,7.13,7.15,68599200
1997-02-25,7.55,7.66,7.50,7.59,63941600
1997-02-26,7.61,7.62,7.46,7.55,48849600
1997-02-27,7.29,7.61,7.28,7.61,56628800
1997-02-28,7.40,7.46,7.24,7.29,78412000
1997-03-03,7.55,7.60,7.33,7.36,53874400
1997-03-04,7.52,7.60,7.48,7.53,63920800
1997-03-05,7.65,7.66,7.53,7.55,46393600
1997-03-06,7.42,7.65,7.42,7.64,57018400
1997-03-07,7.34,7.55,7.32,7.46,46032000
1997-03-10,7.59,7.60,7.28,7.37,45997600
1997-03-11,7.46,7.63,7.46,7.56,47577600
1997-03-12,7.49,7.55,7.42,7.42,43234400
1997-03-13,7.56,7.60,7.44,7.45,45505600
1997-03-14,7.51,7.61,7.50,7.57,61327200
1997-03-17,7.63,7.64,7.44,7.47,83958400
1997-03-18,7.56,7.65,7.50,7.63,59012000
1997-03-19,7.34,7.45,7.20,7.42,111560000
1997-03-20,7.28,7.42,7.24,7.33,81410400
1997-03-21,7.13,7.37,7.05,7.32,85829600
1997-03-24,6.84,7.09,6.65,7.07,186269600
1997-03-25,6.85,6.93,6.74,6.88,89701600
1997-03-26,7.15,7.18,6.88,6.89,81270400
1997-03-27,7.11,7.29,6.90,7.22,93919200
1997-03-31,6.96,7.17,6.92,7.07,93825600
1997-04-01,7.08,7.11,6.81,6.84,86680800
1997-04-02,6.98,7.10,6.90,7.05,63331200
1997-04-03,7.22,7.24,6.88,6.90,92252800
1997-04-04,7.15,7.34,7.11,7.11,94964000
1997-04-07,7.27,7.41,7.21,7.26,76511200
1997-04-08,7.45,7.45,7.25,7.33,53339200
1997-04-09,7.44,7.53,7.42,7.52,73762400
1997-04-10,7.34,7.42,7.25,7.42,67913600
1997-04-11,7.21,7.38,7.20,7.25,60033600
1997-04-14,7.39,7.39,7.08,7.19,59107200
1997-04-15,7.37,7.51,7.27,7.43,84440000
1997-04-16,7.45,7.47,7.30,7.33,42710400
1997-04-17,7.45,7.59,7.40,7.47,71720800
1997-04-18,8.17,8.17,7.82,7.89,231764000
1997-04-21,8.17,8.49,8.05,8.12,155695200
1997-04-22,8.39,8.41,8.16,8.17,82300000
1997-04-23,8.74,8.78,8.37,8.39,102814400
1997-04-24,8.66,8.94,8.55,8.85,118163200
1997-04-25,8.62,8.75,8.59,8.61,58566400
1997-04-28,8.72,8.73,8.47,8.63,67224000
1997-04-29,9.03,9.04,8.84,8.91,73953600
1997-04-30,9.22,9.30,8.98,9.00,90204000
1997-05-01,9.18,9.35,9.05,9.26,72325600
1997-05-02,9.16,9.37,9.02,9.26,96192000
1997-05-05,9.12,9.16,8.76,9.08,111063200
1997-05-06,8.90,9.09,8.83,9.06,74770400
1997-05-07,8.76,9.03,8.74,8.83,70532800
1997-05-08,8.83,8.96,8.74,8.74,53834400
1997-05-09,8.86,8.99,8.78,8.95,58392000
1997-05-12,8.96,8.99,8.88,8.92,42976000
1997-05-13,8.93,9.05,8.87,8.98,49813600
1997-05-14,8.79,9.00,8.77,8.98,60744800
1997-05-15,8.89,8.94,8.79,8.80,41861600
1997-05-16,8.76,8.88,8.72,8.83,59913600
1997-05-19,8.74,8.89,8.74,8.81,45632000
1997-05-20,9.04,9.05,8.74,8.79,64876800
1997-05-21,9.13,9.33,9.09,9.15,76620000
1997-05-22,9.15,9.23,9.09,9.18,33655200
1997-05-23,9.32,9.33,9.17,9.21,28904800
1997-05-27,9.61,9.66,9.29,9.31,69036000
1997-05-28,9.55,9.66,9.47,9.66,52241600
1997-05-29,9.55,9.79,9.48,9.66,51111200
1997-05-30,9.41,9.53,8.92,8.92,83337600
1997-06-02,9.44,9.52,9.34,9.48,38939200
1997-06-03,9.16,9.37,9.15,9.36,41995200
1997-06-04,9.04,9.28,8.97,9.15,54639200
1997-06-05,9.15,9.22,9.07,9.13,35892000
1997-06-06,9.41,9.43,9.18,9.21,35964000
1997-06-09,9.49,9.57,9.29,9.47,48200000
1997-06-10,9.47,9.64,9.39,9.49,53135200
1997-06-11,9.64,9.66,9.38,9.47,49056800
1997-06-12,9.64,9.72,9.51,9.62,44614400
1997-06-13,9.84,9.87,9.60,9.62,50116000
1997-06-16,9.97,9.97,9.78,9.84,40612800
1997-06-17,10.18,10.24,9.93,9.98,53191200
1997-06-18,9.88,10.13,9.87,10.11,55657600
1997-06-19,9.81,9.92,9.71,9.74,65519200
1997-06-20,9.85,9.97,9.75,9.82,64240000
1997-06-23,9.72,9.98,9.71,9.85,35724800
1997-06-24,10.02,10.03,9.74,9.83,39319200
1997-06-25,9.90,10.11,9.85,10.08,49576000
1997-06-26,9.73,9.93,9.70,9.87,37312000
1997-06-27,9.67,9.86,9.66,9.80,38198400
1997-06-30,9.59,9.77,9.57,9.70,38286400
1997-07-01,9.48,9.63,9.35,9.59,59377600
1997-07-02,9.74,9.75,9.41,9.53,53237600
1997-07-03,9.83,9.87,9.75,9.87,28764000
1997-07-07,9.83,10.00,9.82,9.91,39320000
1997-07-08,9.96,9.96,9.78,9.82,36007200
1997-07-09,9.92,10.06,9.83,10.05,48266400
1997-07-10,9.85,9.96,9.78,9.90,43780800
1997-07-11,9.84,9.94,9.75,9.88,38094400
1997-07-14,10.31,10.32,9.90,9.93,57424000
1997-07-15,10.51,10.57,10.37,10.48,75503200
1997-07-16,11.26,11.34,10.62,10.80,111217600
1997-07-17,11.34,11.44,11.12,11.42,131668000
1997-07-18,10.66,11.18,10.62,11.00,158927200
1997-07-21,10.31,10.70,10.15,10.69,127223200
1997-07-22,10.94,10.99,10.38,10.39,101384000
1997-07-23,10.73,11.14,10.70,11.02,95556000
1997-07-24,10.47,10.65,10.29,10.50,141855200
1997-07-25,10.51,10.79,10.41,10.51,90308800
1997-07-28,10.39,10.58,10.30,10.57,56404000
1997-07-29,10.62,10.63,10.33,10.38,79061600
1997-07-30,10.71,10.77,10.59,10.68,78324000
1997-07-31,10.73,10.78,10.69,10.77,42240800
1997-08-01,10.67,10.76,10.56,10.73,58912800
1997-08-04,10.74,10.77,10.58,10.64,46312800
1997-08-05,10.87,10.95,10.77,10.79,59333600
1997-08-06,10.88,10.97,10.79,10.87,43410400
1997-08-07,10.92,10.95,10.77,10.95,43947200
1997-08-08,10.62,10.86,10.62,10.84,66815200
1997-08-11,10.49,10.64,10.35,10.62,72696000
1997-08-12,10.32,10.60,10.30,10.58,60887200
1997-08-13,10.32,10.49,10.22,10.48,66731200
1997-08-14,10.34,10.38,10.18,10.32,45900800
1997-08-15,10.08,10.32,10.07,10.28,51078400
1997-08-18,10.16,10.16,9.94,10.09,69969600
1997-08-19,10.53,10.55,10.21,10.22,91013600
1997-08-20,10.67,10.67,10.39,10.55,51433600
1997-08-21,10.46,10.80,10.43,10.75,64412000
1997-08-22,10.41,10.43,10.18,10.26,72161600
1997-08-25,10.36,10.55,10.29,10.46,38856800
1997-08-26,10.24,10.39,10.22,10.32,34327200
1997-08-27,10.21,10.27,10.09,10.26,49371200
1997-08-28,10.02,10.15,10.02,10.13,43641600
1997-08-29,10.03,10.16,10.00,10.02,37857600
1997-09-02,10.41,10.43,10.09,10.10,50112800
1997-09-03,10.36,10.54,10.33,10.44,42872800
1997-09-04,10.49,10.51,10.30,10.32,44476000
1997-09-05,10.42,10.60,10.34,10.55,48398400
1997-09-08,10.57,10.61,10.45,10.45,42416000
1997-09-09,10.58,10.64,10.50,10.57,39465600
1997-09-10,10.25,10.56,10.25,10.54,53294400
1997-09-11,10.38,10.42,10.08,10.24,61779200
1997-09-12,10.47,10.50,10.29,10.39,48576000
1997-09-15,9.92,10.41,9.91,10.29,129003200
1997-09-16,10.35,10.39,9.94,10.00,102538400
1997-09-17,10.11,10.38,10.06,10.37,61609600
1997-09-18,10.03,10.25,9.97,10.19,61077600
1997-09-19,10.26,10.26,10.02,10.03,77435200
1997-09-22,10.12,10.31,10.11,10.24,43251200
1997-09-23,10.28,10.28,10.10,10.13,39946400
1997-09-24,10.05,10.32,10.03,10.29,60040000
1997-09-25,10.07,10.18,10.02,10.08,39272000
1997-09-26,10.12,10.15,9.99,10.14,36652000
1997-09-29,10.21,10.22,10.08,10.13,27505600
1997-09-30,10.04,10.30,10.03,10.20,43892800
1997-10-01,10.16,10.21,9.97,10.05,61466400
1997-10-02,10.11,10.21,10.07,10.15,28831200
1997-10-03,10.24,10.34,10.12,10.24,60284800
1997-10-06,10.25,10.34,10.19,10.31,41776800
1997-10-07,10.36,10.45,10.21,10.24,54548800
1997-10-08,10.55,10.55,10.34,10.37,71196800
1997-10-09,10.54,10.59,10.48,10.51,34672800
1997-10-10,10.36,10.53,10.34,10.49,24893600
1997-10-13,10.38,10.46,10.36,10.39,19051200
1997-10-14,10.37,10.42,10.27,10.40,33361600
1997-10-15,10.30,10.32,10.23,10.30,45003200
1997-10-16,10.16,10.37,10.03,10.33,47327200
1997-10-17,10.03,10.21,9.89,10.10,87720000
1997-10-20,10.06,10.26,9.67,10.09,154052800
1997-10-21,10.51,10.56,10.27,10.33,115682400
1997-10-22,10.30,10.51,10.27,10.50,55775200
1997-10-23,10.29,10.41,10.02,10.02,66413600
1997-10-24,10.27,10.41,10.11,10.39,70030400
1997-10-27,9.78,10.34,9.76,10.23,96795200
1997-10-28,10.12,10.24,9.37,10.03,160057600
1997-10-29,9.93,10.25,9.87,10.15,85532800
1997-10-30,9.76,9.97,9.75,9.83,72097600
1997-10-31,9.86,9.98,9.84,9.94,46808800
1997-11-03,10.18,10.19,9.96,9.99,67714400
1997-11-04,10.19,10.24,10.11,10.17,49134400
1997-11-05,10.13,10.21,10.05,10.21,42512800
1997-11-06,10.02,10.13,10.00,10.11,40266400
1997-11-07,9.98,10.02,9.85,9.87,63628800
1997-11-10,9.88,10.05,9.84,9.99,36764800
1997-11-11,9.91,9.97,9.82,9.90,37013600
1997-11-12,9.80,9.94,9.79,9.87,45784000
1997-11-13,9.98,9.99,9.80,9.87,60094400
1997-11-14,10.12,10.16,9.97,9.99,46663200
1997-11-17,10.23,10.30,10.12,10.21,60094400
1997-11-18,10.17,10.28,10.15,10.24,36683200
1997-11-19,10.25,10.25,10.12,10.14,31720800
1997-11-20,10.39,10.40,10.23,10.26,53680800
1997-11-21,10.46,10.47,10.35,10.46,68220800
1997-11-24,10.28,10.48,10.28,10.40,39084000
1997-11-25,10.55,10.57,10.30,10.31,56463200
1997-11-26,10.74,10.76,10.49,10.55,63053600
1997-11-28,10.74,10.79,10.71,10.72,17392800
1997-12-01,10.91,10.93,10.75,10.77,49006400
1997-12-02,10.79,10.99,10.77,10.89,50167200
1997-12-03,10.98,11.01,10.70,10.75,57712000
1997-12-04,10.82,11.07,10.79,10.98,62630400
1997-12-05,10.86,10.98,10.78,10.78,48136000
1997-12-08,11.09,11.13,10.86,10.89,49952800
1997-12-09,10.95,11.03,10.89,11.00,51782400
1997-12-10,10.79,10.87,10.70,10.79,66434400
1997-12-11,10.55,10.70,10.54,10.65,70189600
1997-12-12,10.38,10.51,10.32,10.45,54308000
1997-12-15,10.33,10.39,10.09,10.35,84305600
1997-12-16,10.55,10.65,10.24,10.31,65401600
1997-12-17,10.29,10.65,10.28,10.61,51472000
1997-12-18,9.93,10.22,9.89,10.21,98774400
1997-12-19,9.76,9.88,9.58,9.77,138065600
1997-12-22,9.64,9.86,9.55,9.80,59063200
1997-12-23,9.36,9.73,9.33,9.64,67195200
1997-12-24,9.02,9.40,8.95,9.39,88411200
1997-12-26,9.16,9.16,9.01,9.02,32388800
1997-12-29,9.58,9.62,9.27,9.29,67815200
1997-12-30,9.88,9.94,9.58,9.59,77864800
1997-12-31,9.81,9.98,9.79,9.94,46147200
1998-01-02,9.95,9.98,9.83,9.84,39748000
1998-01-05,9.89,10.14,9.70,9.96,80377600
1998-01-06,9.95,10.09,9.81,9.84,67834400
1998-01-07,9.83,9.95,9.67,9.85,61492800
1998-01-08,9.90,10.03,9.67,9.76,77619200
1998-01-09,9.64,9.98,9.55,9.87,87534400
1998-01-12,9.83,9.86,9.44,9.46,78393600
1998-01-13,10.03,10.03,9.72,9.83,66945600
1998-01-14,9.95,10.05,9.81,10.03,54774400
1998-01-15,10.04,10.09,9.85,9.89,50622400
1998-01-16,10.26,10.27,10.04,10.04,72943200
1998-01-20,10.46,10.47,10.17,10.18,64956000
1998-01-21,10.39,10.50,10.29,10.41,85567200
1998-01-22,10.52,10.61,10.27,10.29,159139200
1998-01-23,10.49,10.58,10.37,10.53,63312000
1998-01-26,10.76,10.76,10.51,10.61,74277600
1998-01-27,11.02,11.07,10.74,10.80,97540800
1998-01-28,11.31,11.34,11.04,11.10,79387200
1998-01-29,11.25,11.39,11.19,11.30,73571200
1998-01-30,11.32,11.38,11.20,11.28,50071200
1998-02-02,11.75,11.77,11.42,11.51,98397600
1998-02-03,11.83,11.85,11.67,11.77,61374400
1998-02-04,11.90,11.99,11.77,11.83,61940800
1998-02-05,11.79,12.05,11.74,12.00,67014400
1998-02-06,12.00,12.01,11.77,11.79,50070400
1998-02-09,11.93,12.05,11.81,12.05,54681600
1998-02-10,12.08,12.10,11.89,11.93,48099200
1998-02-11,12.06,12.14,11.92,12.09,76460000
1998-02-12,12.05,12.06,11.87,11.99,76658400
1998-02-13,11.95,12.05,11.94,12.04,42203200
1998-02-17,11.71,12.03,11.68,12.03,85673600
1998-02-18,11.73,11.84,11.67,11.73,76608800
1998-02-19,11.75,11.84,11.70,11.80,73773600
1998-02-20,11.77,11.82,11.60,11.80,86092000
1998-02-23,12.39,12.40,12.05,12.28,120803600
1998-02-24,12.46,12.89,12.42,12.65,118302000
1998-02-25,12.89,12.90,12.60,12.66,94944400
1998-02-26,12.97,13.00,12.81,12.97,61388000
1998-02-27,12.86,13.05,12.83,12.98,47532400
1998-03-02,12.64,13.03,12.60,13.03,50093600
1998-03-03,12.82,12.83,12.53,12.54,50753600
1998-03-04,12.49,12.72,12.38,12.51,71513600
1998-03-05,12.15,12.36,12.03,12.03,92255600
1998-03-06,12.56,12.56,12.18,12.19,51404800
1998-03-09,12.08,12.52,12.06,12.52,52256000
1998-03-10,12.37,12.37,12.13,12.32,47406400
1998-03-11,12.24,12.44,12.10,12.44,39838800
1998-03-12,12.42,12.54,12.26,12.52,47962000
1998-03-13,12.50,12.60,12.38,12.51,32542400
1998-03-16,12.44,12.56,12.35,12.51,27979600
1998-03-17,12.20,12.40,12.09,12.40,53842400
1998-03-18,12.41,12.42,12.12,12.15,33887600
1998-03-19,12.44,12.49,12.33,12.37,30299200
1998-03-20,12.42,12.60,12.22,12.46,56310000
1998-03-23,12.73,12.84,12.30,12.32,55050000
1998-03-24,12.89,12.91,12.66,12.78,32281600
1998-03-25,13.48,13.80,13.24,13.73,124244800
1998-03-26,13.39,13.59,13.28,13.43,45441200
1998-03-27,13.33,13.56,13.29,13.56,38924000
1998-03-30,13.34,13.45,13.22,13.36,27463200
1998-03-31,13.58,13.62,13.43,13.45,38177200
1998-04-01,13.71,13.75,13.43,13.63,36835600
1998-04-02,13.86,13.95,13.64,13.76,41414800
1998-04-03,14.11,14.12,13.89,13.96,40987600
1998-04-06,13.65,14.06,13.52,14.06,74232000
1998-04-07,13.24,13.75,13.16,13.55,62630800
1998-04-08,13.50,13.51,13.15,13.16,36793200
1998-04-09,13.51,13.60,13.28,13.34,33619200
1998-04-13,13.45,13.51,13.16,13.48,33156400
1998-04-14,13.42,13.59,13.28,13.46,28476800
1998-04-15,13.87,13.87,13.49,13.54,40498400
1998-04-16,13.91,13.97,13.69,13.71,39695600
1998-04-17,13.98,14.00,13.71,13.89,37402800
1998-04-20,14.36,14.42,13.99,14.02,45535200
1998-04-21,14.40,14.42,14.13,14.37,51938400
1998-04-22,15.00,15.04,14.51,14.57,80154000
1998-04-23,14.34,14.78,14.29,14.76,64215200
1998-04-24,13.98,14.38,13.94,14.19,51436000
1998-04-27,13.71,13.74,13.43,13.58,58752000
1998-04-28,13.64,14.00,13.51,13.98,56668000
1998-04-29,13.73,13.89,13.60,13.67,50061600
1998-04-30,13.68,13.90,13.61,13.89,54473600
1998-05-01,13.60,13.73,13.37,13.69,35996000
1998-05-04,13.36,13.64,13.34,13.53,37899600
1998-05-05,13.32,13.59,13.20,13.30,50828000
1998-05-06,13.11,13.28,13.05,13.28,48110800
1998-05-07,12.65,13.09,12.62,13.08,78022000
1998-05-08,13.01,13.07,12.42,12.42,96274800
1998-05-11,12.79,13.08,12.76,13.07,51474400
1998-05-12,13.00,13.01,12.63,12.63,64147200
1998-05-13,13.19,13.47,13.13,13.46,80680400
1998-05-14,13.50,13.81,13.02,13.03,94774400
1998-05-15,13.57,13.69,13.47,13.68,48150800
1998-05-18,13.06,13.13,12.82,12.82,80395600
1998-05-19,13.13,13.19,12.98,13.02,52234400
1998-05-20,13.01,13.18,12.96,13.07,35698800
1998-05-21,13.11,13.26,12.97,13.02,36680000
1998-05-22,12.98,13.16,12.97,13.15,36129200
1998-05-26,12.69,13.08,12.67,12.95,44473600
1998-05-27,13.05,13.07,12.58,12.58,58574400
1998-05-28,13.10,13.11,12.91,13.01,30746800
1998-05-29,12.87,13.13,12.86,13.11,34091200
1998-06-01,12.71,12.84,12.61,12.73,42436800
1998-06-02,12.97,13.04,12.73,12.76,38570800
1998-06-03,12.79,13.12,12.77,13.03,36010800
1998-06-04,13.06,13.07,12.69,12.85,33717600
1998-06-05,13.09,13.13,12.86,13.03,34431600
1998-06-08,13.00,13.10,12.90,12.99,18886400
1998-06-09,13.21,13.29,12.94,12.95,35690400
1998-06-10,13.05,13.41,13.03,13.15,33290400
1998-06-11,12.95,13.22,12.92,13.12,41271200
1998-06-12,13.01,13.07,12.75,12.88,41323600
1998-06-15,13.04,13.25,12.83,12.85,42846000
1998-06-16,13.64,13.65,12.97,13.10,61138400
1998-06-17,13.82,14.02,13.62,13.65,76147600
1998-06-18,13.84,13.92,13.71,13.78,39228400
1998-06-19,14.37,14.38,14.04,14.09,91226800
1998-06-22,14.54,14.56,14.22,14.38,48969600
1998-06-23,15.29,15.31,14.45,14.54,124675200
1998-06-24,15.92,15.95,15.17,15.43,105724800
1998-06-25,15.41,16.22,15.38,16.07,88969600
1998-06-26,15.85,15.88,15.48,15.52,55680400
1998-06-29,16.30,16.34,15.97,16.01,65906000
1998-06-30,16.45,16.47,15.88,15.97,77010000
1998-07-01,16.60,16.71,16.27,16.56,53470400
1998-07-02,16.28,16.56,16.26,16.51,27321200
1998-07-06,16.36,16.40,15.99,16.22,35307600
1998-07-07,16.38,16.47,16.16,16.36,32422800
1998-07-08,16.67,16.71,16.20,16.41,41553600
1998-07-09,16.84,17.00,16.65,16.69,43690000
1998-07-10,17.18,17.19,16.67,16.86,45396800
1998-07-13,17.84,17.94,17.24,17.32,69223200
1998-07-14,17.68,18.02,17.53,17.94,56972400
1998-07-15,17.81,17.91,17.55,17.60,48690000
1998-07-16,17.81,18.04,17.70,17.92,65125200
1998-07-17,17.90,18.15,17.59,17.83,83108400
1998-07-20,17.75,18.13,17.73,17.94,45794800
1998-07-21,17.12,18.06,17.07,17.74,74605200
1998-07-22,17.72,17.79,16.98,17.00,71654400
1998-07-23,17.15,17.83,17.15,17.65,51029600
1998-07-24,17.27,17.55,17.07,17.26,60366400
1998-07-27,17.72,17.72,16.80,17.17,58998000
1998-07-28,17.03,17.74,17.00,17.60,78378400
1998-07-29,16.80,17.34,16.70,17.19,59738000
1998-07-30,17.21,17.24,16.81,16.99,72746400
1998-07-31,16.68,17.23,16.68,17.14,53705200
1998-08-03,16.46,16.83,16.29,16.56,73566400
1998-08-04,15.86,16.64,15.81,16.48,91412000
1998-08-05,15.83,16.12,15.40,15.80,120208800
1998-08-06,16.22,16.23,15.73,15.74,68308000
1998-08-07,16.07,16.31,15.94,16.30,54972400
1998-08-10,15.85,16.13,15.85,16.06,46763200
1998-08-11,15.70,15.84,15.48,15.61,60976400
1998-08-12,15.94,15.96,15.63,15.83,53760000
1998-08-13,15.77,16.09,15.74,15.80,51193200
1998-08-14,15.82,15.94,15.71,15.89,29566400
1998-08-17,16.28,16.29,15.63,15.71,54073200
1998-08-18,16.88,16.97,16.29,16.37,70591200
1998-08-19,16.78,17.11,16.73,17.03,55709600
1998-08-20,17.08,17.11,16.65,16.71,49970400
1998-08-21,16.79,16.98,16.50,16.86,59523600
1998-08-24,16.75,17.00,16.69,16.74,26319200
1998-08-25,17.12,17.25,16.86,16.90,58026800
1998-08-26,17.08,17.26,16.83,16.88,44804400
1998-08-27,16.58,17.11,16.47,16.78,74874000
1998-08-28,15.97,16.64,15.90,16.43,72730000
1998-08-31,14.56,16.16,14.53,15.91,132690400
1998-09-01,15.36,15.44,14.34,14.45,140112400
1998-09-02,15.26,15.82,15.21,15.45,63438400
1998-09-03,15.06,15.29,14.93,14.99,67506800
1998-09-04,14.66,15.21,14.59,15.13,50890400
1998-09-08,15.47,15.49,15.03,15.18,60625600
1998-09-09,15.52,15.85,15.42,15.52,65480800
1998-09-10,15.29,15.35,14.98,15.18,60758000
1998-09-11,15.82,15.88,15.19,15.35,58989200
1998-09-14,16.09,16.25,15.91,15.92,45086800
1998-09-15,16.44,16.46,15.95,16.07,49367600
1998-09-16,16.42,16.47,16.10,16.37,42886800
1998-09-17,15.92,16.16,15.91,15.98,45178400
1998-09-18,15.99,16.12,15.83,16.05,47361600
1998-09-21,16.37,16.40,15.54,15.55,45872000
1998-09-22,16.57,16.67,16.20,16.46,43082000
1998-09-23,17.24,17.28,16.47,16.64,65263600
1998-09-24,16.71,17.39,16.54,17.17,63521600
1998-09-25,17.16,17.17,16.48,16.56,47878400
1998-09-28,16.89,17.36,16.65,17.15,41405200
1998-09-29,17.13,17.30,16.90,16.97,48743200
1998-09-30,16.70,17.23,16.70,17.04,38875600
1998-10-01,15.79,16.62,15.78,16.40,65442400
1998-10-02,15.80,15.96,15.33,15.69,65889600
1998-10-05,15.36,15.61,14.64,15.55,114937600
1998-10-06,14.81,15.73,14.78,15.55,76550000
1998-10-07,14.28,15.14,14.17,14.78,90710400
1998-10-08,13.84,13.94,13.32,13.74,144719200
1998-10-09,14.70,14.72,14.00,14.14,72661600
1998-10-12,15.14,15.33,14.95,15.06,51502800
1998-10-13,14.63,15.14,14.53,15.10,47995600
1998-10-14,15.20,15.38,14.55,14.55,62403200
1998-10-15,16.00,16.03,15.12,15.19,66253600
1998-10-16,15.94,16.16,15.78,16.09,68620000
1998-10-19,15.62,15.81,15.35,15.80,60177600
1998-10-20,15.21,15.69,15.12,15.67,94368400
1998-10-21,16.15,16.22,15.64,15.91,125377200
1998-10-22,16.69,16.71,15.97,16.09,81910800
1998-10-23,16.14,16.69,16.11,16.54,59882000
1998-10-26,16.25,16.39,16.04,16.21,59678400
1998-10-27,16.00,16.37,15.93,16.35,65434800
1998-10-28,16.04,16.18,15.91,15.91,56808400
1998-10-29,16.18,16.31,16.00,16.00,52402800
1998-10-30,16.07,16.42,15.95,16.28,59322800
1998-11-02,16.06,16.22,15.93,16.14,48388400
1998-11-03,15.96,16.17,15.90,16.01,36546800
1998-11-04,16.01,16.28,15.91,16.06,67459600
1998-11-05,16.14,16.33,15.97,15.98,76727200
1998-11-06,16.59,16.65,16.08,16.10,74461200
1998-11-09,16.80,16.90,16.51,16.57,68956800
1998-11-10,17.01,17.21,16.70,16.71,72075600
1998-11-11,16.85,17.41,16.83,17.21,63899200
1998-11-12,16.50,16.86,16.47,16.73,38526800
1998-11-13,16.69,16.77,16.45,16.46,28368800
1998-11-16,16.51,16.96,16.31,16.89,42620400
1998-11-17,16.98,17.05,16.53,16.54,58744000
1998-11-18,16.65,16.85,16.56,16.63,41691200
1998-11-19,16.96,17.07,16.55,16.55,45220800
1998-11-20,17.24,17.26,16.88,17.11,48405200
1998-11-23,18.09,18.24,17.07,17.07,110870400
1998-11-24,18.47,18.98,18.00,18.01,101114800
1998-11-25,18.86,18.87,18.32,18.62,41394000
1998-11-27,19.43,19.44,18.86,18.99,26335600
1998-11-30,18.51,19.77,18.50,19.63,70900000
1998-12-01,19.65,19.69,18.23,18.25,86330800
1998-12-02,19.23,19.69,19.04,19.60,65759600
1998-12-03,18.53,19.57,18.51,19.25,51426800
1998-12-04,19.33,19.33,18.82,18.96,44352000
1998-12-07,20.27,20.30,19.23,19.38,89809200
1998-12-08,19.91,20.37,19.69,20.16,77585200
1998-12-09,20.28,20.31,19.73,20.05,44781600
1998-12-10,19.96,20.43,19.94,20.20,57015600
1998-12-11,20.33,20.44,19.84,19.88,51728800
1998-12-14,19.41,20.30,19.38,20.14,64077600
1998-12-15,20.01,20.03,19.61,19.62,51719600
1998-12-16,20.30,20.51,19.59,20.11,60024000
1998-12-17,20.39,20.47,20.07,20.36,46963600
1998-12-18,20.91,20.98,20.35,20.49,59648000
1998-12-21,21.31,21.58,20.90,21.04,48112000
1998-12-22,21.01,21.32,20.85,21.32,41350000
1998-12-23,21.79,21.82,21.15,21.30,34940000
1998-12-24,21.51,21.85,21.47,21.80,13832400
1998-12-28,21.61,21.80,21.47,21.70,23636400
1998-12-29,21.32,21.63,21.19,21.63,29651600
1998-12-30,21.09,21.75,21.07,21.38,34942800
1998-12-31,21.05,21.25,20.94,21.12,23834400
1999-01-04,21.40,22.04,21.15,21.19,69305200
1999-01-05,22.23,22.46,21.46,21.53,64281600
1999-01-06,22.95,22.99,22.27,22.69,69064800
1999-01-07,22.84,22.86,22.50,22.72,51150400
1999-01-08,22.74,23.14,22.31,23.09,50244800
1999-01-11,22.38,22.90,21.89,22.90,46463200
1999-01-12,21.58,22.48,21.40,22.48,57907200
1999-01-13,21.82,22.42,20.64,20.64,75346000
1999-01-14,21.51,22.09,21.47,22.04,59214000
1999-01-15,22.72,22.76,21.45,21.69,59344000
1999-01-19,23.62,24.03,22.90,22.97,102741600
1999-01-20,24.68,25.46,24.66,25.33,125481200
1999-01-21,24.02,24.78,23.94,24.55,80077200
1999-01-22,23.71,24.32,23.56,23.62,82160000
1999-01-25,24.56,24.78,24.15,24.54,103076400
1999-01-26,26.03,26.06,24.96,25.11,120203200
1999-01-27,25.59,26.47,25.57,26.18,98048000
1999-01-28,26.40,26.41,25.77,26.06,78838400
1999-01-29,26.56,26.58,25.93,26.52,79571600
1999-02-01,26.24,26.70,25.92,26.62,81729200
1999-02-02,25.44,26.19,25.23,26.18,91965600
1999-02-03,25.31,25.78,25.19,25.25,73749200
1999-02-04,24.14,25.55,24.11,25.51,89151600
1999-02-05,24.28,24.53,23.50,24.32,127945200
1999-02-08,25.08,25.12,24.53,24.67,109866800
1999-02-09,24.29,25.30,24.24,25.03,77293600
1999-02-10,24.38,24.94,24.07,24.26,73694000
1999-02-11,24.70,24.87,24.34,24.70,60366000
1999-02-12,23.94,24.84,23.84,24.54,62930400
1999-02-16,23.71,24.26,23.46,24.24,73666800
1999-02-17,22.76,23.39,22.54,23.21,101215600
1999-02-18,22.12,22.97,21.85,22.90,117035200
1999-02-19,22.42,22.65,22.12,22.37,73085600
1999-02-22,22.58,22.61,21.97,22.50,92514400
1999-02-23,23.59,23.62,22.84,23.21,95106800
1999-02-24,23.20,24.19,23.18,23.74,67696800
1999-02-25,23.29,23.33,22.71,23.12,70817200
1999-02-26,22.78,23.14,22.69,23.12,59273200
1999-03-01,23.03,23.15,22.69,22.70,58332000
1999-03-02,22.54,23.39,22.40,23.05,58569600
1999-03-03,22.71,22.87,22.32,22.61,76798400
1999-03-04,23.10,23.29,22.48,22.93,61696400
1999-03-05,23.51,23.58,23.24,23.48,47302800
1999-03-08,24.13,24.16,23.52,23.60,46726000
1999-03-09,24.56,25.00,24.24,24.26,90129600
1999-03-10,24.49,24.66,24.16,24.63,53114800
1999-03-11,24.50,24.97,24.18,24.43,62948400
1999-03-12,24.31,24.70,23.80,24.68,73395200
1999-03-15,25.17,25.19,23.96,24.37,60609600
1999-03-16,25.66,25.80,24.93,25.11,68554000
1999-03-17,25.36,25.71,25.30,25.66,44919600
1999-03-18,26.17,26.19,25.22,25.26,56231200
1999-03-19,25.98,26.42,25.78,26.39,91980400
1999-03-22,26.22,26.55,26.10,26.24,55719200
1999-03-23,25.28,26.42,25.23,26.21,69581200
1999-03-24,25.99,26.07,24.75,25.34,82634400
1999-03-25,27.31,27.32,26.18,26.26,109447600
1999-03-26,27.03,27.37,26.67,27.15,94687600
1999-03-29,28.04,28.11,26.67,27.35,79777000
1999-03-30,28.23,28.38,28.00,28.34,67502400
1999-03-31,27.20,28.72,27.05,28.68,58752600
1999-04-01,28.13,28.19,27.40,27.69,41106000
1999-04-05,28.81,28.84,28.38,28.62,39848600
1999-04-06,28.55,29.02,28.30,28.89,39674800
1999-04-07,28.32,28.83,27.69,28.79,46910200
1999-04-08,28.70,28.72,27.62,28.30,38637000
1999-04-09,28.61,28.83,28.23,28.61,31816800
1999-04-12,28.23,28.42,27.73,27.81,37858800
1999-04-13,27.35,28.26,27.07,28.26,46746800
1999-04-14,26.06,27.66,26.06,27.56,52944000
1999-04-15,26.97,27.28,25.46,26.50,72594600
1999-04-16,26.29,27.05,26.06,27.03,44774000
1999-04-19,24.58,26.75,24.39,26.37,75389000
1999-04-20,25.23,25.49,24.28,24.96,108459400
1999-04-21,24.89,25.04,24.28,24.93,92732800
1999-04-22,25.78,25.87,25.30,25.80,55096400
1999-04-23,26.10,26.40,25.19,25.80,56592000
1999-04-26,26.71,26.99,26.33,26.46,48349800
1999-04-27,25.49,26.94,25.48,26.94,58665800
1999-04-28,24.93,26.25,24.80,25.89,55963400
1999-04-29,24.91,25.40,24.40,25.00,60880600
1999-04-30,24.68,25.42,24.24,25.11,58558600
1999-05-03,24.24,24.74,23.84,24.72,67180000
1999-05-04,23.69,24.83,23.60,24.43,66502200
1999-05-05,24.01,24.24,23.20,24.01,67028200
1999-05-06,23.65,24.62,23.52,24.49,74021000
1999-05-07,24.00,24.39,23.67,24.17,48011600
1999-05-10,24.19,24.43,23.75,24.24,46218000
1999-05-11,24.24,24.59,24.11,24.51,42786200
1999-05-12,24.43,24.58,24.05,24.51,60142600
1999-05-13,24.01,24.81,24.01,24.62,51737200
1999-05-14,23.33,24.26,23.26,23.94,84401000
1999-05-17,24.01,24.15,23.37,23.48,66850200
1999-05-18,23.88,24.36,23.65,24.22,63858400
1999-05-19,24.07,24.24,23.45,24.24,46510800
1999-05-20,23.81,24.28,23.79,24.15,42386200
1999-05-21,23.54,23.98,23.37,23.82,56568800
1999-05-24,23.45,23.64,23.09,23.64,38990000
1999-05-25,23.14,24.05,23.10,23.29,50791600
1999-05-26,23.82,23.82,22.91,23.43,52022800
1999-05-27,23.79,24.11,23.52,23.75,56702200
1999-05-28,24.49,24.55,23.71,23.90,41548000
1999-06-01,23.82,24.51,23.81,24.47,36046400
1999-06-02,23.81,23.86,23.14,23.69,42812600
1999-06-03,23.18,23.96,23.10,23.79,32934400
1999-06-04,24.15,24.19,23.29,23.35,35668200
1999-06-07,24.36,24.60,24.03,24.26,32392200
1999-06-08,24.09,24.93,23.98,24.24,41516400
1999-06-09,24.98,25.08,24.28,24.32,53310800
1999-06-10,24.24,24.98,24.00,24.85,35277400
1999-06-11,23.71,24.43,23.54,24.28,34543000
1999-06-14,23.54,24.19,23.50,23.90,28369800
1999-06-15,23.58,23.94,23.27,23.69,36981000
1999-06-16,24.58,24.77,23.96,24.00,48325200
1999-06-17,25.15,25.19,24.43,24.49,44475200
1999-06-18,25.80,25.80,24.93,24.98,69116200
1999-06-21,26.99,27.01,25.76,25.76,56194400
1999-06-22,26.25,26.84,26.18,26.84,38751000
1999-06-23,26.10,26.52,25.82,26.08,33942000
1999-06-24,25.68,26.18,25.49,26.03,33559000
1999-06-25,25.78,26.23,25.61,25.91,24933000
1999-06-28,26.33,26.35,25.78,25.95,31701000
1999-06-29,26.71,26.73,26.10,26.31,38973200
1999-06-30,27.37,27.39,26.33,26.63,57610200
1999-07-01,27.68,27.77,26.82,27.28,47737800
1999-07-02,27.92,27.96,27.41,27.58,32094800
1999-07-06,27.18,28.21,27.09,28.00,45419400
1999-07-07,28.02,28.02,27.28,27.33,33834600
1999-07-08,28.09,28.23,27.52,27.87,37790400
1999-07-09,28.30,28.32,28.00,28.04,33884200
1999-07-12,28.59,28.76,28.04,28.28,43847800
1999-07-13,28.42,28.55,28.17,28.26,30845000
1999-07-14,28.81,28.83,28.07,28.45,37985200
1999-07-15,28.64,28.91,28.45,28.83,40926200
1999-07-16,30.18,30.31,28.83,28.98,115369800
1999-07-19,29.86,30.58,29.69,30.35,81181600
1999-07-20,28.32,29.36,28.02,29.27,92287400
1999-07-21,28.74,28.93,28.23,28.42,54050800
1999-07-22,27.64,28.68,27.32,28.64,60904200
1999-07-23,27.39,27.85,27.22,27.79,68833200
1999-07-26,26.59,27.26,26.59,26.97,50885000
1999-07-27,26.95,27.24,26.71,26.95,65513000
1999-07-28,27.32,27.47,26.82,27.07,62215200
1999-07-29,26.39,26.95,26.20,26.92,57968200
1999-07-30,26.04,26.90,25.95,26.59,51127400
1999-08-02,25.74,26.39,25.61,26.01,48050600
1999-08-03,25.72,26.12,25.61,26.06,55051200
1999-08-04,25.78,26.46,25.72,25.84,75573400
1999-08-05,26.03,26.22,25.72,25.91,76634000
1999-08-06,25.84,26.23,25.78,26.12,67205800
1999-08-09,25.44,26.04,25.40,25.99,39333600
1999-08-10,25.17,25.51,24.77,25.36,62743000
1999-08-11,25.55,25.70,24.98,25.49,66105200
1999-08-12,24.81,25.55,24.77,25.48,61062000
1999-08-13,25.70,25.99,25.11,25.17,65099800
1999-08-16,25.59,26.07,24.98,25.82,57321800
1999-08-17,25.66,25.95,25.17,25.93,51749000
1999-08-18,25.80,26.16,25.51,25.63,58361200
1999-08-19,25.44,25.84,25.23,25.66,71478200
1999-08-20,25.30,25.73,25.21,25.49,46072800
1999-08-23,26.23,26.29,25.46,25.59,60447000
1999-08-24,27.98,28.38,26.42,26.42,120450000
1999-08-25,28.93,29.14,28.28,28.42,81877600
1999-08-26,28.72,29.25,28.43,28.95,61246000
1999-08-27,28.30,28.87,28.04,28.85,41948400
1999-08-30,28.00,28.36,27.79,28.19,33300800
1999-08-31,28.09,28.26,27.35,27.87,46882800
1999-09-01,28.04,28.36,27.81,28.02,36607200
1999-09-02,27.87,28.09,27.52,27.77,33340800
1999-09-03,29.10,29.27,28.38,28.45,52098000
1999-09-07,28.61,29.34,28.45,28.79,47028000
1999-09-08,28.00,28.74,27.94,28.43,42568200
1999-09-09,28.55,28.57,27.86,28.06,38475200
1999-09-10,28.83,28.93,28.53,28.85,34455000
1999-09-13,28.49,28.78,28.34,28.68,27870800
1999-09-14,28.85,29.00,28.42,28.43,40207800
1999-09-15,28.11,29.06,28.04,28.98,48413800
1999-09-16,28.53,28.55,27.50,28.19,45796000
1999-09-17,29.27,29.29,28.47,28.64,79773400
1999-09-20,29.61,29.71,28.83,29.14,48601800
1999-09-21,28.72,29.31,28.57,29.31,47082800
1999-09-22,29.16,29.33,28.43,28.76,48531600
1999-09-23,27.68,29.40,27.32,29.40,71073600
1999-09-24,27.60,27.73,26.97,27.37,70277000
1999-09-27,27.75,28.21,27.58,27.92,34132200
1999-09-28,27.96,28.13,27.03,27.69,46000600
1999-09-29,27.16,27.96,27.05,27.79,37484400
1999-09-30,27.49,27.83,26.95,27.32,47455400
1999-10-01,27.31,27.50,26.80,27.37,44239000
1999-10-04,28.09,28.11,27.39,27.47,29998000
1999-10-05,27.87,28.49,27.16,28.15,43397000
1999-10-06,28.43,28.53,27.94,28.02,35500200
1999-10-07,28.45,28.85,28.13,28.43,46036400
1999-10-08,28.81,28.89,27.96,28.38,35697000
1999-10-11,28.62,28.83,28.57,28.72,19943800
1999-10-12,28.09,28.62,28.04,28.53,27668600
1999-10-13,27.64,28.26,27.41,27.92,38098400
1999-10-14,27.52,27.99,27.22,27.58,42737800
1999-10-15,26.73,27.26,26.50,27.16,73788000
1999-10-18,26.67,26.71,25.82,26.46,75312800
1999-10-19,26.20,27.09,25.87,26.78,69945600
1999-10-20,28.00,28.04,27.39,27.79,88090600
1999-10-21,28.24,28.26,27.47,27.49,60801200
1999-10-22,28.13,28.49,27.85,28.40,43650600
1999-10-25,28.06,28.40,27.66,27.92,30492200
1999-10-26,28.04,28.91,28.00,28.64,52467600
1999-10-27,27.58,27.81,27.22,27.77,54416600
1999-10-28,27.28,27.58,27.11,27.32,70570400
1999-10-29,28.09,28.53,27.69,27.75,79452600
1999-11-01,28.04,28.59,27.96,28.30,53261200
1999-11-02,28.09,28.68,27.90,28.15,46349000
1999-11-03,27.92,28.38,27.77,28.21,44517000
1999-11-04,27.85,28.15,27.41,28.02,54239400
1999-11-05,27.79,28.19,27.47,27.87,70167400
1999-11-08,27.30,27.54,25.61,25.74,243819200
1999-11-09,26.97,27.28,26.23,27.24,109769800
1999-11-10,26.44,27.05,26.23,26.75,69385400
1999-11-11,27.20,27.45,26.78,26.78,69274600
1999-11-12,27.07,27.32,26.42,27.24,49414200
1999-11-15,26.40,26.86,26.39,26.78,47080400
1999-11-16,26.50,26.63,26.06,26.39,59165200
1999-11-17,25.80,26.42,25.80,26.23,66819000
1999-11-18,25.78,26.04,25.65,25.78,64493200
1999-11-19,26.10,26.27,25.61,25.63,58226000
1999-11-22,27.26,27.43,26.84,27.20,90596600
1999-11-23,27.20,27.73,26.82,27.09,70787400
1999-11-24,27.83,28.00,27.16,27.18,53771000
1999-11-26,27.66,28.34,27.62,27.81,28514200
1999-11-29,27.37,27.94,27.16,27.35,51460200
1999-11-30,27.63,28.19,27.18,27.24,64145600
1999-12-01,28.28,28.51,27.58,27.64,48864200
1999-12-02,28.78,28.91,28.19,28.24,55473800
1999-12-03,29.17,29.48,29.06,29.08,64100600
1999-12-06,28.97,29.50,28.76,28.91,49098200
1999-12-07,28.23,28.79,28.19,28.76,56859200
1999-12-08,27.85,28.62,27.83,28.26,40955800
1999-12-09,28.15,28.32,27.75,27.92,46258200
1999-12-10,28.49,28.57,28.00,28.34,36836000
1999-12-13,29.33,29.42,28.15,28.41,52691600
1999-12-14,29.95,30.69,28.93,29.19,144116200
1999-12-15,32.91,33.01,29.89,29.91,155571600
1999-12-16,34.50,34.90,33.06,33.16,128660200
1999-12-17,34.98,35.55,34.49,35.40,105898800
1999-12-20,34.22,34.90,33.75,34.85,39433800
1999-12-21,35.17,35.40,33.57,34.11,57446000
1999-12-22,35.68,35.81,34.94,35.30,38565200
1999-12-23,35.64,36.19,35.43,35.59,31028400
1999-12-27,36.15,36.19,35.24,35.95,32202200
1999-12-28,35.66,36.06,35.53,36.04,24591000
1999-12-29,35.79,35.93,35.45,35.49,17449200
1999-12-30,35.70,36.40,35.55,35.78,22360000
1999-12-31,35.43,35.74,35.28,35.66,12517600
2000-01-03,35.38,36.00,33.99,35.62,53228400
2000-01-04,34.18,35.55,34.07,34.47,54119000
2000-01-05,34.54,35.32,33.20,33.73,64059600
2000-01-06,33.39,34.56,32.89,34.05,54976600
2000-01-07,33.82,34.07,32.57,32.97,62013600
2000-01-10,34.07,34.50,33.80,34.43,44963600
2000-01-11,33.20,34.68,32.99,33.84,46743600
2000-01-12,32.11,33.04,31.70,32.93,66532400
2000-01-13,32.72,32.97,30.81,31.68,83144000
2000-01-14,34.07,34.58,32.10,32.53,73416400
2000-01-18,35.00,35.36,33.92,33.94,81483600
2000-01-19,32.47,33.84,32.17,33.54,97568200
2000-01-20,32.17,33.29,32.13,32.49,56349800
2000-01-21,31.49,32.55,31.34,32.47,68416200
2000-01-24,30.73,32.08,30.60,31.50,63597600
2000-01-25,31.20,31.53,30.22,30.65,59823200
2000-01-26,30.16,31.41,30.08,31.09,49365000
2000-01-27,29.97,30.71,29.52,30.32,63654800
2000-01-28,29.82,30.43,29.52,29.78,58225400
2000-01-31,29.71,29.80,28.79,29.63,73194200
2000-02-01,31.24,31.34,29.65,29.89,70196600
2000-02-02,30.60,31.55,30.50,31.09,49915600
2000-02-03,31.45,31.62,30.39,30.98,49186000
2000-02-04,32.34,32.78,31.61,31.68,55365400
2000-02-07,32.36,32.44,31.64,32.42,40005800
2000-02-08,33.37,33.39,32.30,32.30,56229000
2000-02-09,31.56,33.21,31.53,33.21,55090000
2000-02-10,32.17,32.34,31.11,31.53,54527800
2000-02-11,30.33,31.83,30.08,31.83,115559000
2000-02-14,30.24,30.88,30.07,30.72,81028600
2000-02-15,29.91,30.35,29.78,30.27,71027600
2000-02-16,29.63,30.41,29.48,30.12,65202600
2000-02-17,30.24,30.26,29.48,29.89,80343400
2000-02-18,28.85,30.37,28.79,30.35,79063000
2000-02-22,28.47,29.48,28.17,28.87,66296200
2000-02-23,28.61,29.06,27.94,28.38,75847200
2000-02-24,28.76,29.10,27.92,28.61,69733200
2000-02-25,27.71,28.74,27.47,28.74,65301400
2000-02-28,27.79,27.96,26.75,27.39,76131800
2000-02-29,27.13,27.85,26.97,27.85,58437400
2000-03-01,27.56,28.56,26.99,27.20,106889800
2000-03-02,28.34,28.95,27.66,27.87,106932600
2000-03-03,29.17,30.01,28.49,28.76,101435200
2000-03-06,27.50,29.55,27.35,29.14,93609400
2000-03-07,28.19,29.59,27.90,29.17,135061000
2000-03-08,29.00,29.19,27.62,28.47,94290000
2000-03-09,30.35,30.35,28.83,28.93,88198800
2000-03-10,30.65,31.11,30.20,30.22,85589000
2000-03-13,29.74,30.43,29.59,29.63,61831800
2000-03-14,28.87,30.12,28.87,29.93,73489200
2000-03-15,28.95,29.33,28.43,28.70,53208000
2000-03-16,28.95,29.34,28.30,29.12,77300800
2000-03-17,30.16,30.20,28.68,28.91,81161600
2000-03-20,29.55,30.27,29.29,29.97,47773000
2000-03-21,31.18,31.30,29.29,29.36,81648800
2000-03-22,31.34,32.06,30.69,31.20,93975800
2000-03-23,33.95,34.26,32.36,32.42,148224000
2000-03-24,33.90,34.90,33.25,34.18,112196800
2000-03-27,31.58,32.85,31.55,32.71,111434000
2000-03-28,31.66,32.61,31.07,31.45,81114400
2000-03-29,32.53,33.06,31.91,31.92,64363800
2000-03-30,31.37,32.97,31.11,32.23,64178400
2000-03-31,32.25,32.85,31.60,32.17,64281400
2000-04-03,27.58,29.29,27.32,28.66,260118200
2000-04-04,26.88,27.92,25.78,27.79,181244400
2000-04-05,26.22,26.86,26.06,26.78,82887600
2000-04-06,26.10,26.71,25.88,26.67,66421400
2000-04-07,27.03,27.13,25.80,26.40,82613600
2000-04-10,26.12,26.90,26.10,26.90,60685400
2000-04-11,25.46,26.12,25.34,25.84,71961800
2000-04-12,24.09,24.96,23.90,24.93,153003800
2000-04-13,24.05,24.96,23.98,24.55,94316200
2000-04-14,22.50,24.13,22.23,24.01,151217800
2000-04-17,23.03,23.07,22.16,22.54,119772200
2000-04-18,24.45,24.87,23.03,23.22,91794600
2000-04-19,23.88,24.74,23.71,24.72,53715400
2000-04-20,23.96,24.24,23.52,23.86,52387400
2000-04-24,20.22,20.64,19.73,20.41,313645800
2000-04-25,21.06,21.09,20.52,20.87,159517400
2000-04-26,20.64,21.59,20.45,21.25,107091200
2000-04-27,21.19,21.23,20.45,20.47,77669800
2000-04-28,21.17,21.55,20.71,21.47,78082600
2000-05-01,22.29,22.46,21.76,22.12,107811000
2000-05-02,21.21,22.31,21.09,22.10,97716200
2000-05-03,21.42,21.49,20.88,21.36,55354800
2000-05-04,21.38,21.62,21.04,21.34,43317200
2000-05-05,21.59,21.80,21.21,21.32,36402200
2000-05-08,21.19,21.66,21.15,21.53,36187600
2000-05-09,20.58,21.38,20.49,21.30,60778400
2000-05-10,20.09,20.60,19.96,20.56,67740000
2000-05-11,20.60,20.68,19.96,20.22,58390800
2000-05-12,20.88,21.17,20.71,20.77,37886000
2000-05-15,21.06,21.07,20.64,20.94,33899600
2000-05-16,21.09,21.43,20.96,21.11,48410600
2000-05-17,20.54,20.98,20.41,20.90,53242000
2000-05-18,20.09,20.66,19.99,20.66,53640400
2000-05-19,19.75,20.01,19.58,19.84,66578000
2000-05-22,19.48,19.80,18.95,19.77,69955000
2000-05-23,19.18,19.90,19.14,19.39,57963200
2000-05-24,19.90,20.20,19.12,19.16,85482400
2000-05-25,18.67,19.65,18.55,19.59,94348800
2000-05-26,18.65,19.01,18.32,18.84,55822000
2000-05-30,19.23,19.46,18.82,18.95,68536400
2000-05-31,18.99,19.33,18.84,19.32,54968200
2000-06-01,19.59,20.03,19.37,19.54,94507200
2000-06-02,20.13,20.26,19.73,20.03,80463200
2000-06-05,20.30,20.75,20.03,20.04,64400000
2000-06-06,21.13,21.21,20.58,20.70,99019000
2000-06-07,21.40,21.47,20.37,21.02,76310600
2000-06-08,20.88,21.89,20.71,21.72,94765600
2000-06-09,20.88,21.15,20.73,21.13,35710200
2000-06-12,20.30,20.94,20.14,20.94,49260600
2000-06-13,20.60,20.64,20.07,20.26,44289200
2000-06-14,21.40,21.55,21.09,21.19,79992400
2000-06-15,21.97,22.06,21.43,21.49,65592600
2000-06-16,22.02,22.19,21.70,22.04,68710600
2000-06-19,22.36,22.40,21.85,22.02,46604800
2000-06-20,22.74,22.84,22.38,22.42,62275000
2000-06-21,24.49,24.94,23.35,23.37,160399600
2000-06-22,24.24,24.89,24.07,24.70,87315200
2000-06-23,23.58,24.30,23.37,24.26,49811600
2000-06-26,24.13,24.32,23.52,23.52,48287000
2000-06-27,23.92,24.32,23.79,24.05,31071200
2000-06-28,23.96,24.30,23.86,23.98,37459200
2000-06-29,23.43,23.96,23.39,23.75,38449000
2000-06-30,24.28,24.28,23.27,23.39,52356400
2000-07-03,24.28,24.30,24.09,24.19,15734800
2000-07-05,23.82,24.24,23.75,24.24,34824400
2000-07-06,24.56,24.79,23.82,23.94,47873200
2000-07-07,24.89,25.15,24.45,24.66,54153200
2000-07-10,24.11,24.68,24.09,24.49,52689800
2000-07-11,24.01,24.43,23.82,23.92,37164800
2000-07-12,24.38,24.58,23.43,23.75,58370200
2000-07-13,24.26,24.28,23.48,23.92,80843200
2000-07-14,23.96,24.20,23.81,24.13,51180600
2000-07-17,23.73,24.15,23.52,23.75,53992800
2000-07-18,23.82,24.13,23.50,23.56,70617200
2000-07-19,22.19,23.52,22.10,23.09,139924600
2000-07-20,22.71,22.84,22.19,22.29,54690600
2000-07-21,21.95,22.76,21.81,22.69,56100600
2000-07-24,21.42,21.89,21.25,21.87,56165600
2000-07-25,20.94,21.55,20.75,21.49,64188600
2000-07-26,20.58,21.09,20.41,20.96,85404600
2000-07-27,21.06,21.28,20.49,20.60,74337600
2000-07-28,21.15,21.80,21.13,21.53,75645600
2000-07-31,21.19,21.59,21.02,21.30,70283800
2000-08-01,20.85,21.26,20.70,21.23,47163600
2000-08-02,21.06,21.38,20.79,20.81,48269200
2000-08-03,21.32,21.36,20.68,20.70,54543400
2000-08-04,20.98,21.21,20.70,21.07,38107400
2000-08-07,21.25,21.59,21.17,21.30,52741800
2000-08-08,22.50,22.67,21.25,21.26,138038800
2000-08-09,22.54,22.72,22.19,22.38,63945600
2000-08-10,22.04,22.48,21.78,22.40,48986000
2000-08-11,21.98,22.06,21.74,21.98,35629600
2000-08-14,21.91,22.27,21.66,21.95,53427000
2000-08-15,21.74,22.16,21.70,21.85,40714200
2000-08-16,21.55,21.93,21.42,21.81,44976200
2000-08-17,21.72,21.85,21.42,21.59,36112800
2000-08-18,21.55,21.68,21.25,21.59,54438800
2000-08-21,21.43,21.49,21.26,21.45,34119600
2000-08-22,21.62,21.98,21.31,21.49,54428200
2000-08-23,21.47,21.59,21.36,21.49,36726800
2000-08-24,21.59,21.61,21.23,21.43,42405400
2000-08-25,21.43,21.76,21.42,21.45,52729400
2000-08-28,21.64,21.89,21.28,21.30,56421600
2000-08-29,21.53,22.08,21.51,21.61,59400200
2000-08-30,21.25,21.53,21.15,21.45,53498800
2000-08-31,21.19,21.85,21.15,21.51,72575400
2000-09-01,21.30,21.43,21.15,21.25,37629800
2000-09-05,21.28,21.45,21.19,21.25,50755200
2000-09-06,21.07,21.45,21.04,21.26,62960800
2000-09-07,21.26,21.87,21.07,21.25,111711200
2000-09-08,21.04,21.51,21.00,21.36,56709600
2000-09-11,20.88,21.15,20.66,20.98,48495200
2000-09-12,20.68,21.04,20.52,20.87,46781200
2000-09-13,20.71,20.87,20.39,20.51,40744800
2000-09-14,19.97,20.87,19.94,20.85,78503000
2000-09-15,19.48,19.92,19.22,19.86,99915200
2000-09-18,19.12,19.61,18.87,19.50,69037800
2000-09-19,19.73,19.96,19.23,19.31,79311200
2000-09-20,19.50,19.73,19.18,19.69,67791400
2000-09-21,19.48,19.77,19.29,19.42,48952200
2000-09-22,19.20,19.27,18.51,18.55,84476600
2000-09-25,18.59,19.27,18.34,19.20,53484200
2000-09-26,19.03,19.99,18.34,18.49,155704800
2000-09-27,18.40,19.29,18.15,19.25,106155600
2000-09-28,18.61,18.78,18.40,18.46,52360400
2000-09-29,18.30,18.61,17.79,18.51,74053600
2000-10-02,17.94,18.46,17.68,18.36,58562400
2000-10-03,17.17,18.15,17.15,18.08,85374000
2000-10-04,16.83,17.17,16.54,17.11,136453400
2000-10-05,16.81,17.38,16.77,16.84,81099400
2000-10-06,16.86,17.22,16.62,16.94,61794000
2000-10-09,16.45,16.92,16.09,16.88,58323600
2000-10-10,16.56,16.86,16.33,16.37,62066200
2000-10-11,16.92,17.28,16.39,16.39,101205800
2000-10-12,16.50,17.26,16.33,17.09,90219600
2000-10-13,16.31,16.65,15.82,16.35,104521200
2000-10-16,15.29,16.33,15.04,16.24,119759000
2000-10-17,15.31,15.91,15.25,15.74,81276600
2000-10-18,15.71,16.16,14.70,15.06,110536400
2000-10-19,18.78,18.87,17.60,17.74,256993200
2000-10-20,19.78,20.07,18.55,18.61,160378600
2000-10-23,18.86,20.11,18.42,19.61,185170400
2000-10-24,18.67,19.10,18.27,19.01,94427400
2000-10-25,18.59,19.25,18.34,18.80,167603800
2000-10-26,19.56,19.75,18.46,18.51,114826600
2000-10-27,20.54,21.00,19.61,19.63,124292400
2000-10-30,20.96,21.28,20.45,20.49,110057600
2000-10-31,20.90,21.09,20.64,20.94,104474000
2000-11-01,21.13,21.26,20.77,20.79,81309400
2000-11-02,21.34,21.50,21.13,21.36,77985200
2000-11-03,20.71,21.13,20.66,21.02,68711000
2000-11-06,21.09,21.28,20.71,20.85,74851400
2000-11-07,21.40,21.81,21.09,21.17,104331200
2000-11-08,21.07,21.97,20.64,21.59,206149400
2000-11-09,21.51,21.64,20.77,20.79,91058600
2000-11-10,20.45,21.34,20.28,21.23,93744400
2000-11-13,20.16,20.68,19.55,20.24,83364800
2000-11-14,20.88,21.19,20.43,20.64,84218600
2000-11-15,21.26,21.51,20.85,20.96,60422200
2000-11-16,20.92,21.70,20.92,21.07,92128600
2000-11-17,20.96,21.25,20.58,21.07,106525600
2000-11-20,20.39,20.79,19.90,20.68,80157200
2000-11-21,20.56,21.02,20.45,20.45,59487600
2000-11-22,20.71,21.09,20.03,20.05,76343200
2000-11-24,21.23,21.38,20.79,20.94,34439200
2000-11-27,21.45,21.93,21.43,21.68,85307600
2000-11-28,20.33,21.17,20.28,21.06,127446200
2000-11-29,19.75,20.37,19.20,20.28,98280400
2000-11-30,17.41,18.84,17.30,18.82,197200800
2000-12-01,17.19,18.40,17.02,17.62,109809800
2000-12-04,17.13,17.91,16.75,17.38,80407200
2000-12-05,18.17,18.36,17.68,17.96,101734400
2000-12-06,17.20,18.23,17.02,18.21,90560800
2000-12-07,16.12,16.39,15.86,16.22,145308400
2000-12-08,16.52,16.96,16.22,16.58,120939800
2000-12-11,17.62,17.83,16.69,16.84,95576200
2000-12-12,17.72,18.21,17.22,17.55,63106000
2000-12-13,17.38,18.36,17.24,18.36,98360400
2000-12-14,16.84,17.83,16.81,17.58,71201400
2000-12-15,14.93,15.78,14.49,15.49,116899800
2000-12-18,14.51,15.18,14.26,14.87,107187400
2000-12-19,13.60,14.57,13.51,14.40,120271800
2000-12-20,12.60,13.35,12.56,12.99,149037800
2000-12-21,13.18,13.70,12.23,12.37,163173000
2000-12-22,14.09,14.30,13.58,13.58,109551800
2000-12-26,14.23,14.74,13.92,14.23,66941600
2000-12-27,14.09,14.21,13.66,14.00,69003800
2000-12-28,13.52,14.04,13.32,13.70,77619200
2000-12-29,13.16,13.90,13.05,13.34,99977600
2001-01-02,13.16,13.66,13.01,13.39,82413200
2001-01-03,14.55,14.83,13.09,13.11,135962200
2001-01-04,14.70,15.33,14.23,14.51,112397000
2001-01-05,14.91,15.14,14.44,14.72,93414600
2001-01-08,14.85,15.10,14.17,14.85,79817600
2001-01-09,15.73,15.97,15.10,15.18,114965400
2001-01-10,16.05,16.33,15.40,15.48,90230200
2001-01-11,16.69,16.92,15.88,16.09,101854800
2001-01-12,16.24,16.69,15.93,16.65,73712000
2001-01-16,15.95,16.24,15.52,16.20,68462400
2001-01-17,16.07,16.65,15.95,16.28,72844200
2001-01-18,16.84,17.05,15.97,16.29,109788800
2001-01-19,18.51,18.65,17.87,18.21,209348800
2001-01-22,18.25,18.51,17.91,18.44,76673000
2001-01-23,18.38,18.49,17.89,18.13,70295200
2001-01-24,19.10,19.25,18.44,18.51,110455000
2001-01-25,18.76,19.42,18.68,19.04,85657400
2001-01-26,19.42,19.52,18.51,18.51,93080000
2001-01-29,19.58,19.61,19.27,19.29,84983800
2001-01-30,19.23,19.65,19.08,19.58,57276800
2001-01-31,18.53,19.35,18.51,19.12,81898800
2001-02-01,18.93,19.01,18.32,18.46,71792800
2001-02-02,18.46,19.23,18.44,18.97,71100000
2001-02-05,18.80,18.84,18.29,18.44,51399200
2001-02-06,18.99,19.37,18.72,18.84,96442000
2001-02-07,19.63,19.75,18.76,18.82,126061800
2001-02-08,18.89,19.58,18.82,19.35,88041200
2001-02-09,17.94,18.68,17.75,18.61,100575200
2001-02-12,17.83,18.04,17.36,17.85,71289400
2001-02-13,17.66,18.53,17.64,18.10,76070600
2001-02-14,17.72,17.91,17.11,17.49,61728400
2001-02-15,17.85,18.27,17.57,17.91,65627800
2001-02-16,17.39,17.68,17.03,17.30,66958400
2001-02-20,16.96,17.68,16.81,17.41,60730800
2001-02-21,17.07,17.62,16.75,16.77,63947200
2001-02-22,16.75,17.24,16.35,17.09,100816400
2001-02-23,17.22,17.45,16.48,16.52,92620600
2001-02-26,18.08,18.19,17.41,17.49,87936800
2001-02-27,18.02,18.57,17.81,18.02,99148600
2001-02-28,17.91,18.23,17.66,18.08,84608400
2001-03-01,18.02,18.06,17.07,17.77,81781600
2001-03-02,17.20,17.64,17.13,17.45,79800800
2001-03-05,17.43,17.79,17.17,17.38,49383600
2001-03-06,18.04,18.21,17.72,17.79,66781800
2001-03-07,18.42,18.55,18.00,18.17,59743600
2001-03-08,17.98,18.39,17.74,18.30,54626000
2001-03-09,17.20,17.66,16.65,17.58,103794400
2001-03-12,15.76,16.69,15.67,16.60,114376000
2001-03-13,16.45,16.62,15.78,15.84,91035600
2001-03-14,16.39,16.77,15.84,15.93,90686200
2001-03-15,16.29,17.02,16.24,16.79,71638400
2001-03-16,16.56,16.73,15.93,15.93,112848800
2001-03-19,16.48,16.84,16.12,16.54,61036400
2001-03-20,15.99,17.03,15.97,16.56,91822800
2001-03-21,15.19,16.16,15.10,15.86,124988600
2001-03-22,16.39,16.41,15.33,15.35,126363200
2001-03-23,17.17,17.30,16.50,16.67,99519600
2001-03-26,17.02,17.45,16.86,17.34,63118600
2001-03-27,17.68,17.77,16.96,17.02,95135600
2001-03-28,16.86,17.58,16.81,17.41,78681600
2001-03-29,16.81,17.36,16.56,16.81,86985000
2001-03-30,16.60,17.05,16.35,16.92,91201600
2001-04-02,16.94,17.28,16.58,16.64,75924000
2001-04-03,16.20,16.79,16.01,16.79,94187600
2001-04-04,15.76,16.69,15.50,16.20,104046600
2001-04-05,17.22,17.41,16.24,16.31,113364000
2001-04-06,17.05,17.36,16.71,17.11,92622000
2001-04-09,17.35,17.43,16.89,17.17,56295600
2001-04-10,18.11,18.24,17.54,17.59,109199400
2001-04-11,18.22,18.67,18.12,18.41,109879600
2001-04-12,18.87,18.91,18.01,18.08,87520000
2001-04-16,18.45,18.69,18.25,18.64,65857400
2001-04-17,18.66,18.85,18.22,18.37,85149200
2001-04-18,19.86,20.13,19.12,19.24,156696400
2001-04-19,20.65,20.94,19.96,19.97,159375600
2001-04-20,20.94,21.58,20.79,21.34,192919600
2001-04-23,20.71,20.78,20.30,20.67,92171200
2001-04-24,20.50,21.22,20.38,20.70,89176600
2001-04-25,21.15,21.18,20.41,20.51,76744000
2001-04-26,20.98,21.55,20.71,21.27,118737600
2001-04-27,20.37,21.15,20.09,21.10,121572400
2001-04-30,20.56,20.96,20.54,20.80,74368200
2001-05-01,21.30,21.34,20.52,20.53,83702800
2001-05-02,21.17,21.59,21.05,21.55,92864400
2001-05-03,20.80,21.30,20.68,21.02,66273400
2001-05-04,21.47,21.56,20.63,20.64,119538400
2001-05-07,21.66,21.90,21.46,21.50,109356200
2001-05-08,21.87,21.88,21.47,21.78,75084000
2001-05-09,21.37,21.64,21.20,21.62,76676600
2001-05-10,21.25,21.62,21.23,21.59,64334600
2001-05-11,21.06,21.25,20.84,21.23,51128800
2001-05-14,20.86,21.00,20.73,20.98,44968000
2001-05-15,20.72,21.03,20.64,20.86,61385600
2001-05-16,20.99,21.21,20.43,20.55,91893800
2001-05-17,20.69,21.29,20.50,20.97,106984800
2001-05-18,20.67,21.00,20.41,20.54,90605400
2001-05-21,20.88,21.24,20.56,20.65,103491600
2001-05-22,21.34,21.35,21.00,21.08,83455600
2001-05-23,21.15,21.73,21.10,21.36,93637400
2001-05-24,21.77,21.79,21.02,21.23,80781600
2001-05-25,21.52,21.82,21.35,21.75,52747600
2001-05-29,21.35,21.78,21.26,21.49,71210800
2001-05-30,21.00,21.42,20.84,21.11,86501800
2001-05-31,21.00,21.36,20.76,21.09,70682600
2001-06-01,21.35,21.46,20.85,21.12,57587600
2001-06-04,21.48,21.55,21.18,21.41,43736600
2001-06-05,22.03,22.18,21.40,21.48,89454200
2001-06-06,21.96,22.30,21.72,22.12,80022800
2001-06-07,22.36,22.38,21.88,21.89,66960000
2001-06-08,22.21,22.38,21.87,22.37,51867000
2001-06-11,21.89,22.11,21.70,22.11,47345600
2001-06-12,21.88,21.98,21.49,21.55,66714600
2001-06-13,21.45,21.94,21.44,21.87,55302400
2001-06-14,20.91,21.41,20.76,21.31,71972400
2001-06-15,20.64,20.73,20.15,20.49,108354400
2001-06-18,20.30,20.63,20.03,20.62,56846800
2001-06-19,20.43,20.90,20.29,20.70,63457400
2001-06-20,21.07,21.12,20.37,20.38,64108400
2001-06-21,21.20,21.41,20.92,20.99,69603800
2001-06-22,20.89,21.43,20.81,21.25,51092000
2001-06-25,20.90,21.19,20.57,20.97,49215600
2001-06-26,21.29,21.31,20.55,20.58,63077000
2001-06-27,21.59,21.71,21.05,21.20,69199800
2001-06-28,22.08,23.11,21.41,21.72,128975600
2001-06-29,22.16,22.28,21.67,22.03,94283800
2001-07-02,21.43,22.20,21.29,21.87,72810200
2001-07-03,21.39,21.49,21.22,21.34,28037400
2001-07-05,20.79,21.46,20.77,21.31,49242600
2001-07-06,20.05,20.76,19.93,20.73,67467800
2001-07-09,19.94,20.31,19.74,20.09,66476600
2001-07-10,19.57,20.11,19.53,20.00,66562600
2001-07-11,20.18,20.26,19.48,19.49,73822600
2001-07-12,21.73,21.87,21.35,21.46,128078000
2001-07-13,21.65,21.85,21.53,21.67,58934600
2001-07-16,21.60,21.90,21.29,21.69,55990800
2001-07-17,21.80,21.86,21.29,21.45,63241000
2001-07-18,21.42,21.70,21.21,21.43,57590800
2001-07-19,22.03,22.16,21.62,21.62,76549400
2001-07-20,21.00,21.06,20.62,20.65,124203600
2001-07-23,20.36,21.01,20.14,21.01,79999400
2001-07-24,20.13,20.64,19.94,20.33,67530200
2001-07-25,20.48,20.49,19.91,20.11,74065400
2001-07-26,20.21,20.43,19.88,20.37,77974000
2001-07-27,19.87,20.11,19.74,20.05,65396000
2001-07-30,19.97,20.30,19.89,19.92,42196400
2001-07-31,20.09,20.45,19.99,20.03,59031600
2001-08-01,20.17,20.28,19.96,20.27,55679000
2001-08-02,20.47,20.50,20.11,20.40,54198400
2001-08-03,20.30,20.44,20.03,20.43,43260400
2001-08-06,20.07,20.37,19.93,20.19,27831600
2001-08-07,20.14,20.35,20.03,20.04,31347800
2001-08-08,19.69,20.41,19.57,20.19,54996400
2001-08-09,19.73,19.89,19.52,19.72,45536200
2001-08-10,19.89,19.99,19.09,19.66,51756400
2001-08-13,19.98,20.03,19.65,19.80,32675400
2001-08-14,19.63,20.06,19.56,19.96,36481200
2001-08-15,19.18,19.74,19.18,19.64,39503000
2001-08-16,19.61,19.64,19.03,19.07,43905600
2001-08-17,18.78,19.46,18.67,19.36,52234200
2001-08-20,19.03,19.04,18.54,18.71,48371200
2001-08-21,18.45,19.18,18.43,19.03,47111800
2001-08-22,18.41,18.56,17.93,18.55,78107200
2001-08-23,17.94,18.67,17.91,18.41,51813200
2001-08-24,18.83,18.90,17.98,18.09,63399000
2001-08-27,18.91,19.23,18.69,18.79,44562800
2001-08-28,18.43,19.11,18.39,18.92,47422800
2001-08-29,18.29,18.60,18.07,18.53,48170000
2001-08-30,17.28,18.11,17.15,17.92,97632000
2001-08-31,17.31,17.62,17.09,17.25,57900800
2001-09-04,17.03,17.93,17.02,17.36,67189200
2001-09-05,17.52,17.72,16.81,17.05,89470600
2001-09-06,17.00,17.72,16.97,17.17,112356800
2001-09-07,16.81,17.41,16.79,17.03,89863800
2001-09-10,17.48,17.59,16.60,16.67,84471800
2001-09-17,16.06,16.72,16.02,16.40,127502000
2001-09-18,16.49,16.69,16.14,16.21,83182600
2001-09-19,16.35,16.60,15.36,16.53,126950200
2001-09-20,15.41,15.97,15.38,15.89,117983200
2001-09-21,15.09,15.36,14.42,14.54,184976600
2001-09-24,15.79,15.92,15.14,15.37,85580200
2001-09-25,15.57,16.09,15.22,15.86,84940600
2001-09-26,15.26,15.72,15.04,15.63,58524400
2001-09-27,15.16,15.38,14.57,15.21,81191200
2001-09-28,15.53,15.66,14.87,15.06,116641200
2001-10-01,15.72,15.93,15.30,15.46,69999600
2001-10-02,16.10,16.25,15.65,15.67,80860800
2001-10-03,17.07,17.28,15.90,15.93,97199200
2001-10-04,17.13,17.72,17.06,17.28,101778000
2001-10-05,17.52,17.60,16.67,17.04,80844400
2001-10-08,17.62,17.80,17.22,17.24,60605800
2001-10-09,16.56,17.47,16.45,17.45,99477600
2001-10-10,16.85,16.92,16.09,16.27,86349200
2001-10-11,17.09,17.25,16.57,16.92,83742600
2001-10-12,17.11,17.19,16.56,16.91,63307000
2001-10-15,17.62,17.75,16.95,16.97,68437000
2001-10-16,17.74,17.88,17.36,17.56,66169000
2001-10-17,17.01,18.00,16.99,17.94,73710600
2001-10-18,17.22,17.48,16.84,17.10,78348000
2001-10-19,17.57,17.61,16.88,17.42,91219600
2001-10-22,18.26,18.26,17.44,17.57,72323600
2001-10-23,18.34,18.65,18.03,18.35,80325000
2001-10-24,18.61,18.70,18.09,18.36,79141400
2001-10-25,18.99,19.00,18.08,18.40,75318200
2001-10-26,18.88,19.31,18.84,18.91,64509400
2001-10-29,18.10,18.88,18.07,18.85,55129400
2001-10-30,17.87,18.07,17.66,17.88,57395600
2001-10-31,17.65,18.43,17.63,18.00,64700000
2001-11-01,18.77,18.89,18.09,18.23,109671200
2001-11-02,18.64,19.13,18.36,18.80,83360000
2001-11-05,19.20,19.43,18.74,18.77,66401600
2001-11-06,19.66,19.71,18.87,19.03,68612000
2001-11-07,19.50,19.74,19.43,19.49,58899000
2001-11-08,19.55,20.05,19.32,19.56,74227800
2001-11-09,19.79,19.92,19.40,19.53,48013600
2001-11-12,19.97,20.16,19.32,19.64,57752800
2001-11-13,20.61,20.62,20.21,20.27,60159600
2001-11-14,20.02,20.74,19.97,20.71,88625600
2001-11-15,20.07,20.35,19.86,20.06,77922000
2001-11-16,19.96,20.22,19.71,20.14,59249000
2001-11-19,20.20,20.33,19.94,20.11,56005000
2001-11-20,19.85,20.58,19.74,20.17,65921800
2001-11-21,19.44,19.61,19.27,19.53,50785200
2001-11-23,19.64,19.67,19.31,19.54,15754600
2001-11-26,19.77,19.94,19.55,19.72,41983600
2001-11-27,19.35,19.75,19.04,19.66,90819000
2001-11-28,19.06,19.46,19.04,19.17,54536600
2001-11-29,19.68,19.70,19.11,19.16,54034400
2001-11-30,19.49,19.75,19.40,19.62,48234200
2001-12-03,19.66,19.80,19.36,19.37,47211800
2001-12-04,20.03,20.06,19.45,19.73,51005800
2001-12-05,20.67,20.69,19.79,20.18,74243000
2001-12-06,20.84,20.94,20.50,20.63,56026200
2001-12-07,20.59,20.89,20.20,20.71,42334800
2001-12-10,20.35,20.77,20.29,20.49,38367400
2001-12-11,20.43,20.68,20.36,20.53,54334000
2001-12-12,20.62,20.63,20.11,20.38,47884200
2001-12-13,20.11,20.71,20.05,20.37,53227800
2001-12-14,20.47,20.62,20.01,20.04,43000600
2001-12-17,20.94,20.98,20.38,20.39,57079800
2001-12-18,21.02,21.06,20.82,20.92,47255200
2001-12-19,21.09,21.21,20.77,20.83,56996200
2001-12-20,20.26,21.02,20.22,20.99,78585000
2001-12-21,20.50,20.64,20.33,20.64,84307600
2001-12-24,20.42,20.65,20.40,20.55,11701600
2001-12-26,20.54,20.96,20.45,20.46,29328000
2001-12-27,20.59,20.85,20.41,20.63,32406600
2001-12-28,20.60,20.90,20.55,20.71,28787200
2001-12-31,20.11,20.78,20.11,20.59,43006200
2002-01-02,20.35,20.37,19.88,20.23,48124000
2002-01-03,21.01,21.02,20.36,20.37,67590800
2002-01-04,20.91,21.22,20.84,21.02,52731400
2002-01-07,20.81,21.25,20.74,21.17,58508800
2002-01-08,21.06,21.20,20.64,20.85,47736400
2002-01-09,20.85,21.43,20.81,21.16,76304000
2002-01-10,21.03,21.18,20.68,20.78,50296600
2002-01-11,20.82,21.34,20.67,21.10,72993200
2002-01-14,20.78,20.95,20.56,20.73,50997800
2002-01-15,21.11,21.13,20.79,20.84,60717400
2002-01-16,20.60,21.20,20.59,20.90,61955400
2002-01-17,21.20,21.25,20.76,20.80,78958000
2002-01-18,20.06,20.59,19.86,20.37,107140400
2002-01-22,19.56,20.22,19.50,20.22,76837200
2002-01-23,19.35,19.64,19.19,19.44,80403000
2002-01-24,19.61,19.78,19.36,19.45,83886000
2002-01-25,19.36,19.68,19.28,19.48,48981200
2002-01-28,19.37,19.55,19.09,19.49,41622000
2002-01-29,18.91,19.58,18.81,19.39,58666000
2002-01-30,19.08,19.09,18.61,18.95,66100000
2002-01-31,19.34,19.37,18.85,19.14,69566200
2002-02-01,19.02,19.58,18.96,19.47,63462200
2002-02-04,18.55,19.03,18.44,18.94,70308400
2002-02-05,18.56,18.89,18.36,18.45,66772600
2002-02-06,18.33,18.78,18.29,18.70,66103000
2002-02-07,18.15,18.70,18.13,18.30,63314000
2002-02-08,18.41,18.41,17.86,18.25,61283000
2002-02-11,18.55,18.59,18.09,18.21,50899600
2002-02-12,18.25,18.47,18.22,18.36,44973800
2002-02-13,18.76,18.78,18.19,18.29,54168600
2002-02-14,18.72,19.12,18.61,18.82,57267000
2002-02-15,18.28,18.84,18.27,18.73,50179800
2002-02-19,17.89,18.25,17.79,18.18,52262600
2002-02-20,18.18,18.32,17.85,18.03,50492000
2002-02-21,17.62,18.29,17.61,18.13,59398400
2002-02-22,17.60,17.83,17.35,17.62,71347800
2002-02-25,17.93,18.18,17.57,17.58,51832200
2002-02-26,17.77,18.21,17.57,17.94,63276200
2002-02-27,17.72,18.26,17.60,17.93,65750000
2002-02-28,17.71,18.12,17.65,17.84,68068000
2002-03-01,18.63,18.64,17.86,17.92,62115600
2002-03-04,19.21,19.27,18.47,18.59,74464200
2002-03-05,19.14,19.39,18.92,19.12,55926400
2002-03-06,19.31,19.33,18.87,19.09,49835400
2002-03-07,19.04,19.39,18.77,19.32,58079200
2002-03-08,19.41,19.64,19.17,19.31,57701800
2002-03-11,19.53,19.73,19.12,19.28,43718200
2002-03-12,18.98,19.06,18.72,18.97,66407200
2002-03-13,18.85,19.13,18.80,18.84,44387400
2002-03-14,18.58,18.89,18.53,18.86,51819600
2002-03-15,18.97,18.97,18.50,18.51,69086800
2002-03-18,18.86,19.12,18.57,19.04,52296800
2002-03-19,18.89,19.12,18.67,18.87,36376400
2002-03-20,18.24,18.82,18.24,18.64,55235200
2002-03-21,18.62,18.69,18.16,18.27,46123400
2002-03-22,18.35,18.56,18.28,18.53,41341400
2002-03-25,17.98,18.45,17.95,18.36,47752400
2002-03-26,17.93,18.49,17.70,17.94,69357200
2002-03-27,18.04,18.17,17.78,17.85,47318400
2002-03-28,18.30,18.41,18.11,18.19,43901200
2002-04-01,18.33,18.33,17.97,18.16,47010000
2002-04-02,17.38,17.93,17.33,17.88,76509400
2002-04-03,17.10,17.48,16.84,17.43,76931400
2002-04-04,17.13,17.29,16.82,16.99,61763800
2002-04-05,16.96,17.39,16.95,17.27,50166000
2002-04-08,17.37,17.39,16.47,16.48,73389600
2002-04-09,16.65,17.43,16.63,17.40,63413000
2002-04-10,17.09,17.33,16.71,16.73,75636400
2002-04-11,16.63,17.13,16.54,16.96,58165800
2002-04-12,16.97,17.08,16.65,16.74,52297600
2002-04-15,16.90,17.22,16.81,17.00,47388800
2002-04-16,17.55,17.63,17.11,17.12,51921600
2002-04-17,17.19,17.69,17.12,17.59,55158600
2002-04-18,17.11,17.39,15.99,17.24,74794800
2002-04-19,17.36,17.60,17.26,17.43,104268600
2002-04-22,16.87,17.21,16.69,17.15,51465200
2002-04-23,16.39,16.94,16.18,16.91,68281400
2002-04-24,16.09,16.52,16.09,16.34,61220400
2002-04-25,16.31,16.53,16.05,16.06,57290400
2002-04-26,15.63,16.53,15.62,16.41,62776600
2002-04-29,15.85,16.06,15.61,15.62,70246000
2002-04-30,15.86,16.18,15.76,15.81,77384000
2002-05-01,16.01,16.14,15.38,15.83,76413000
2002-05-02,15.54,16.41,15.52,15.98,79009200
2002-05-03,15.04,15.69,15.03,15.56,71628000
2002-05-06,14.76,15.34,14.68,15.01,66299400
2002-05-07,15.01,15.26,14.67,14.93,88385400
2002-05-08,16.68,16.68,15.55,15.56,101242000
2002-05-09,15.82,16.69,15.75,16.51,83288200
2002-05-10,15.19,15.99,15.17,15.94,64408800
2002-05-13,15.99,16.06,15.10,15.31,64819000
2002-05-14,16.66,16.72,16.38,16.51,64832400
2002-05-15,16.62,17.13,16.35,16.54,70412000
2002-05-16,16.92,17.01,16.59,16.60,53406400
2002-05-17,17.01,17.12,16.77,17.06,54646200
2002-05-20,16.39,16.86,16.24,16.84,52115800
2002-05-21,15.84,16.57,15.82,16.37,63120000
2002-05-22,16.30,16.30,15.74,15.74,54169400
2002-05-23,16.64,16.64,16.09,16.30,51412800
2002-05-24,16.16,16.55,16.10,16.43,35982000
2002-05-28,15.88,16.30,15.71,16.26,49602000
2002-05-29,15.80,16.00,15.65,15.68,45393200
2002-05-30,15.98,16.19,15.61,15.67,63213000
2002-05-31,15.45,16.21,15.44,16.06,66468000
2002-06-03,15.00,15.67,14.92,15.48,88439000
2002-06-04,15.17,15.55,14.94,15.02,88008400
2002-06-05,15.68,15.71,15.28,15.31,66969400
2002-06-06,15.75,15.82,15.18,15.63,78703400
2002-06-07,15.78,15.96,15.13,15.14,97834400
2002-06-10,16.03,16.18,15.62,15.68,71825400
2002-06-11,15.96,16.44,15.91,16.16,74368200
2002-06-12,16.86,16.93,15.93,15.96,136198600
2002-06-13,16.46,16.84,16.45,16.64,79771600
2002-06-14,16.77,16.86,16.09,16.13,109433600
2002-06-17,16.90,17.13,16.80,16.89,94486600
2002-06-18,16.99,17.08,16.80,16.85,77518400
2002-06-19,16.50,16.98,16.49,16.84,81247000
2002-06-20,16.42,16.72,16.36,16.50,86401200
2002-06-21,15.87,16.56,15.87,16.21,116820000
2002-06-24,16.44,16.58,15.74,15.81,104523200
2002-06-25,16.07,16.69,16.02,16.60,84025200
2002-06-26,16.43,16.51,15.49,15.49,112131400
2002-06-27,16.67,16.67,16.04,16.57,95812400
2002-06-28,16.60,16.93,16.39,16.56,89555600
2002-07-01,15.98,16.51,15.96,16.43,66473800
2002-07-02,15.61,16.06,15.58,15.90,82814200
2002-07-03,15.73,15.94,15.31,15.55,80936600
2002-07-05,16.65,16.66,16.10,16.11,35673600
2002-07-08,16.06,16.67,15.96,16.51,63199400
2002-07-09,16.15,16.61,16.08,16.18,85277200
2002-07-10,15.85,16.45,15.82,16.30,90673400
2002-07-11,16.06,16.11,15.55,15.79,129550600
2002-07-12,15.74,16.31,15.62,16.20,95733800
2002-07-15,15.72,15.74,14.57,15.60,136965600
2002-07-16,15.55,16.02,15.37,15.57,97154600
2002-07-17,15.78,16.18,15.53,15.94,98034800
2002-07-18,15.51,16.01,15.38,15.80,91053600
2002-07-19,15.04,15.45,14.81,15.14,112543400
2002-07-22,14.42,15.17,13.93,14.86,180069800
2002-07-23,13.05,14.20,13.04,14.11,168061600
2002-07-24,14.03,14.07,12.57,12.67,202307800
2002-07-25,13.00,13.87,12.88,13.79,163411400
2002-07-26,13.76,13.78,13.26,13.28,123538000
2002-07-29,14.64,14.66,14.13,14.22,112148600
2002-07-30,14.60,14.82,14.36,14.43,122690600
2002-07-31,14.56,14.57,14.07,14.45,93875600
2002-08-01,13.89,14.60,13.81,14.44,92002800
2002-08-02,13.48,13.92,13.29,13.81,85947600
2002-08-05,13.35,13.71,13.30,13.44,78941600
2002-08-06,13.86,14.34,13.61,13.63,88715800
2002-08-07,14.29,14.36,13.71,14.26,86349400
2002-08-08,14.84,14.87,14.09,14.30,88748000
2002-08-09,14.60,14.92,14.46,14.61,69049400
2002-08-12,14.71,14.80,14.45,14.45,56866600
2002-08-13,14.28,15.08,14.24,14.57,100122800
2002-08-14,15.09,15.09,14.33,14.34,96706000
2002-08-15,15.11,15.40,14.80,15.16,98745600
2002-08-16,15.18,15.24,14.85,15.00,69334000
2002-08-19,15.78,15.80,15.13,15.19,79848200
2002-08-20,15.49,15.69,15.40,15.59,70317600
2002-08-21,15.87,15.90,15.52,15.65,81203400
2002-08-22,16.16,16.22,15.96,16.04,72517600
2002-08-23,15.85,16.04,15.73,15.98,57929200
2002-08-26,15.81,15.98,15.53,15.93,55652400
2002-08-27,15.43,15.92,15.37,15.88,65470200
2002-08-28,14.99,15.38,14.96,15.32,68875000
2002-08-29,15.35,15.48,14.73,14.84,94275600
2002-08-30,14.90,15.32,14.87,15.22,58138400
2002-09-03,14.27,14.73,14.26,14.73,74452600
2002-09-04,14.63,14.75,14.31,14.40,80232000
2002-09-05,13.93,14.42,13.92,14.42,90438800
2002-09-06,14.51,14.65,14.41,14.49,69918400
2002-09-09,14.78,14.86,14.15,14.34,81653200
2002-09-10,15.11,15.12,14.67,14.73,83950000
2002-09-11,14.74,15.51,14.73,15.24,77443200
2002-09-12,14.31,14.66,14.27,14.61,63726800
2002-09-13,14.54,14.65,14.22,14.23,59549200
2002-09-16,14.50,14.61,14.28,14.45,50166200
2002-09-17,14.35,14.84,14.33,14.77,73343400
2002-09-18,14.49,14.64,14.16,14.18,83951800
2002-09-19,14.33,14.51,14.14,14.17,77777600
2002-09-20,14.40,14.57,14.36,14.48,130619200
2002-09-23,13.73,14.18,13.60,14.14,89783800
2002-09-24,13.85,14.11,13.55,13.61,104142200
2002-09-25,14.12,14.25,13.67,14.08,107116600
2002-09-26,14.02,14.42,13.95,14.30,100852200
2002-09-27,13.73,14.29,13.72,13.97,81011600
2002-09-30,13.28,13.67,13.08,13.62,115577000
2002-10-01,14.03,14.04,13.11,13.45,110636600
2002-10-02,13.84,14.21,13.71,13.99,103488600
2002-10-03,13.60,14.14,13.54,13.75,105221400
2002-10-04,13.28,13.83,13.26,13.78,107120400
2002-10-07,13.37,13.68,13.26,13.30,89790000
2002-10-08,13.65,13.96,13.39,13.58,115667600
2002-10-09,13.35,13.79,13.30,13.42,123142600
2002-10-10,14.08,14.15,13.13,13.35,118515000
2002-10-11,14.83,14.84,14.27,14.37,108828800
2002-10-14,14.96,14.97,14.52,14.64,76216200
2002-10-15,15.87,15.89,15.37,15.56,133374200
2002-10-16,15.30,15.56,15.26,15.29,95437400
2002-10-17,15.41,15.93,15.19,15.87,182602400
2002-10-18,16.13,16.15,15.52,15.96,152817200
2002-10-21,15.94,16.08,15.59,15.77,112378600
2002-10-22,15.68,15.76,15.49,15.61,87159000
2002-10-23,16.15,16.16,15.61,15.61,110866600
2002-10-24,15.55,16.20,15.45,16.19,95833400
2002-10-25,15.99,16.02,15.53,15.55,75425800
2002-10-28,15.77,16.24,15.63,16.21,79906600
2002-10-29,15.80,15.93,15.43,15.83,90517200
2002-10-30,16.12,16.20,15.67,15.84,94451200
2002-10-31,16.23,16.41,16.04,16.14,105973800
2002-11-01,16.09,16.16,15.75,15.91,105097800
2002-11-04,17.03,17.38,16.85,17.22,139964200
2002-11-05,17.20,17.24,16.87,16.93,76658200
2002-11-06,17.31,17.33,16.85,17.30,115407000
2002-11-07,17.00,17.18,16.84,17.06,73699600
2002-11-08,16.72,17.16,16.70,17.00,64522200
2002-11-11,16.35,16.72,16.33,16.71,58341200
2002-11-12,16.54,16.82,16.36,16.42,81398600
2002-11-13,16.80,16.97,16.42,16.46,107370200
2002-11-14,17.30,17.30,16.96,16.99,78337000
2002-11-15,17.21,17.28,16.90,17.18,77533600
2002-11-18,16.95,17.31,16.92,17.28,58086400
2002-11-19,16.65,16.94,16.48,16.86,76403400
2002-11-20,17.18,17.27,16.67,16.70,76435400
2002-11-21,17.55,17.60,17.23,17.29,82922200
2002-11-22,17.67,17.69,17.31,17.44,70002000
2002-11-25,17.67,17.80,17.47,17.62,61583000
2002-11-26,17.27,17.68,17.23,17.49,68650400
2002-11-27,17.63,17.79,17.42,17.48,55191800
2002-11-29,17.51,17.79,17.51,17.73,28393000
2002-12-02,17.51,17.89,17.30,17.80,63735000
2002-12-03,17.21,17.41,17.12,17.38,58457400
2002-12-04,17.16,17.43,16.94,17.04,83892000
2002-12-05,16.80,17.33,16.78,17.28,68435800
2002-12-06,16.84,16.92,16.46,16.65,71670200
2002-12-09,16.25,16.76,16.24,16.69,63862800
2002-12-10,16.39,16.53,16.23,16.26,63730200
2002-12-11,16.59,16.70,16.26,16.34,69186200
2002-12-12,16.44,16.71,16.30,16.69,55242000
2002-12-13,15.93,16.31,15.93,16.29,65245400
2002-12-16,16.53,16.56,15.99,16.09,60140400
2002-12-17,16.50,16.69,16.32,16.52,49549800
2002-12-18,16.25,16.51,16.02,16.34,62709400
2002-12-19,16.12,16.62,16.05,16.16,82686600
2002-12-20,16.10,16.30,16.07,16.23,98294600
2002-12-23,16.39,16.47,16.06,16.10,48798400
2002-12-24,16.33,16.46,16.24,16.25,18386000
2002-12-26,16.20,16.60,16.14,16.40,37228000
2002-12-27,16.08,16.39,16.06,16.17,40891600
2002-12-30,16.01,16.16,15.86,16.09,48019600
2002-12-31,15.69,16.08,15.56,16.01,58208800
2003-01-02,16.30,16.31,15.69,15.87,67025200
2003-01-03,16.33,16.33,16.05,16.26,55546800
2003-01-06,16.62,16.76,16.33,16.40,59456200
2003-01-07,16.94,17.00,16.60,16.67,80517400
2003-01-08,16.46,16.86,16.42,16.80,64566000
2003-01-09,16.94,16.97,16.55,16.61,61808000
2003-01-10,16.97,17.09,16.66,16.72,67730200
2003-01-13,17.11,17.22,16.93,17.15,60817800
2003-01-14,17.29,17.30,17.05,17.10,54206400
2003-01-15,17.08,17.40,17.05,17.30,59622600
2003-01-16,16.80,17.19,16.73,17.09,81371000
2003-01-17,15.62,16.09,15.57,16.07,155876000
2003-01-21,15.58,15.83,15.57,15.74,86159200
2003-01-22,15.48,15.90,15.45,15.66,86948000
2003-01-23,15.87,15.95,15.62,15.77,71374800
2003-01-24,15.13,15.80,15.08,15.79,103027000
2003-01-27,14.92,15.36,14.69,14.97,114838600
2003-01-28,14.82,15.08,14.74,15.08,86151200
2003-01-29,15.15,15.19,14.55,14.79,106884000
2003-01-30,14.64,15.23,14.63,15.22,87877400
2003-01-31,14.40,14.67,14.27,14.40,106858400
2003-02-03,14.74,14.90,14.40,14.55,80129800
2003-02-04,14.36,14.55,14.23,14.51,81854800
2003-02-05,14.25,14.73,14.18,14.52,101072000
2003-02-06,14.39,14.45,14.13,14.22,83312000
2003-02-07,14.14,14.55,14.09,14.53,75208000
2003-02-10,14.38,14.42,14.13,14.20,74081400
2003-02-11,14.09,14.47,13.96,14.36,84292000
2003-02-12,14.09,14.29,14.04,14.13,71315200
2003-02-13,14.26,14.30,14.00,14.09,73558200
2003-02-14,14.66,14.72,14.19,14.34,90446400
2003-02-18,15.15,15.17,14.81,14.94,57415500
2003-02-19,14.94,15.15,14.72,15.11,46902700
2003-02-20,14.70,15.14,14.68,15.08,50897200
2003-02-21,15.00,15.10,14.43,14.79,56853200
2003-02-24,14.66,14.92,14.52,14.88,62403700
2003-02-25,14.73,14.78,14.24,14.33,68113000
2003-02-26,14.38,14.90,14.36,14.66,57096000
2003-02-27,14.36,14.74,14.19,14.55,75434300
2003-02-28,14.43,14.66,14.34,14.46,56585400
2003-03-03,14.33,14.69,14.25,14.63,50653500
2003-03-04,14.05,14.41,14.04,14.36,56605700
2003-03-05,14.27,14.34,14.04,14.05,55415900
2003-03-06,14.17,14.31,14.09,14.11,54607600
2003-03-07,14.35,14.49,13.95,13.98,66167600
2003-03-10,13.98,14.29,13.94,14.19,48413600
2003-03-11,13.88,14.16,13.86,14.04,53990700
2003-03-12,14.24,14.27,13.73,13.89,72379500
2003-03-13,15.02,15.07,14.27,14.44,80701300
2003-03-14,15.14,15.20,14.77,15.03,75451400
2003-03-17,15.79,15.80,14.82,14.93,100983800
2003-03-18,15.86,15.86,15.53,15.77,78108800
2003-03-19,16.03,16.09,15.67,15.82,73652100
2003-03-20,15.99,16.15,15.63,15.85,71798500
2003-03-21,16.18,16.32,15.85,16.29,85586800
2003-03-24,15.40,15.79,15.33,15.56,61105200
2003-03-25,15.52,15.68,15.24,15.59,63595100
2003-03-26,15.38,15.60,15.37,15.50,51673600
2003-03-27,15.25,15.38,14.97,15.19,60043300
2003-03-28,15.02,15.28,14.98,15.02,39584600
2003-03-31,14.74,15.05,14.62,14.77,71384000
2003-04-01,14.83,15.04,14.77,14.90,49803200
2003-04-02,15.66,15.83,15.28,15.28,68282500
2003-04-03,15.67,15.89,15.59,15.83,57394300
2003-04-04,15.28,15.71,15.18,15.69,55740600
2003-04-07,15.33,16.09,15.33,15.97,65627100
2003-04-08,15.58,15.73,15.35,15.41,54132100
2003-04-09,14.96,15.63,14.94,15.60,76875800
2003-04-10,14.97,15.10,14.79,15.05,51608900
2003-04-11,14.74,15.33,14.58,15.16,71565500
2003-04-14,15.08,15.15,14.61,14.78,51599600
2003-04-15,14.98,15.10,14.68,15.03,63399000
2003-04-16,15.18,15.67,14.98,15.59,86178700
2003-04-17,15.53,15.55,15.07,15.08,58356600
2003-04-21,15.35,15.60,15.27,15.60,41557800
2003-04-22,15.69,15.71,15.24,15.26,58844000
2003-04-23,15.66,15.83,15.51,15.68,55559300
2003-04-24,15.52,15.66,15.42,15.52,51703600
2003-04-25,15.36,15.61,15.33,15.42,53657400
2003-04-28,15.67,15.80,15.42,15.46,56287600
2003-04-29,15.71,15.99,15.64,15.80,65877300
2003-04-30,15.57,15.76,15.38,15.67,55566800
2003-05-01,15.66,15.80,15.43,15.55,42085800
2003-05-02,15.89,16.01,15.56,15.62,52695400
2003-05-05,15.75,16.07,15.74,15.99,50391500
2003-05-06,16.06,16.14,15.72,15.75,54299500
2003-05-07,15.83,16.05,15.74,15.90,49120000
2003-05-08,15.67,15.92,15.66,15.68,46401400
2003-05-09,16.05,16.14,15.77,15.77,58913600
2003-05-12,15.95,16.12,15.87,15.92,53900800
2003-05-13,15.83,15.95,15.77,15.86,44501900
2003-05-14,15.60,15.94,15.55,15.88,45021000
2003-05-15,15.70,15.84,15.57,15.74,45450200
2003-05-16,15.57,15.86,15.47,15.76,60620900
2003-05-19,15.08,15.55,15.07,15.47,55336300
2003-05-20,15.00,15.22,14.92,15.14,52677600
2003-05-21,14.63,15.05,14.55,15.00,108960900
2003-05-22,14.71,14.78,14.64,14.74,93157100
2003-05-23,14.75,14.94,14.63,14.74,76968000
2003-05-27,15.10,15.16,14.75,14.77,68486800
2003-05-28,14.86,15.14,14.80,15.09,91467000
2003-05-29,14.86,15.02,14.76,14.90,75451300
2003-05-30,14.99,15.17,14.93,15.06,85096700
2003-06-02,15.00,15.24,14.96,15.21,66310800
2003-06-03,15.15,15.18,14.96,15.07,61058200
2003-06-04,15.14,15.36,15.07,15.22,83484600
2003-06-05,14.67,14.93,14.62,14.90,115877900
2003-06-06,14.41,14.96,14.40,14.88,119629400
2003-06-09,14.46,14.60,14.37,14.44,73610000
2003-06-10,15.03,15.07,14.52,14.58,80655300
2003-06-11,15.15,15.20,14.87,15.02,75768600
2003-06-12,15.22,15.31,15.07,15.21,66177700
2003-06-13,15.01,15.38,14.91,15.35,55157500
2003-06-16,15.46,15.48,15.02,15.10,69658600
2003-06-17,15.81,15.92,15.55,15.61,122213900
2003-06-18,15.88,16.09,15.66,15.82,89957700
2003-06-19,15.88,16.07,15.84,15.89,63626900
2003-06-20,16.03,16.06,15.84,16.04,86048900
2003-06-23,15.70,15.98,15.52,15.92,52584500
2003-06-24,15.65,15.86,15.54,15.62,51820300
2003-06-25,15.38,15.83,15.31,15.61,60483500
2003-06-26,15.68,16.14,15.35,15.46,51758100
2003-06-27,15.61,16.04,15.55,15.80,76040300
2003-06-30,15.61,15.91,15.53,15.80,48073100
2003-07-01,15.92,15.95,15.46,15.58,60926000
2003-07-02,16.37,16.40,16.11,16.14,94069300
2003-07-03,16.14,16.41,16.08,16.25,39440900
2003-07-07,16.70,16.78,16.41,16.45,88960800
2003-07-08,16.87,16.93,16.59,16.60,61896800
2003-07-09,16.73,16.87,16.59,16.78,62300700
2003-07-10,16.39,16.70,16.19,16.59,55350800
2003-07-11,16.63,16.72,16.37,16.41,50377300
2003-07-14,16.69,16.94,16.47,16.83,60464400
2003-07-15,16.61,16.76,16.50,16.73,53567600
2003-07-16,16.76,16.82,16.56,16.78,49838900
2003-07-17,16.25,16.61,16.16,16.53,72805000
2003-07-18,16.37,16.58,16.29,16.51,63388400
2003-07-21,15.86,16.39,15.83,16.36,48480800
2003-07-22,16.06,16.17,15.91,16.00,51791000
2003-07-23,16.11,16.23,15.92,16.09,49828200
2003-07-24,15.83,16.39,15.82,16.31,53556600
2003-07-25,16.37,16.41,15.88,16.00,54173000
2003-07-28,16.20,16.44,16.13,16.41,52658300
2003-07-29,16.12,16.38,15.98,16.37,62391100
2003-07-30,15.97,16.18,15.94,16.11,41240300
2003-07-31,16.08,16.44,16.02,16.20,64504800
2003-08-01,15.94,16.14,15.91,16.03,42649700
2003-08-04,15.94,16.08,15.68,15.92,51825600
2003-08-05,15.63,16.16,15.59,16.02,58825800
2003-08-06,15.62,15.95,15.49,15.55,56294900
2003-08-07,15.66,15.72,15.50,15.66,44258500
2003-08-08,15.58,15.82,15.53,15.76,33241400
2003-08-11,15.60,15.83,15.55,15.60,36433900
2003-08-12,15.67,15.69,15.50,15.66,38208400
2003-08-13,15.59,15.77,15.53,15.70,39636900
2003-08-14,15.61,15.66,15.54,15.63,37338300
2003-08-15,15.55,15.63,15.49,15.60,27607900
2003-08-18,15.65,15.73,15.50,15.56,45817400
2003-08-19,16.21,16.23,15.69,15.74,72952900
2003-08-20,16.11,16.16,15.83,16.02,56739300
2003-08-21,15.98,16.28,15.91,16.23,63802700
2003-08-22,15.97,16.41,15.96,16.31,65846300
2003-08-25,16.14,16.16,15.97,16.02,36132900
2003-08-26,16.18,16.24,15.81,16.02,47546000
2003-08-27,16.09,16.19,16.02,16.14,30633900
2003-08-28,16.14,16.19,15.98,16.14,46211200
2003-08-29,16.15,16.17,16.05,16.11,34503000
2003-09-02,16.60,16.62,16.12,16.26,74168900
2003-09-03,17.23,17.29,16.67,16.70,109437800
2003-09-04,17.31,17.34,17.04,17.11,59840800
2003-09-05,17.28,17.51,17.15,17.19,64024500
2003-09-08,17.56,17.61,17.26,17.29,46105300
2003-09-09,17.28,17.48,17.24,17.45,44315200
2003-09-10,16.78,17.16,16.73,17.07,54763500
2003-09-11,16.95,17.12,16.80,16.84,37813300
2003-09-12,17.26,17.29,16.72,16.73,55777200
2003-09-15,17.27,17.42,17.25,17.28,41432300
2003-09-16,17.60,17.63,17.25,17.30,52060600
2003-09-17,17.36,17.63,17.34,17.51,47221600
2003-09-18,17.96,17.97,17.31,17.35,67268100
2003-09-19,18.24,18.25,17.98,18.12,92433800
2003-09-22,17.70,18.27,17.54,17.90,65678700
2003-09-23,18.03,18.09,17.59,17.73,57827800
2003-09-24,17.33,18.09,17.31,18.03,66336500
2003-09-25,17.20,17.64,17.18,17.34,56224500
2003-09-26,17.17,17.53,17.14,17.22,49864700
2003-09-29,17.56,17.60,17.11,17.30,47380300
2003-09-30,16.93,17.42,16.90,17.41,63333700
2003-10-01,17.37,17.43,16.94,17.07,58375900
2003-10-02,17.36,17.51,17.17,17.32,38143600
2003-10-03,17.71,17.94,17.62,17.76,57303000
2003-10-06,17.78,17.84,17.60,17.75,34047600
2003-10-07,17.74,17.89,17.61,17.67,52356800
2003-10-08,17.55,17.88,17.46,17.88,46989100
2003-10-09,17.62,17.87,17.54,17.79,62653300
2003-10-10,17.60,17.78,17.46,17.60,37604700
2003-10-13,17.53,17.72,17.36,17.65,39320300
2003-10-14,17.46,17.52,17.34,17.45,34851300
2003-10-15,17.80,17.92,17.58,17.88,57242100
2003-10-16,17.90,17.95,17.64,17.70,42232500
2003-10-17,17.72,17.94,17.64,17.93,49960000
2003-10-20,17.97,17.99,17.64,17.73,38794500
2003-10-21,17.97,18.02,17.86,17.97,44166800
2003-10-22,17.69,17.89,17.64,17.78,48798500
2003-10-23,17.70,17.81,17.21,17.59,67357900
2003-10-24,16.30,16.78,16.18,16.70,210558300
2003-10-27,16.48,16.60,16.42,16.48,65619100
2003-10-28,16.66,16.67,16.46,16.59,71752600
2003-10-29,16.37,16.69,16.33,16.63,73551500
2003-10-30,16.00,16.56,15.87,16.54,98729400
2003-10-31,16.01,16.19,15.99,16.15,69623700
2003-11-03,16.34,16.38,16.10,16.14,57772300
2003-11-04,15.96,16.30,15.93,16.28,84026100
2003-11-05,15.98,16.12,15.92,16.01,61514400
2003-11-06,16.06,16.11,15.92,16.08,68189800
2003-11-07,15.98,16.22,15.94,16.15,57822100
2003-11-10,15.92,16.06,15.92,16.00,54579100
2003-11-11,15.80,15.97,15.72,15.93,64990700
2003-11-12,15.91,16.01,15.68,15.83,75877300
2003-11-13,15.73,15.88,15.58,15.84,78949500
2003-11-14,15.62,15.93,15.58,15.74,83146400
2003-11-17,15.40,15.58,15.21,15.55,103900200
2003-11-18,15.40,15.82,15.38,15.51,106868300
2003-11-19,15.52,15.64,15.41,15.49,78853300
2003-11-20,15.37,15.70,15.36,15.41,106845700
2003-11-21,15.38,15.54,15.36,15.51,70712900
2003-11-24,15.76,15.81,15.48,15.51,99463800
2003-11-25,15.55,15.89,15.54,15.84,85663800
2003-11-26,15.58,15.70,15.51,15.68,69758400
2003-11-28,15.74,15.77,15.55,15.62,33402600
2003-12-01,15.82,16.05,15.62,15.86,101914600
2003-12-02,15.71,15.98,15.68,15.89,85121700
2003-12-03,15.72,15.96,15.69,15.81,93121600
2003-12-04,16.04,16.06,15.71,15.75,87202400
2003-12-05,15.91,16.22,15.87,15.90,96610900
2003-12-08,16.07,16.13,15.81,16.00,90504000
2003-12-09,16.15,16.30,16.07,16.19,103547100
2003-12-10,16.28,16.31,16.15,16.20,82853700
2003-12-11,16.30,16.39,16.09,16.28,79309000
2003-12-12,16.32,16.42,16.23,16.34,69154100
2003-12-15,16.37,16.60,16.34,16.56,88860600
2003-12-16,16.57,16.63,16.39,16.43,73978000
2003-12-17,16.56,16.58,16.44,16.56,53712300
2003-12-18,16.78,16.81,16.56,16.60,61177800
2003-12-19,16.75,16.87,16.65,16.83,76856400
2003-12-22,16.64,16.80,16.52,16.63,43894800
2003-12-23,16.63,16.74,16.54,16.64,39609000
2003-12-24,16.56,16.63,16.53,16.62,19924200
2003-12-26,16.66,16.69,16.53,16.56,12076900
2003-12-29,16.82,16.86,16.63,16.66,40426700
2003-12-30,16.85,16.87,16.78,16.79,34406600
2003-12-31,16.76,16.87,16.67,16.79,42198900
2004-01-02,16.81,17.01,16.74,16.89,44487700
2004-01-05,17.23,17.26,16.97,16.98,67333700
2004-01-06,17.29,17.32,17.19,17.26,46950800
2004-01-07,17.28,17.34,17.15,17.25,54298200
2004-01-08,17.24,17.44,17.15,17.39,58810800
2004-01-09,16.94,17.18,16.90,17.16,67079900
2004-01-12,16.88,16.98,16.75,16.94,55845200
2004-01-13,16.80,16.93,16.69,16.87,51555900
2004-01-14,16.96,16.98,16.82,16.85,43907000
2004-01-15,16.86,16.97,16.79,16.87,58504100
2004-01-16,17.03,17.07,16.86,16.97,63983400
2004-01-20,17.21,17.27,17.10,17.13,63068500
2004-01-21,17.33,17.33,17.05,17.23,53570600
2004-01-22,17.15,17.42,17.11,17.37,78425200
2004-01-23,17.44,17.61,17.28,17.32,127259100
2004-01-26,17.64,17.65,17.34,17.45,58299600
2004-01-27,17.30,17.59,17.28,17.54,63196200
2004-01-28,16.97,17.42,16.82,17.33,71336000
2004-01-29,17.09,17.12,16.88,17.03,63748400
2004-01-30,16.93,17.09,16.87,17.05,40528700
2004-02-02,16.78,17.02,16.68,16.91,62891800
2004-02-03,16.71,16.87,16.64,16.78,47993800
2004-02-04,16.54,16.80,16.54,16.67,60648000
2004-02-05,16.51,16.64,16.43,16.57,55527500
2004-02-06,16.58,16.65,16.49,16.55,47209600
2004-02-09,16.47,16.67,16.44,16.65,48108500
2004-02-10,16.55,16.63,16.42,16.45,37790600
2004-02-11,16.63,16.67,16.44,16.52,51515300
2004-02-12,16.50,16.63,16.49,16.59,44537000
2004-02-13,16.28,16.57,16.23,16.52,67541100
2004-02-17,16.53,16.60,16.28,16.36,43477000
2004-02-18,16.39,16.60,16.37,16.47,50334700
2004-02-19,16.20,16.52,16.19,16.49,61840600
2004-02-20,16.27,16.41,16.23,16.33,57821900
2004-02-23,16.30,16.39,16.22,16.37,50256800
2004-02-24,16.46,16.50,16.26,16.30,55426500
2004-02-25,16.35,16.53,16.30,16.47,64275700
2004-02-26,16.23,16.32,16.17,16.28,66602700
2004-02-27,16.25,16.30,16.14,16.21,58266500
2004-03-01,16.35,16.36,16.23,16.31,51912300
2004-03-02,16.16,16.34,16.14,16.30,66331000
2004-03-03,16.15,16.26,16.06,16.14,54998700
2004-03-04,16.15,16.18,16.05,16.12,44023200
2004-03-05,16.14,16.29,16.04,16.06,59849800
2004-03-08,15.82,16.14,15.81,16.11,69367800
2004-03-09,15.75,15.90,15.64,15.80,81111700
2004-03-10,15.54,15.80,15.52,15.71,75155800
2004-03-11,15.36,15.79,15.35,15.42,90536300
2004-03-12,15.54,15.62,15.45,15.54,64137100
2004-03-15,15.41,15.57,15.35,15.49,68835300
2004-03-16,15.42,15.54,15.37,15.47,65453800
2004-03-17,15.39,15.59,15.38,15.46,56241400
2004-03-18,15.24,15.33,15.05,15.28,123231000
2004-03-19,15.08,15.27,15.04,15.17,86281600
2004-03-22,15.00,15.21,14.70,14.99,127605200
2004-03-23,14.79,15.10,14.76,15.10,91696300
2004-03-24,14.95,15.05,14.81,14.93,97584700
2004-03-25,15.43,15.46,15.05,15.06,85677900
2004-03-26,15.33,15.62,15.31,15.38,61584900
2004-03-29,15.50,15.55,15.31,15.46,51881600
2004-03-30,15.43,15.51,15.33,15.44,59010400
2004-03-31,15.27,15.43,15.23,15.43,70533200
2004-04-01,15.36,15.38,15.22,15.28,69051900
2004-04-02,15.83,15.86,15.58,15.60,98043800
2004-04-05,15.89,15.91,15.76,15.81,53800300
2004-04-06,15.80,15.86,15.71,15.78,48992000
2004-04-07,15.67,15.79,15.52,15.76,63268900
2004-04-08,15.60,15.83,15.53,15.81,45294600
2004-04-12,15.68,15.76,15.57,15.60,38786800
2004-04-13,15.58,15.78,15.56,15.73,56971500
2004-04-14,15.62,15.73,15.54,15.55,61079600
2004-04-15,15.44,15.76,15.37,15.63,73756900
2004-04-16,15.41,15.55,15.38,15.51,51768600
2004-04-19,15.63,15.68,15.35,15.36,44592100
2004-04-20,15.51,15.85,15.48,15.71,59902600
2004-04-21,15.58,15.61,15.43,15.53,49252000
2004-04-22,15.89,15.92,15.60,15.62,99207700
2004-04-23,16.86,16.97,16.74,16.78,258269000
2004-04-26,16.68,16.87,16.60,16.81,89391000
2004-04-27,16.67,16.76,16.61,16.63,80716800
2004-04-28,16.26,16.56,16.21,16.54,72842200
2004-04-29,16.22,16.50,16.11,16.23,77787300
2004-04-30,16.00,16.38,15.90,16.28,66172200
2004-05-03,16.14,16.24,16.04,16.04,65916200
2004-05-04,16.12,16.25,15.93,16.14,55496400
2004-05-05,16.11,16.29,16.07,16.12,51841700
2004-05-06,16.00,16.13,15.94,16.02,62693900
2004-05-07,15.79,16.15,15.77,15.94,68290200
2004-05-10,15.88,15.95,15.69,15.70,64621400
2004-05-11,15.88,15.99,15.79,15.98,57917200
2004-05-12,15.88,15.92,15.57,15.84,64145600
2004-05-13,15.98,16.04,15.79,15.81,63861500
2004-05-14,15.84,16.03,15.70,15.92,43775300
2004-05-17,15.64,15.79,15.57,15.60,55149600
2004-05-18,15.82,15.90,15.70,15.74,58158600
2004-05-19,15.69,16.09,15.69,15.94,60052800
2004-05-20,15.76,15.84,15.67,15.77,52089900
2004-05-21,15.85,16.04,15.79,15.90,57809300
2004-05-24,15.77,16.03,15.76,15.95,56250500
2004-05-25,15.98,16.04,15.68,15.74,66615000
2004-05-26,16.01,16.01,15.83,15.92,50306900
2004-05-27,16.04,16.04,15.87,16.02,49071900
2004-05-28,16.06,16.14,15.93,16.01,37393000
2004-06-01,15.99,16.09,15.84,16.00,48369500
2004-06-02,16.00,16.09,15.93,16.00,54020000
2004-06-03,15.85,16.00,15.84,15.95,45933100
2004-06-04,15.89,16.07,15.88,15.94,48815300
2004-06-07,16.19,16.19,15.90,15.93,65218600
2004-06-08,16.29,16.32,16.07,16.09,58447700
2004-06-09,16.21,16.32,16.17,16.17,50385500
2004-06-10,16.39,16.41,16.15,16.15,48109200
2004-06-14,16.47,16.47,16.25,16.26,67377500
2004-06-15,16.79,16.90,16.52,16.53,114183400
2004-06-16,16.73,16.84,16.63,16.74,67431100
2004-06-17,17.01,17.10,16.71,16.72,105427500
2004-06-18,17.36,17.45,16.96,17.01,134218700
2004-06-21,17.36,17.55,17.22,17.28,116881700
2004-06-22,17.32,17.36,17.03,17.24,98932000
2004-06-23,17.33,17.38,17.15,17.27,58558400
2004-06-24,17.39,17.54,17.37,17.44,65503800
2004-06-25,17.50,17.53,17.30,17.44,71136500
2004-06-28,17.32,17.61,17.25,17.51,77024100
2004-06-29,17.45,17.50,17.26,17.26,55371700
2004-06-30,17.49,17.64,17.39,17.50,83544400
2004-07-01,17.53,17.66,17.31,17.58,78441400
2004-07-02,17.50,17.56,17.39,17.53,36690100
2004-07-06,17.16,17.35,17.11,17.34,69158900
2004-07-07,17.21,17.34,16.87,16.94,66255700
2004-07-08,16.93,17.24,16.87,17.07,59125100
2004-07-09,17.06,17.15,16.93,17.01,50249300
2004-07-12,17.08,17.15,16.90,16.94,45757300
2004-07-13,16.90,17.12,16.90,17.09,43274100
2004-07-14,17.23,17.37,16.74,16.78,87656300
2004-07-15,17.07,17.27,17.02,17.18,46759700
2004-07-16,16.83,17.27,16.69,17.26,66406300
2004-07-19,17.12,17.31,16.90,16.91,60354500
2004-07-20,17.34,17.44,17.05,17.15,89010700
2004-07-21,17.67,18.30,17.64,18.30,201518000
2004-07-22,17.76,17.94,17.65,17.80,124640700
2004-07-23,17.16,17.39,17.16,17.38,97372700
2004-07-26,17.55,17.58,17.27,17.37,72387600
2004-07-27,17.42,17.61,17.23,17.58,72968400
2004-07-28,17.50,17.63,17.32,17.35,62718800
2004-07-29,17.44,17.64,17.30,17.62,60148400
2004-07-30,17.45,17.64,17.35,17.42,59552900
2004-08-02,17.46,17.48,17.24,17.31,52267000
2004-08-03,17.19,17.40,17.15,17.38,53990900
2004-08-04,17.18,17.27,17.14,17.15,46217900
2004-08-05,16.86,17.28,16.85,17.24,55591700
2004-08-06,16.62,17.06,16.57,16.77,75628000
2004-08-09,16.64,16.71,16.60,16.69,51877500
2004-08-10,16.97,16.99,16.69,16.72,57632700
2004-08-11,16.79,16.85,16.66,16.77,53097300
2004-08-12,16.46,16.72,16.45,16.67,50279700
2004-08-13,16.55,16.69,16.52,16.54,43333200
2004-08-16,16.59,16.66,16.51,16.55,54347200
2004-08-17,16.56,16.77,16.52,16.67,56879700
2004-08-18,16.82,16.84,16.47,16.49,58844000
2004-08-19,16.61,16.81,16.54,16.75,46293000
2004-08-20,16.66,16.76,16.56,16.61,46494800
2004-08-23,16.73,16.79,16.66,16.75,39572200
2004-08-24,16.73,16.87,16.64,16.83,40835300
2004-08-25,16.92,16.99,16.69,16.71,53512700
2004-08-26,16.85,16.95,16.82,16.87,35465500
2004-08-27,16.87,16.98,16.86,16.89,33248700
2004-08-30,16.77,16.82,16.49,16.77,36679600
2004-08-31,16.77,16.78,16.61,16.76,52106700
2004-09-01,16.82,16.90,16.67,16.72,48507500
2004-09-02,16.96,17.00,16.80,16.83,42161700
2004-09-03,16.65,16.96,16.64,16.87,46174400
2004-09-07,16.80,16.82,16.68,16.76,44893400
2004-09-08,16.74,16.87,16.67,16.77,53278100
2004-09-09,16.75,16.87,16.69,16.77,56904700
2004-09-10,16.88,16.90,16.69,16.79,52664500
2004-09-13,16.74,16.93,16.42,16.91,48239200
2004-09-14,16.85,16.90,16.75,16.81,55920000
2004-09-15,16.70,16.83,16.67,16.80,52605700
2004-09-16,16.74,16.80,16.69,16.72,35951500
2004-09-17,16.90,16.91,16.74,16.82,65283000
2004-09-20,16.90,16.98,16.79,16.85,51513600
2004-09-21,16.74,16.91,16.74,16.86,73874400
2004-09-22,16.66,17.04,16.63,16.75,68409000
2004-09-23,16.80,16.82,16.69,16.70,52155800
2004-09-24,16.76,16.87,16.70,16.82,49859800
2004-09-27,16.70,16.78,16.66,16.69,47813600
2004-09-28,16.75,16.80,16.61,16.71,62055100
2004-09-29,16.94,17.01,16.72,16.74,61529300
2004-09-30,16.98,17.07,16.90,16.95,71218000
2004-10-01,17.35,17.39,17.06,17.09,66302800
2004-10-04,17.27,17.48,17.24,17.47,62016200
2004-10-05,17.43,17.47,17.26,17.29,58017700
2004-10-06,17.52,17.53,17.34,17.44,56999600
2004-10-07,17.30,17.56,17.30,17.53,38401500
2004-10-08,17.19,17.40,17.18,17.26,49556600
2004-10-11,17.23,17.33,17.15,17.32,44691000
2004-10-12,17.22,17.30,17.08,17.09,56412900
2004-10-13,17.22,17.36,17.16,17.31,49500700
2004-10-14,17.07,17.30,17.07,17.22,41548700
2004-10-15,17.19,17.34,17.09,17.18,49828500
2004-10-18,17.45,17.47,17.18,17.24,50350700
2004-10-19,17.31,17.56,17.30,17.52,57026500
2004-10-20,17.63,17.66,17.27,17.33,69078100
2004-10-21,17.54,17.74,17.49,17.69,94988500
2004-10-22,17.04,17.41,16.94,17.38,101912800
2004-10-25,16.97,17.06,16.92,16.99,61529500
2004-10-26,17.14,17.14,16.97,17.02,76966600
2004-10-27,17.29,17.41,16.94,17.11,72392600
2004-10-28,17.20,17.53,17.14,17.26,63059600
2004-10-29,17.18,17.29,17.07,17.27,80010100
2004-11-01,17.25,17.37,17.17,17.30,72930900
2004-11-02,17.34,17.49,17.22,17.36,89417100
2004-11-03,17.49,17.60,17.39,17.60,79666700
2004-11-04,17.81,17.81,17.43,17.43,87867700
2004-11-05,18.00,18.03,17.83,17.94,95337700
2004-11-08,17.98,18.11,17.89,17.92,112802100
2004-11-09,18.28,18.36,18.03,18.08,100401000
2004-11-10,18.26,18.43,18.23,18.38,84097700
2004-11-11,18.41,18.47,18.31,18.36,87358900
2004-11-12,18.41,18.55,18.30,18.52,162269000
2004-11-15,18.75,18.82,18.62,18.71,104468000
2004-11-16,18.56,18.72,18.52,18.71,64522600
2004-11-17,18.60,18.72,18.52,18.65,58830700
2004-11-18,18.53,18.60,18.48,18.57,63249900
2004-11-19,18.39,18.53,18.37,18.50,85808600
2004-11-22,18.24,18.36,17.87,18.31,92410800
2004-11-23,18.16,18.28,18.07,18.15,70459700
2004-11-24,18.24,18.30,18.07,18.22,60069200
2004-11-26,18.21,18.36,18.17,18.18,24398700
2004-11-29,18.32,18.45,18.22,18.24,67079900
2004-11-30,18.35,18.49,18.28,18.31,75960400
2004-12-01,18.65,18.67,18.35,18.45,99889000
2004-12-02,18.54,18.76,18.43,18.67,96088300
2004-12-03,18.64,18.78,18.58,18.59,76498400
2004-12-06,18.71,18.78,18.53,18.55,55297400
2004-12-07,18.53,18.74,18.48,18.66,111656000
2004-12-08,18.73,18.73,18.42,18.49,95655000
2004-12-09,18.64,18.73,18.44,18.57,83006000
2004-12-10,18.54,18.61,18.51,18.54,70949200
2004-12-13,18.65,18.67,18.42,18.55,93812500
2004-12-14,18.64,18.71,18.51,18.52,127843200
2004-12-15,18.56,18.76,18.53,18.63,106303900
2004-12-16,18.59,18.67,18.49,18.58,88997500
2004-12-17,18.45,18.70,18.35,18.48,126184400
2004-12-20,18.45,18.58,18.41,18.49,85552800
2004-12-21,18.53,18.60,18.44,18.48,94646100
2004-12-22,18.46,18.58,18.33,18.37,63651900
2004-12-23,18.49,18.58,18.37,18.39,65801900
2004-12-27,18.38,18.55,18.36,18.49,55958500
2004-12-28,18.45,18.50,18.35,18.38,55075900
2004-12-29,18.41,18.48,18.36,18.38,47594900
2004-12-30,18.32,18.44,18.31,18.41,48355400
2004-12-31,18.29,18.41,18.26,18.31,54959500
2005-01-03,18.30,18.45,18.24,18.35,65002900
2005-01-04,18.37,18.55,18.25,18.39,109442100
2005-01-05,18.33,18.55,18.32,18.37,72463500
2005-01-06,18.31,18.52,18.24,18.38,76890500
2005-01-07,18.26,18.41,18.22,18.36,68723300
2005-01-10,18.35,18.39,18.17,18.21,70376600
2005-01-11,18.30,18.36,18.22,18.27,64712000
2005-01-12,18.33,18.38,18.22,18.32,72940600
2005-01-13,17.98,18.35,17.91,18.26,89861600
2005-01-14,17.88,18.11,17.83,18.07,92180800
2005-01-18,18.02,18.04,17.69,17.82,69146400
2005-01-19,17.78,17.98,17.74,17.94,58114100
2005-01-20,17.70,17.87,17.62,17.69,58380100
2005-01-21,17.56,17.89,17.55,17.76,76501000
2005-01-24,17.57,17.80,17.55,17.63,69010900
2005-01-25,17.81,17.93,17.63,17.63,67580700
2005-01-26,17.80,17.91,17.73,17.85,64974500
2005-01-27,17.87,17.91,17.70,17.76,93204100
2005-01-28,17.92,18.24,17.77,18.17,110466500
2005-01-31,17.99,18.15,17.91,18.04,71442100
2005-02-01,18.06,18.09,17.95,17.97,57981700
2005-02-02,18.11,18.14,17.99,18.09,79329500
2005-02-03,17.92,18.07,17.87,18.05,62545400
2005-02-04,18.02,18.05,17.89,17.91,61246500
2005-02-07,17.91,18.00,17.84,17.98,57763400
2005-02-08,17.96,18.03,17.91,17.93,61343700
2005-02-09,17.85,18.01,17.83,17.97,77874800
2005-02-10,17.84,17.89,17.80,17.87,71796400
2005-02-11,17.78,17.88,17.67,17.82,83835900
2005-02-14,17.80,17.88,17.74,17.75,58694000
2005-02-15,17.80,17.91,17.76,17.85,76551600
2005-02-16,17.71,17.80,17.63,17.76,57506600
2005-02-17,17.61,17.76,17.58,17.65,67024800
2005-02-18,17.50,17.61,17.44,17.61,77091100
2005-02-22,17.32,17.50,17.30,17.34,96419200
2005-02-23,17.30,17.41,17.28,17.33,83689400
2005-02-24,17.42,17.47,17.27,17.29,85236300
2005-02-25,17.34,17.43,17.27,17.39,62467700
2005-02-28,17.28,17.42,17.26,17.32,82728000
2005-03-01,17.36,17.45,17.26,17.30,56394800
2005-03-02,17.34,17.50,17.28,17.30,67739000
2005-03-03,17.28,17.38,17.26,17.37,52183600
2005-03-04,17.28,17.37,17.26,17.31,63058200
2005-03-07,17.49,17.71,17.28,17.28,80407400
2005-03-08,17.44,17.59,17.40,17.44,52871800
2005-03-09,17.38,17.56,17.36,17.43,62991800
2005-03-10,17.46,17.50,17.34,17.46,59132900
2005-03-11,17.23,17.50,17.21,17.47,60617900
2005-03-14,17.24,17.27,17.14,17.22,65550500
2005-03-15,17.10,17.33,17.09,17.23,71469400
2005-03-16,16.91,17.15,16.86,17.04,74841400
2005-03-17,16.85,16.95,16.84,16.92,60573200
2005-03-18,16.69,17.10,16.67,16.84,135904000
2005-03-21,16.62,16.73,16.58,16.72,71446200
2005-03-22,16.47,16.66,16.45,16.61,102113300
2005-03-23,16.60,16.75,16.45,16.47,79293300
2005-03-24,16.67,16.80,16.62,16.64,78820900
2005-03-28,16.62,16.80,16.60,16.75,49802000
2005-03-29,16.42,16.64,16.36,16.58,74231700
2005-03-30,16.59,16.61,16.48,16.51,59585700
2005-03-31,16.60,16.69,16.56,16.65,62382300
2005-04-01,16.56,16.72,16.55,16.64,64619600
2005-04-04,16.64,16.66,16.44,16.55,62196400
2005-04-05,16.80,16.82,16.56,16.63,73549600
2005-04-06,16.94,17.12,16.79,16.80,78020200
2005-04-07,17.23,17.26,16.91,16.93,77451500
2005-04-08,17.12,17.34,17.10,17.21,47956300
2005-04-11,17.15,17.24,17.07,17.19,47791800
2005-04-12,17.39,17.41,17.03,17.11,67517800
2005-04-13,17.19,17.47,17.16,17.32,60929300
2005-04-14,17.06,17.26,17.05,17.17,66754400
2005-04-15,16.80,17.10,16.76,16.88,100251600
2005-04-18,16.93,17.06,16.75,16.79,75766400
2005-04-19,16.91,17.03,16.79,16.97,65956200
2005-04-20,16.70,16.96,16.69,16.93,91923500
2005-04-21,17.36,17.43,16.80,16.81,93562300
2005-04-22,17.15,17.34,17.01,17.20,80087500
2005-04-25,17.16,17.36,17.07,17.21,75457900
2005-04-26,17.00,17.34,16.99,17.13,60464300
2005-04-27,17.16,17.27,16.91,16.93,47732800
2005-04-28,16.79,17.11,16.78,17.04,83623100
2005-04-29,17.37,17.37,17.02,17.08,98641200
2005-05-02,17.32,17.41,17.13,17.32,54376700
2005-05-03,17.41,17.44,17.23,17.26,67867800
2005-05-04,17.31,17.44,17.24,17.40,86864200
2005-05-05,17.32,17.39,17.22,17.30,59362300
2005-05-06,17.32,17.50,17.30,17.39,64322600
2005-05-09,17.24,17.39,17.20,17.32,61872400
2005-05-10,17.10,17.22,17.04,17.19,62235100
2005-05-11,17.10,17.15,16.92,17.09,59463300
2005-05-12,17.17,17.24,17.05,17.06,74540700
2005-05-13,17.37,17.43,17.16,17.19,77204300
2005-05-16,17.56,17.56,17.35,17.38,50577300
2005-05-17,17.54,17.56,17.39,17.43,39983200
2005-05-18,17.70,17.80,17.51,17.56,71182400
2005-05-19,17.85,17.94,17.70,17.74,52120800
2005-05-20,17.73,17.85,17.72,17.83,64444500
2005-05-23,17.81,17.96,17.73,17.73,75421100
2005-05-24,17.74,17.83,17.72,17.77,61287700
2005-05-25,17.71,17.75,17.56,17.69,35749000
2005-05-26,17.84,17.91,17.72,17.74,50579200
2005-05-27,17.96,17.97,17.78,17.79,54978000
2005-05-31,17.77,17.93,17.74,17.90,46131100
2005-06-01,17.78,17.91,17.64,17.72,54621000
2005-06-02,17.76,17.81,17.66,17.71,27212500
2005-06-03,17.52,17.78,17.45,17.70,79659500
2005-06-06,17.48,17.56,17.43,17.48,40756900
2005-06-07,17.57,17.79,17.43,17.45,54511400
2005-06-08,17.50,17.65,17.45,17.60,45369700
2005-06-09,17.57,17.64,17.46,17.50,52767900
2005-06-10,17.52,17.58,17.45,17.56,39459800
2005-06-13,17.43,17.56,17.40,17.47,49104100
2005-06-14,17.47,17.52,17.39,17.43,44243300
2005-06-15,17.40,17.50,17.30,17.50,50764800
2005-06-16,17.25,17.38,17.19,17.37,65918800
2005-06-17,17.25,17.42,17.17,17.41,90821300
2005-06-20,17.30,17.41,17.17,17.21,50538900
2005-06-21,17.32,17.35,17.25,17.28,81084000
2005-06-22,17.27,17.40,17.24,17.30,60492700
2005-06-23,17.43,17.65,17.32,17.34,105159800
2005-06-24,17.25,17.50,17.25,17.37,57970700
2005-06-27,17.25,17.39,17.24,17.27,61636200
2005-06-28,17.27,17.36,17.24,17.28,53058100
2005-06-29,17.28,17.44,17.22,17.37,55859900
2005-06-30,17.11,17.32,17.10,17.26,82018200
2005-07-01,17.02,17.21,16.99,17.12,69718400
2005-07-05,17.21,17.35,16.96,16.99,61883500
2005-07-06,17.01,17.28,17.01,17.20,64214600
2005-07-07,16.98,17.02,16.88,16.93,80082900
2005-07-08,17.28,17.30,16.97,16.97,56104000
2005-07-11,17.42,17.48,17.30,17.32,61525400
2005-07-12,17.64,17.65,17.36,17.39,63384800
2005-07-13,17.68,17.74,17.55,17.59,44749200
2005-07-14,17.89,17.98,17.76,17.76,69506800
2005-07-15,17.76,17.98,17.74,17.94,56472800
2005-07-18,17.60,17.76,17.60,17.71,39668000
2005-07-19,18.02,18.08,17.74,17.76,113290100
2005-07-20,18.04,18.07,17.83,17.91,71424800
2005-07-21,18.21,18.24,17.91,18.12,112932100
2005-07-22,17.69,18.14,17.65,17.90,97558900
2005-07-25,17.70,17.84,17.67,17.70,45174600
2005-07-26,17.59,17.73,17.59,17.72,51476400
2005-07-27,17.72,17.77,17.59,17.64,57977300
2005-07-28,17.74,17.81,17.68,17.74,44738700
2005-07-29,17.64,17.91,17.63,17.76,59524400
2005-08-01,17.85,17.94,17.74,17.78,61346800
2005-08-02,18.47,18.53,17.82,17.84,137510100
2005-08-03,18.77,18.89,18.41,18.43,139422400
2005-08-04,18.82,18.94,18.63,18.71,91461400
2005-08-05,19.12,19.25,18.77,18.80,82212400
2005-08-08,18.69,19.18,18.65,19.15,77207200
2005-08-09,18.84,18.95,18.60,18.75,64761800
2005-08-10,18.56,18.94,18.49,18.88,62818800
2005-08-11,18.78,18.80,18.52,18.58,48646800
2005-08-12,18.63,18.69,18.53,18.65,52006500
2005-08-15,18.74,18.86,18.44,18.64,45976600
2005-08-16,18.47,18.75,18.45,18.67,46894600
2005-08-17,18.62,18.76,18.42,18.53,52413100
2005-08-18,18.53,18.71,18.52,18.58,40861900
2005-08-19,18.46,18.59,18.45,18.55,36043500
2005-08-22,18.59,18.77,18.49,18.51,41691700
2005-08-23,18.56,18.70,18.47,18.54,48296700
2005-08-24,18.52,18.76,18.50,18.54,63645000
2005-08-25,18.67,18.72,18.55,18.58,39306300
2005-08-26,18.63,18.71,18.56,18.69,36774600
2005-08-29,18.76,18.81,18.52,18.52,52307700
2005-08-30,18.78,18.81,18.63,18.69,55163200
2005-08-31,18.92,18.96,18.68,18.77,65210200
2005-09-01,18.79,18.92,18.76,18.92,75974500
2005-09-02,18.67,18.84,18.63,18.80,52047500
2005-09-06,18.65,18.85,18.64,18.69,46089000
2005-09-07,18.55,18.73,18.53,18.61,44656100
2005-09-08,18.38,18.57,18.32,18.52,52552300
2005-09-09,18.36,18.53,18.33,18.39,41515800
2005-09-12,18.38,18.48,18.32,18.39,40550500
2005-09-13,18.29,18.49,18.22,18.34,63422900
2005-09-14,18.18,18.40,18.17,18.32,54969600
2005-09-15,18.15,18.26,18.11,18.22,60357200
2005-09-16,18.01,18.24,17.94,18.20,187384300
2005-09-19,17.96,18.15,17.87,18.02,61832300
2005-09-20,17.85,18.11,17.75,18.01,61043400
2005-09-21,17.61,17.89,17.57,17.82,68281800
2005-09-22,17.51,17.69,17.38,17.61,71314900
2005-09-23,17.46,17.64,17.35,17.49,66396800
2005-09-26,17.46,17.61,17.42,17.55,56203700
2005-09-27,17.51,17.58,17.48,17.53,48797900
2005-09-28,17.73,17.87,17.53,17.54,71019400
2005-09-29,17.92,17.96,17.62,17.69,66807100
2005-09-30,17.78,17.93,17.69,17.90,57644500
2005-10-03,17.62,17.78,17.58,17.76,55341300
2005-10-04,17.26,17.54,17.10,17.52,151666300
2005-10-05,17.04,17.31,17.04,17.30,73684700
2005-10-06,17.09,17.24,16.95,17.04,81724600
2005-10-07,16.99,17.16,16.94,17.11,50768700
2005-10-10,16.90,17.05,16.82,17.04,48880900
2005-10-11,16.86,16.96,16.75,16.93,76567300
2005-10-12,16.79,17.06,16.77,16.92,71294400
2005-10-13,16.99,17.08,16.77,16.79,70192000
2005-10-14,17.04,17.08,16.93,17.07,53846700
2005-10-17,16.95,17.06,16.88,17.05,46924400
2005-10-18,16.97,17.15,16.89,16.92,69328200
2005-10-19,17.33,17.33,16.93,16.97,66574500
2005-10-20,17.13,17.36,17.09,17.31,58830600
2005-10-21,17.12,17.27,16.97,17.21,69431200
2005-10-24,17.34,17.34,17.05,17.20,51868000
2005-10-25,17.29,17.36,17.15,17.24,41310500
2005-10-26,17.35,17.50,17.22,17.25,58178100
2005-10-27,17.17,17.46,17.17,17.42,61566100
2005-10-28,17.64,17.69,17.34,17.34,106559300
2005-10-31,17.76,17.82,17.62,17.69,75122100
2005-11-01,17.93,18.03,17.69,17.69,71370400
2005-11-02,18.28,18.31,17.91,17.91,75067100
2005-11-03,18.27,18.40,18.14,18.38,73421600
2005-11-04,18.42,18.45,18.27,18.33,57464000
2005-11-07,18.66,18.71,18.45,18.46,77104800
2005-11-08,18.69,18.78,18.49,18.61,60091700
2005-11-09,18.63,18.76,18.61,18.64,59562100
2005-11-10,18.72,18.76,18.40,18.61,73314800
2005-11-11,18.85,18.92,18.74,18.76,51945600
2005-11-14,18.91,18.96,18.79,18.90,67152200
2005-11-15,19.05,19.08,18.88,18.94,65081000
2005-11-16,19.22,19.32,19.01,19.04,86277000
2005-11-17,19.38,19.40,19.23,19.30,91351000
2005-11-18,19.45,19.57,19.33,19.48,75431200
2005-11-21,19.51,19.57,19.29,19.45,65794400
2005-11-22,19.34,19.46,19.30,19.44,104253300
2005-11-23,19.35,19.46,19.22,19.35,70541300
2005-11-25,19.23,19.36,19.03,19.26,44082500
2005-11-28,19.23,19.30,19.08,19.26,57517200
2005-11-29,19.18,19.26,19.12,19.26,62220400
2005-11-30,19.18,19.24,19.14,19.18,55904700
2005-12-01,19.32,19.47,19.21,19.21,61006100
2005-12-02,19.41,19.47,19.26,19.28,42319600
2005-12-05,19.30,19.41,19.20,19.35,47517300
2005-12-06,19.19,19.35,19.18,19.33,65980000
2005-12-07,19.23,19.23,19.09,19.17,55583200
2005-12-08,19.19,19.27,19.12,19.20,63931600
2005-12-09,19.20,19.28,19.15,19.20,48467000
2005-12-12,19.02,19.23,18.94,19.19,63757200
2005-12-13,18.80,19.01,18.71,18.91,104285500
2005-12-14,18.77,18.87,18.60,18.71,65076200
2005-12-15,18.65,18.78,18.58,18.76,79018100
2005-12-16,18.64,18.76,18.58,18.62,88542500
2005-12-19,18.59,18.62,18.47,18.58,68680100
2005-12-20,18.61,18.62,18.48,18.54,62960600
2005-12-21,18.52,18.65,18.51,18.62,75800900
2005-12-22,18.42,18.56,18.31,18.51,91276900
2005-12-23,18.46,18.48,18.32,18.38,30689200
2005-12-27,18.33,18.60,18.33,18.49,37819000
2005-12-28,18.29,18.47,18.26,18.37,35444400
2005-12-29,18.20,18.36,18.20,18.30,34495500
2005-12-30,18.12,18.23,18.08,18.12,49044600
2006-01-03,18.60,18.71,18.08,18.19,79973000
2006-01-04,18.69,18.76,18.55,18.55,57975600
2006-01-05,18.70,18.80,18.65,18.68,48245500
2006-01-06,18.65,18.71,18.35,18.63,100963000
2006-01-09,18.61,18.76,18.54,18.66,55625000
2006-01-10,18.71,18.72,18.42,18.47,64921900
2006-01-11,18.91,18.98,18.64,18.71,70120700
2006-01-12,18.80,18.89,18.69,18.88,45994800
2006-01-13,18.84,18.88,18.71,18.73,41418000
2006-01-17,18.70,18.84,18.64,18.64,58566600
2006-01-18,18.59,18.69,18.50,18.53,52376200
2006-01-19,18.72,18.87,18.60,18.62,60367600
2006-01-20,18.30,18.71,18.20,18.71,79165900
2006-01-23,18.26,18.38,18.22,18.30,47925600
2006-01-24,18.21,18.33,18.17,18.25,63040700
2006-01-25,18.29,18.41,18.17,18.30,59072100
2006-01-26,18.36,18.51,18.23,18.40,69509300
2006-01-27,19.26,19.37,18.84,18.87,134520700
2006-01-30,19.40,19.53,19.25,19.28,103999200
2006-01-31,19.50,19.66,19.31,19.34,94841300
2006-02-01,19.43,19.45,19.23,19.37,68448800
2006-02-02,19.18,19.39,19.09,19.38,55073400
2006-02-03,19.08,19.19,18.94,19.04,75022700
2006-02-06,18.83,19.08,18.77,19.06,60170500
2006-02-07,18.67,18.81,18.58,18.67,72159500
2006-02-08,18.65,18.76,18.51,18.71,51795200
2006-02-09,18.47,18.73,18.47,18.68,52861700
2006-02-10,18.49,18.63,18.37,18.44,52127000
2006-02-13,18.29,18.50,18.25,18.45,46707000
2006-02-14,18.47,18.49,18.26,18.30,58432900
2006-02-15,18.69,18.72,18.42,18.49,62808900
2006-02-16,18.64,18.70,18.47,18.67,48868500
2006-02-17,18.56,18.64,18.47,18.54,41513200
2006-02-21,18.45,18.58,18.31,18.58,50216100
2006-02-22,18.58,18.67,18.40,18.44,43043100
2006-02-23,18.53,18.69,18.45,18.58,47359100
2006-02-24,18.51,18.59,18.44,18.49,44753800
2006-02-27,18.81,18.95,18.54,18.60,51301500
2006-02-28,18.68,18.98,18.68,18.74,65036100
2006-03-01,18.87,18.91,18.74,18.76,53061200
2006-03-02,18.75,18.84,18.70,18.79,41850300
2006-03-03,18.72,18.88,18.59,18.64,45218800
2006-03-06,18.71,18.88,18.65,18.72,53054100
2006-03-07,18.81,18.84,18.64,18.70,51613900
2006-03-08,18.95,19.12,18.75,18.76,57547400
2006-03-09,18.77,19.06,18.77,18.96,45360700
2006-03-10,18.89,18.92,18.69,18.81,41297200
2006-03-13,18.85,18.97,18.73,18.90,40342600
2006-03-14,18.93,19.04,18.76,18.80,39821800
2006-03-15,19.02,19.08,18.78,18.91,57152000
2006-03-16,18.96,19.11,18.92,19.01,73793700
2006-03-17,19.12,19.23,18.96,19.01,120615000
2006-03-20,19.39,19.46,19.24,19.26,67094100
2006-03-21,19.29,19.62,19.24,19.29,73199600
2006-03-22,18.88,19.12,18.63,18.83,145696100
2006-03-23,18.67,18.84,18.53,18.83,73682900
2006-03-24,18.78,18.92,18.51,18.57,69157600
2006-03-27,18.78,18.98,18.77,18.78,59908600
2006-03-28,18.70,18.92,18.64,18.78,58520500
2006-03-29,18.79,18.91,18.72,18.74,53150300
2006-03-30,18.93,19.04,18.77,18.79,54612000
2006-03-31,18.92,19.15,18.92,18.98,62190500
2006-04-03,19.16,19.28,19.08,19.24,57605300
2006-04-04,19.22,19.33,19.10,19.19,45470000
2006-04-05,19.29,19.42,19.22,19.38,41539300
2006-04-06,19.16,19.27,19.03,19.23,51885500
2006-04-07,18.95,19.27,18.93,19.20,47249400
2006-04-10,18.97,19.08,18.91,18.93,39432000
2006-04-11,18.86,18.99,18.77,18.97,42953400
2006-04-12,18.91,18.91,18.75,18.84,32183000
2006-04-13,18.82,18.91,18.77,18.83,28160000
2006-04-17,18.66,18.81,18.58,18.79,35796200
2006-04-18,18.92,19.12,18.65,18.73,56272700
2006-04-19,18.79,18.90,18.74,18.85,45111100
2006-04-20,18.79,18.90,18.56,18.81,45648300
2006-04-21,18.88,19.04,18.77,18.81,58528000
2006-04-24,18.85,18.95,18.76,18.82,42318400
2006-04-25,18.85,18.92,18.79,18.83,49222500
2006-04-26,18.84,18.93,18.77,18.83,39190000
2006-04-27,18.95,19.21,18.73,18.75,96509600
2006-04-28,16.79,17.03,16.69,16.85,591052200
2006-05-01,16.89,17.38,16.75,16.91,174800900
2006-05-02,16.69,17.38,16.62,17.03,190533500
2006-05-03,16.11,16.70,16.09,16.68,211527100
2006-05-04,16.30,16.46,16.09,16.23,171257400
2006-05-05,16.55,16.65,16.35,16.45,131604300
2006-05-08,16.50,17.38,16.34,16.58,80693500
2006-05-09,16.42,16.69,16.33,16.51,75345900
2006-05-10,16.53,16.54,16.40,16.46,76563300
2006-05-11,16.14,16.54,16.09,16.48,92916700
2006-05-12,16.11,16.25,16.03,16.09,83115900
2006-05-15,16.16,16.21,16.07,16.12,67314800
2006-05-16,16.06,16.75,15.99,16.16,82095100
2006-05-17,15.86,16.11,15.86,15.98,98598300
2006-05-18,15.93,16.15,15.89,15.94,95476400
2006-05-19,15.75,15.98,15.72,15.91,100071200
2006-05-22,15.97,16.07,15.67,15.69,87322300
2006-05-23,15.91,16.32,15.89,16.13,79986300
2006-05-24,16.40,16.43,16.04,16.05,107356700
2006-05-25,16.57,16.69,16.43,16.45,83052700
2006-05-26,16.56,16.67,16.44,16.59,46861600
2006-05-30,16.16,16.58,16.15,16.44,52497500
2006-05-31,15.81,16.30,15.81,16.23,120202000
2006-06-01,15.93,15.94,15.79,15.87,80230800
2006-06-02,15.89,16.05,15.82,15.96,73935600
2006-06-05,15.70,15.86,15.70,15.86,63914100
2006-06-06,15.45,15.75,15.34,15.74,126601300
2006-06-07,15.38,15.63,15.36,15.46,73827500
2006-06-08,15.43,15.50,15.33,15.38,104126900
2006-06-09,15.30,15.49,15.28,15.46,52573800
2006-06-12,15.15,15.42,15.15,15.33,74309700
2006-06-13,15.01,15.38,14.98,15.17,113175300
2006-06-14,15.27,15.31,15.04,15.07,86081500
2006-06-15,15.40,15.45,15.22,15.36,121577300
2006-06-16,15.42,15.55,15.21,15.33,147506500
2006-06-19,15.74,15.77,15.44,15.45,129640900
2006-06-20,15.75,15.89,15.70,15.73,90598500
2006-06-21,16.11,16.16,15.72,15.78,91660300
2006-06-22,15.97,16.17,15.90,16.09,76590600
2006-06-23,15.70,15.96,15.70,15.95,60532600
2006-06-26,15.93,15.98,15.79,15.81,53644100
2006-06-27,15.96,16.16,15.94,15.98,84759100
2006-06-28,16.16,16.23,15.99,16.02,71906500
2006-06-29,16.38,16.49,16.21,16.28,121395500
2006-06-30,16.26,16.51,16.26,16.43,73048800
2006-07-03,16.54,16.56,16.37,16.42,25711400
2006-07-05,16.30,16.42,16.26,16.39,53093500
2006-07-06,16.39,16.48,16.35,16.37,44775200
2006-07-07,16.26,16.44,16.26,16.32,63168800
2006-07-10,16.40,16.51,16.32,16.35,50565100
2006-07-11,16.12,16.31,15.87,16.31,88676300
2006-07-12,15.80,15.97,15.79,15.91,77379300
2006-07-13,15.54,15.78,15.53,15.61,73099500
2006-07-14,15.56,15.74,15.52,15.55,67499400
2006-07-17,15.69,15.78,15.54,15.56,37053500
2006-07-18,15.87,15.89,15.69,15.77,65047300
2006-07-19,16.33,16.37,15.86,15.93,82188200
2006-07-20,15.95,16.37,15.90,16.36,76605200
2006-07-21,16.66,16.86,16.05,16.81,175483800
2006-07-24,16.75,16.83,16.60,16.76,59586700
2006-07-25,16.90,16.95,16.68,16.75,60075800
2006-07-26,17.01,17.12,16.82,16.83,54942100
2006-07-27,16.66,17.17,16.59,17.16,85386800
2006-07-28,16.93,16.95,16.79,16.81,51705800
2006-07-31,16.79,17.04,16.76,16.80,40254400
2006-08-01,16.74,16.89,16.65,16.76,49168700
2006-08-02,16.96,17.03,16.77,16.83,46462000
2006-08-03,16.90,17.09,16.86,16.88,43155300
2006-08-04,16.95,17.09,16.86,17.03,45690400
2006-08-07,16.90,17.09,16.88,16.95,36862400
2006-08-08,16.99,17.11,16.89,17.02,58171300
2006-08-09,17.06,17.20,16.99,17.09,44405700
2006-08-10,17.07,17.17,16.99,17.01,31753400
2006-08-11,17.05,17.06,16.89,17.05,30255500
2006-08-14,17.12,17.17,16.99,17.11,47831900
2006-08-15,17.25,17.27,17.12,17.20,48994500
2006-08-16,17.30,17.32,17.14,17.24,52373600
2006-08-17,17.30,17.34,17.24,17.30,45674800
2006-08-18,18.07,18.07,17.50,17.55,128414800
2006-08-21,18.30,18.30,17.91,17.98,88398300
2006-08-22,17.95,18.39,17.95,18.22,89312400
2006-08-23,17.98,18.18,17.88,17.97,44648500
2006-08-24,18.03,18.12,17.86,18.09,35933300
2006-08-25,18.11,18.21,18.00,18.01,33115900
2006-08-28,18.18,18.21,18.00,18.10,34190900
2006-08-29,18.10,18.20,17.95,18.16,42711200
2006-08-30,18.07,18.14,17.96,18.11,30283100
2006-08-31,18.00,18.20,17.99,18.12,26380500
2006-09-01,18.10,18.19,17.96,18.14,31594600
2006-09-05,17.94,18.19,17.91,18.00,44222400
2006-09-06,17.94,18.02,17.87,17.87,50160400
2006-09-07,17.81,18.00,17.79,17.85,51266900
2006-09-08,17.93,18.07,17.84,17.88,36866800
2006-09-11,18.15,18.18,17.81,17.81,55608200
2006-09-12,18.16,18.20,18.02,18.14,52248800
2006-09-13,18.20,18.28,18.09,18.09,37706700
2006-09-14,18.44,18.56,18.20,18.21,74324500
2006-09-15,18.81,18.87,18.56,18.62,126057700
2006-09-18,18.77,18.94,18.68,18.73,49135000
2006-09-19,18.82,18.87,18.72,18.73,43039100
2006-09-20,19.04,19.08,18.91,18.92,71676400
2006-09-21,18.84,19.09,18.81,19.08,58495100
2006-09-22,18.68,18.81,18.55,18.79,47712500
2006-09-25,18.88,19.05,18.77,18.78,67903900
2006-09-26,19.05,19.14,18.83,18.85,54766500
2006-09-27,19.22,19.24,19.00,19.04,66233900
2006-09-28,19.19,19.28,19.10,19.24,44179700
2006-09-29,19.16,19.21,19.06,19.16,34283500
2006-10-02,19.17,19.26,19.02,19.14,52908100
2006-10-03,19.17,19.25,19.06,19.17,39386200
2006-10-04,19.57,19.59,19.17,19.19,82191200
2006-10-05,19.56,19.69,19.46,19.56,81967200
2006-10-06,19.52,19.61,19.37,19.45,36452200
2006-10-09,19.42,19.57,19.35,19.47,33366300
2006-10-10,19.40,19.44,19.22,19.40,34598500
2006-10-11,19.29,19.38,19.21,19.24,37219600
2006-10-12,19.77,19.82,19.29,19.32,120174900
2006-10-13,19.87,20.10,19.83,19.85,129751900
2006-10-16,19.93,20.03,19.85,19.95,49744800
2006-10-17,19.92,19.97,19.73,19.78,40122600
2006-10-18,19.98,20.10,19.80,19.96,40630800
2006-10-19,19.82,19.93,19.70,19.86,44730800
2006-10-20,19.92,19.96,19.73,19.95,48887800
2006-10-23,19.93,20.10,19.74,19.82,48525000
2006-10-24,19.81,19.92,19.71,19.92,61409600
2006-10-25,19.83,19.94,19.71,19.81,40717100
2006-10-26,19.86,19.90,19.64,19.85,69964200
2006-10-27,19.85,20.17,19.79,19.96,89060100
2006-10-30,19.99,20.20,19.84,19.86,47296800
2006-10-31,20.11,20.21,20.01,20.08,61861700
2006-11-01,20.18,20.31,20.10,20.16,75895900
2006-11-02,20.15,20.22,20.02,20.11,58674400
2006-11-03,20.13,20.27,20.04,20.21,41124500
2006-11-06,20.20,20.35,20.15,20.15,60446200
2006-11-07,20.28,20.36,20.17,20.22,56511200
2006-11-08,20.30,20.48,20.08,20.16,77403300
2006-11-09,20.50,20.60,20.31,20.39,89407500
2006-11-10,20.48,20.52,20.42,20.43,37855100
2006-11-13,20.56,20.64,20.43,20.45,47271800
2006-11-14,20.55,20.68,20.43,20.58,63012500
2006-11-15,20.47,20.64,20.46,20.48,63943200
2006-11-16,20.71,20.83,20.48,20.48,64328500
2006-11-17,20.67,20.76,20.58,20.60,49356700
2006-11-20,21.01,21.09,20.74,20.75,85703800
2006-11-21,21.03,21.09,20.94,21.02,66446600
2006-11-22,21.03,21.09,20.96,21.07,43907200
2006-11-24,20.92,20.97,20.83,20.85,20456700
2006-11-27,20.72,20.90,20.62,20.87,72722100
2006-11-28,20.66,20.68,20.48,20.62,52602300
2006-11-29,20.79,20.93,20.69,20.69,58775100
2006-11-30,20.64,20.79,20.62,20.68,53297400
2006-12-01,20.47,20.60,20.31,20.55,72257000
2006-12-04,20.62,20.75,20.50,20.55,55123400
2006-12-05,20.48,20.67,20.41,20.64,45606000
2006-12-06,20.38,20.48,20.29,20.45,48564100
2006-12-07,20.28,20.43,20.25,20.36,46831100
2006-12-08,20.67,20.67,20.24,20.26,108854900
2006-12-11,20.76,20.91,20.46,20.52,107712000
2006-12-12,20.69,20.83,20.54,20.78,68529400
2006-12-13,20.77,20.81,20.61,20.81,46002500
2006-12-14,21.14,21.14,20.75,20.76,85866500
2006-12-15,21.22,21.25,21.11,21.19,102783700
2006-12-18,21.01,21.27,20.93,21.22,56986800
2006-12-19,21.08,21.21,20.76,20.88,53822100
2006-12-20,21.15,21.26,21.07,21.08,31202100
2006-12-21,21.07,21.19,21.01,21.18,32270500
2006-12-22,20.83,20.99,20.82,20.97,37971700
2006-12-26,21.08,21.09,20.67,20.76,37098300
2006-12-27,21.10,21.18,21.02,21.08,31248400
2006-12-28,21.07,21.11,20.95,20.99,26690600
2006-12-29,20.99,21.19,20.97,20.99,41739800
2007-01-03,20.99,21.26,20.67,21.02,76935100
2007-01-04,20.95,21.07,20.69,20.88,45774500
2007-01-05,20.83,20.91,20.70,20.83,44607200
2007-01-08,21.04,21.16,20.76,20.84,50220200
2007-01-09,21.06,21.21,20.90,21.09,44636600
2007-01-10,20.85,21.01,20.69,20.95,55017400
2007-01-11,21.58,21.61,20.84,20.92,99464300
2007-01-12,21.94,22.06,21.54,21.54,103972500
2007-01-16,21.90,22.11,21.81,21.97,62379600
2007-01-17,21.86,22.10,21.80,21.97,58519600
2007-01-18,21.79,22.05,21.65,21.90,56364300
2007-01-19,21.87,21.87,21.57,21.60,75826900
2007-01-22,21.59,21.87,21.45,21.83,56143900
2007-01-23,21.61,21.76,21.45,21.53,49171200
2007-01-24,21.85,22.00,21.54,21.64,58527800
2007-01-25,21.40,22.13,21.40,21.85,97378700
2007-01-26,21.51,21.95,21.51,21.94,96103700
2007-01-29,21.46,21.64,21.33,21.54,57605900
2007-01-30,21.42,21.54,21.19,21.49,61900400
2007-01-31,21.69,21.86,21.33,21.38,73968400
2007-02-01,21.48,21.75,21.35,21.68,55355800
2007-02-02,21.22,21.68,21.18,21.66,60401700
2007-02-05,20.81,21.10,20.67,21.07,99102100
2007-02-06,20.74,20.91,20.54,20.80,79281100
2007-02-07,20.64,20.88,20.56,20.83,65145500
2007-02-08,20.57,20.95,20.52,20.55,48749000
2007-02-09,20.37,20.67,20.34,20.63,69823100
2007-02-12,20.34,20.45,20.26,20.31,52774400
2007-02-13,20.46,20.60,20.43,20.48,50348100
2007-02-14,20.74,20.94,20.56,20.57,55588600
2007-02-15,20.78,20.91,20.61,20.86,63858100
2007-02-16,20.27,20.41,20.21,20.39,109340300
2007-02-20,20.34,20.36,20.08,20.19,53978200
2007-02-21,20.70,20.73,20.27,20.28,68604900
2007-02-22,20.73,20.84,20.57,20.67,57754400
2007-02-23,20.38,20.65,20.38,20.61,63787100
2007-02-26,20.50,20.52,20.33,20.43,63481900
2007-02-27,19.66,20.43,19.60,20.25,87143300
2007-02-28,19.87,19.93,19.69,19.71,86333300
2007-03-01,19.81,19.98,19.56,19.62,80175700
2007-03-02,19.58,19.86,19.58,19.76,63254700
2007-03-05,19.43,19.69,19.33,19.39,56454300
2007-03-06,19.63,19.71,19.50,19.61,49361800
2007-03-07,19.47,19.68,19.43,19.58,52044700
2007-03-08,19.27,19.64,18.76,19.55,72175200
2007-03-09,19.25,19.38,19.07,19.34,80125000
2007-03-12,19.35,19.38,19.14,19.17,36516400
2007-03-13,18.85,19.33,18.84,19.22,75169500
2007-03-14,19.33,19.33,18.85,18.92,75730300
2007-03-15,19.24,19.38,19.19,19.27,51757100
2007-03-16,19.28,19.38,19.19,19.29,65055300
2007-03-19,19.63,19.63,19.19,19.28,49412000
2007-03-20,19.64,19.86,19.58,19.70,47902400
2007-03-21,20.12,20.12,19.44,19.68,72808200
2007-03-22,19.94,20.14,19.76,20.12,47934900
2007-03-23,19.76,19.94,19.61,19.90,50519800
2007-03-26,19.90,19.90,19.54,19.71,47491500
2007-03-27,19.55,19.86,19.50,19.78,58979800
2007-03-28,19.50,19.75,19.33,19.45,46947000
2007-03-29,19.57,19.64,19.39,19.64,42629900
2007-03-30,19.66,19.71,19.40,19.57,47061000
2007-04-02,19.57,19.70,19.44,19.67,41977600
2007-04-03,19.66,19.79,19.57,19.65,39821300
2007-04-04,20.10,20.30,19.68,19.76,63244200
2007-04-05,20.14,20.21,19.96,19.98,30131200
2007-04-09,20.15,20.26,20.02,20.16,31384600
2007-04-10,20.03,20.20,19.90,20.10,38643100
2007-04-11,19.83,20.15,19.74,19.96,44050200
2007-04-12,20.13,20.19,19.78,19.79,43762100
2007-04-13,20.18,20.24,19.82,20.05,36002900
2007-04-16,20.26,20.28,19.90,20.17,30740100
2007-04-17,20.35,20.38,20.14,20.19,33170200
2007-04-18,20.17,20.22,20.00,20.18,41778400
2007-04-19,20.24,20.38,19.93,19.99,43648800
2007-04-20,20.47,20.53,20.24,20.44,60311500
2007-04-23,20.30,20.45,20.22,20.43,41739100
2007-04-24,20.31,20.43,20.17,20.31,34236700
2007-04-25,20.45,20.46,20.24,20.36,39475000
2007-04-26,20.53,20.70,20.39,20.52,68760300
2007-04-27,21.25,21.68,21.16,21.28,128298800
2007-04-30,21.12,21.42,21.12,21.25,67788800
2007-05-01,21.44,21.46,21.09,21.12,73539300
2007-05-02,21.59,21.65,21.37,21.44,80686700
2007-05-03,21.84,21.87,21.53,21.58,82036800
2007-05-04,21.56,21.65,21.36,21.64,104385900
2007-05-07,21.66,21.70,21.50,21.53,59889100
2007-05-08,21.69,21.82,21.57,21.64,60551700
2007-05-09,21.71,21.82,21.56,21.65,51735000
2007-05-10,21.57,21.82,21.53,21.64,55398600
2007-05-11,21.79,21.85,21.55,21.56,43425300
2007-05-14,21.84,21.86,21.73,21.75,70188500
2007-05-15,21.87,22.00,21.82,21.87,75013900
2007-05-16,21.99,22.00,21.80,21.94,45833600
2007-05-17,21.92,22.04,21.91,21.96,41045600
2007-05-18,21.82,21.93,21.64,21.92,58453000
2007-05-21,21.97,22.05,21.75,21.75,41836400
2007-05-22,21.72,21.89,21.70,21.87,39999500
2007-05-23,21.64,21.82,21.63,21.82,46322500
2007-05-24,21.35,21.80,21.20,21.61,64046400
2007-05-25,21.57,21.70,21.36,21.43,47726500
2007-05-29,21.79,21.82,21.50,21.58,42373100
2007-05-30,22.01,22.03,21.59,21.62,57376800
2007-05-31,21.72,22.05,21.66,22.02,85290500
2007-06-01,21.65,21.87,21.62,21.79,39469400
2007-06-04,21.74,21.77,21.51,21.53,41434500
2007-06-05,21.64,21.67,21.46,21.67,44265000
2007-06-06,21.43,21.60,21.41,21.49,38217500
2007-06-07,20.96,21.43,20.94,21.24,71971400
2007-06-08,21.26,21.27,20.81,20.93,61346200
2007-06-11,21.24,21.41,21.18,21.19,48467400
2007-06-12,21.12,21.40,21.07,21.20,56981800
2007-06-13,21.50,21.52,21.12,21.21,64435600
2007-06-14,21.60,21.73,21.44,21.48,59065700
2007-06-15,21.58,21.85,21.53,21.84,100933000
2007-06-18,21.59,21.74,21.53,21.72,45412600
2007-06-19,21.55,21.70,21.50,21.57,46802600
2007-06-20,21.24,21.59,21.20,21.54,46861600
2007-06-21,21.38,21.44,21.17,21.21,56564800
2007-06-22,20.87,21.30,20.84,21.23,86219900
2007-06-25,20.87,21.07,20.79,20.85,53905800
2007-06-26,20.89,21.09,20.88,20.91,48340300
2007-06-27,21.14,21.19,20.78,20.78,53468600
2007-06-28,21.11,21.21,21.00,21.13,46055200
2007-06-29,20.85,21.18,20.55,21.14,71193900
2007-07-02,21.04,21.09,20.87,21.00,47316000
2007-07-03,21.24,21.38,21.07,21.08,35202600
2007-07-05,21.22,21.38,21.11,21.26,47838500
2007-07-06,21.21,21.26,20.99,21.17,57541000
2007-07-09,21.14,21.19,21.09,21.13,33831400
2007-07-10,20.75,21.22,20.65,21.02,66013500
2007-07-11,20.87,20.98,20.67,20.69,48017000
2007-07-12,21.28,21.31,20.83,20.92,54302400
2007-07-13,21.10,21.24,20.99,21.19,42173000
2007-07-16,21.25,21.40,21.03,21.06,48023200
2007-07-17,21.78,21.85,21.24,21.24,77539600
2007-07-18,21.88,21.92,21.58,21.59,64414400
2007-07-19,22.30,22.53,21.89,21.97,121159300
2007-07-20,22.05,22.08,21.79,22.04,98292600
2007-07-23,22.07,22.30,22.02,22.19,48910600
2007-07-24,21.80,22.28,21.73,21.94,59729300
2007-07-25,21.73,22.15,21.49,21.93,54950100
2007-07-26,21.21,21.60,20.88,21.40,87025300
2007-07-27,20.80,21.23,20.78,21.18,69214600
2007-07-30,20.80,20.87,20.49,20.81,67499600
2007-07-31,20.51,21.03,20.51,21.02,66554000
2007-08-01,20.73,20.91,20.39,20.49,80006300
2007-08-02,20.89,21.08,20.54,20.66,47938300
2007-08-03,20.49,21.07,20.45,20.84,61535500
2007-08-06,20.90,20.90,20.34,20.56,59530500
2007-08-07,20.91,21.08,20.56,20.75,49163000
2007-08-08,21.23,21.24,20.67,21.03,52898600
2007-08-09,20.73,21.30,20.46,20.97,72964500
2007-08-10,20.32,20.56,20.00,20.45,76576200
2007-08-13,20.26,20.51,20.13,20.48,55492300
2007-08-14,20.07,20.52,20.03,20.43,42944100
2007-08-15,19.95,20.59,19.92,20.05,48117700
2007-08-16,19.75,20.13,19.54,19.80,81447400
2007-08-17,20.06,20.06,19.76,19.95,76747700
2007-08-20,20.07,20.23,19.94,20.01,49952000
2007-08-21,19.93,20.11,19.79,19.95,50786200
2007-08-22,20.04,20.11,19.89,20.07,44763500
2007-08-23,20.10,20.12,19.95,20.08,33886600
2007-08-24,20.46,20.48,19.93,20.03,45158900
2007-08-27,20.23,20.43,20.17,20.32,32789500
2007-08-28,19.83,20.23,19.82,20.10,43924400
2007-08-29,20.30,20.32,19.76,19.98,45753700
2007-08-30,20.20,20.54,20.11,20.18,33690700
2007-08-31,20.40,20.54,20.14,20.38,42511900
2007-09-04,20.46,20.66,20.22,20.24,45689600
2007-09-05,20.22,20.40,20.18,20.34,47669800
2007-09-06,20.53,20.60,20.27,20.28,45430800
2007-09-07,20.20,20.47,20.11,20.32,52160900
2007-09-10,20.22,20.42,20.17,20.36,37247600
2007-09-11,20.54,20.56,20.30,20.33,34380800
2007-09-12,20.54,20.71,20.45,20.46,42364700
2007-09-13,20.71,20.78,20.56,20.68,35288600
2007-09-14,20.62,20.67,20.51,20.58,33496600
2007-09-17,20.40,20.51,20.32,20.44,39536500
2007-09-18,20.54,20.57,20.07,20.38,77462400
2007-09-19,20.36,20.53,20.10,20.50,94242200
2007-09-20,20.18,20.30,20.12,20.22,67168900
2007-09-21,20.34,20.46,20.20,20.37,135636100
2007-09-24,20.65,21.03,20.45,20.46,104459800
2007-09-25,20.99,20.99,20.67,20.69,75621000
2007-09-26,20.95,21.20,20.93,21.08,60337000
2007-09-27,20.94,21.10,20.91,21.09,43407100
2007-09-28,20.92,21.08,20.76,20.94,45819100
2007-10-01,21.14,21.15,20.88,20.92,43875100
2007-10-02,21.09,21.20,21.00,21.09,33700900
2007-10-03,20.91,21.20,20.80,21.10,37633900
2007-10-04,21.10,21.14,20.91,20.99,37868000
2007-10-05,21.19,21.30,21.11,21.23,45012300
2007-10-08,21.19,21.20,21.02,21.06,30265400
2007-10-09,21.37,21.58,21.30,21.32,63603100
2007-10-10,21.47,21.57,21.32,21.33,32251500
2007-10-11,21.24,21.75,21.15,21.52,50788400
2007-10-12,21.42,21.59,21.27,21.32,31121100
2007-10-15,21.33,21.54,21.30,21.37,47150500
2007-10-16,21.53,21.72,21.47,21.47,56286200
2007-10-17,22.07,22.18,21.76,21.84,86092400
2007-10-18,22.13,22.18,21.75,22.17,49208600
2007-10-19,21.42,22.08,21.38,22.08,75200200
2007-10-22,21.67,21.80,21.39,21.39,58785100
2007-10-23,21.94,22.10,21.81,21.81,49956200
2007-10-24,22.19,22.23,21.66,21.91,77979200
2007-10-25,22.72,22.88,22.36,22.42,169588700
2007-10-26,24.88,25.59,24.54,25.57,288121200
2007-10-29,24.55,25.06,24.46,24.75,114655600
2007-10-30,25.26,25.27,24.39,24.41,107297300
2007-10-31,26.14,26.27,25.22,25.22,185635800
2007-11-01,26.32,26.62,25.82,25.94,152078800
2007-11-02,26.32,26.63,25.86,26.43,96389800
2007-11-05,26.08,26.35,26.01,26.10,75485400
2007-11-06,25.86,26.03,25.47,25.98,100966700
2007-11-07,25.22,25.68,25.17,25.59,74897800
2007-11-08,24.67,25.49,24.43,25.28,133742400
2007-11-09,23.95,24.53,23.90,24.27,125136900
2007-11-12,23.70,23.94,23.45,23.66,84865200
2007-11-13,24.55,24.70,23.78,23.90,104311500
2007-11-14,24.17,24.76,24.05,24.67,84063100
2007-11-15,24.05,24.29,23.90,24.05,64014100
2007-11-16,24.29,24.41,24.02,24.12,71113800
2007-11-19,24.20,24.39,24.13,24.20,63026200
2007-11-20,24.64,24.91,24.29,24.39,100009400
2007-11-21,24.39,24.74,24.35,24.51,89518700
2007-11-23,24.30,24.54,24.02,24.48,33467200
2007-11-26,23.49,24.49,23.46,24.29,80335000
2007-11-27,23.55,23.94,23.28,23.70,84178400
2007-11-28,24.01,24.15,23.44,23.78,88585000
2007-11-29,23.93,24.17,23.73,23.92,53633600
2007-11-30,23.94,24.31,23.65,24.17,71027800
2007-12-03,23.45,23.97,23.28,23.87,61770600
2007-12-04,23.35,23.68,23.25,23.33,54801500
2007-12-05,24.33,24.59,23.53,23.61,84894700
2007-12-06,24.62,24.66,24.13,24.41,49209700
2007-12-07,24.60,24.72,24.38,24.66,40771000
2007-12-10,24.77,24.90,24.56,24.68,36083500
2007-12-11,24.29,24.93,24.17,24.74,55070700
2007-12-12,24.56,25.00,24.17,24.66,63345400
2007-12-13,25.09,25.26,24.42,24.57,73913200
2007-12-14,25.16,25.53,24.94,24.97,71126200
2007-12-17,24.50,25.03,24.48,24.96,58121200
2007-12-18,24.75,24.94,24.37,24.68,52791800
2007-12-19,24.79,25.04,24.49,24.72,58469100
2007-12-20,25.31,25.50,24.99,25.14,59345000
2007-12-21,25.69,25.69,25.47,25.58,83240500
2007-12-24,26.06,26.16,25.68,25.74,29622600
2007-12-26,26.08,26.10,25.83,25.94,30252400
2007-12-27,25.63,26.04,25.61,25.90,33311100
2007-12-28,25.73,25.81,25.41,25.72,33447200
2007-12-31,25.36,25.64,25.31,25.58,35229700
2008-01-02,25.09,25.62,24.94,25.50,63004200
2008-01-03,25.20,25.40,24.84,25.09,49599600
2008-01-04,24.49,25.08,24.29,25.07,72090800
2008-01-07,24.66,24.79,24.40,24.62,80164300
2008-01-08,23.83,24.73,23.80,24.73,79148300
2008-01-09,24.54,24.61,23.76,23.77,74305500
2008-01-10,24.46,24.58,24.07,24.47,72446000
2008-01-11,24.16,24.39,24.02,24.32,55187900
2008-01-14,24.50,24.63,24.28,24.55,52792200
2008-01-15,24.22,24.49,24.22,24.25,61606200
2008-01-16,23.68,23.97,23.16,23.81,120778500
2008-01-17,23.59,24.08,23.49,23.90,94247800
2008-01-18,23.52,24.22,23.49,23.63,117062000
2008-01-22,22.77,23.18,22.44,22.47,108521400
2008-01-23,22.75,22.83,22.11,22.43,137597400
2008-01-24,23.69,23.77,22.88,23.05,155640400
2008-01-25,23.47,24.94,23.42,24.86,196992300
2008-01-28,23.31,23.58,23.10,23.53,81019000
2008-01-29,23.23,23.43,23.05,23.40,68023000
2008-01-30,22.94,23.37,22.83,23.20,106432600
2008-01-31,23.23,23.33,22.60,22.73,103642200
2008-02-01,21.69,23.69,21.55,22.13,291138900
2008-02-04,21.51,21.89,21.45,21.72,119998600
2008-02-05,20.71,21.33,20.58,21.31,137534100
2008-02-06,20.32,20.91,20.16,20.86,138315600
2008-02-07,20.03,20.50,19.88,20.19,164964900
2008-02-08,20.35,20.72,20.12,20.16,124872000
2008-02-11,20.10,20.38,19.88,20.32,156814100
2008-02-12,20.19,20.39,20.03,20.26,84365900
2008-02-13,20.63,20.70,20.33,20.39,88986200
2008-02-14,20.31,20.69,20.28,20.58,69113500
2008-02-15,20.25,20.40,20.13,20.17,68166100
2008-02-19,20.15,20.63,20.08,20.60,68261200
2008-02-20,20.18,20.21,19.97,20.13,93056200
2008-02-21,20.10,20.71,20.00,20.47,98776500
2008-02-22,19.80,20.31,19.45,20.20,125705400
2008-02-25,19.91,20.20,19.65,19.78,109974300
2008-02-26,20.30,20.64,19.79,19.84,108923500
2008-02-27,20.21,20.51,20.10,20.16,75199500
2008-02-28,19.98,20.22,19.88,20.04,83002900
2008-02-29,19.45,19.90,19.33,19.80,117411400
2008-03-03,19.30,19.59,19.22,19.48,76544300
2008-03-04,19.73,19.76,19.28,19.33,86925600
2008-03-05,20.11,20.32,19.81,19.85,106489800
2008-03-06,19.72,20.15,19.67,20.07,91127700
2008-03-07,19.93,20.08,19.54,19.55,77597600
2008-03-10,20.06,20.21,19.85,19.90,72175100
2008-03-11,20.94,20.98,20.30,20.31,98740700
2008-03-12,20.48,21.09,20.41,21.05,75993800
2008-03-13,20.47,20.73,20.14,20.41,84552200
2008-03-14,20.00,20.75,19.77,20.54,105214900
2008-03-17,20.24,20.55,19.51,19.53,84490100
2008-03-18,21.04,21.08,20.51,20.51,83695300
2008-03-19,20.47,21.16,20.47,21.01,61442100
2008-03-20,20.87,20.90,20.45,20.56,60170200
2008-03-24,20.86,21.03,20.78,20.98,48294700
2008-03-25,20.84,21.01,20.70,20.98,49149000
2008-03-26,20.43,20.79,20.30,20.76,45868100
2008-03-27,20.06,20.38,20.03,20.37,47894400
2008-03-28,19.96,20.33,19.90,20.19,49244000
2008-03-31,20.30,20.45,19.91,19.94,46780600
2008-04-01,21.10,21.13,20.48,20.62,65796200
2008-04-02,20.86,21.16,20.74,21.15,49499400
2008-04-03,20.74,20.97,20.60,20.74,38961400
2008-04-04,20.86,20.93,20.56,20.83,43860800
2008-04-07,20.86,21.16,20.76,21.14,44428600
2008-04-08,20.56,20.74,20.41,20.70,44733500
2008-04-09,20.66,20.77,20.41,20.54,45839300
2008-04-10,20.82,21.03,20.60,20.62,65591600
2008-04-11,20.23,20.75,20.18,20.65,54373700
2008-04-14,20.07,20.25,19.98,20.20,43418100
2008-04-15,20.21,20.37,20.05,20.11,34310000
2008-04-16,20.71,20.78,20.30,20.43,54107400
2008-04-17,20.90,20.98,20.67,20.83,48743300
2008-04-18,21.46,21.53,21.18,21.46,73658900
2008-04-21,21.76,21.89,21.54,21.59,54411700
2008-04-22,21.64,21.96,21.44,21.91,67387500
2008-04-23,22.49,22.50,21.67,21.78,98351500
2008-04-24,22.74,22.96,22.29,22.62,115416700
2008-04-25,21.34,21.74,21.17,21.49,145194900
2008-04-28,20.73,21.34,20.61,21.31,97473000
2008-04-29,20.48,20.67,20.35,20.60,84428900
2008-04-30,20.40,20.89,20.39,20.56,74733600
2008-05-01,21.03,21.09,20.37,20.38,71699400
2008-05-02,20.91,21.19,20.64,21.16,66024200
2008-05-05,20.80,21.62,20.73,21.41,119687700
2008-05-06,21.24,21.36,20.69,20.74,93582000
2008-05-07,20.89,21.56,20.80,21.24,88775000
2008-05-08,20.93,21.02,20.74,20.94,69589900
2008-05-09,21.02,21.14,20.71,20.89,51621200
2008-05-12,21.45,21.50,20.99,21.03,64278800
2008-05-13,21.38,21.63,21.20,21.54,70934700
2008-05-14,21.49,21.72,21.34,21.46,66730400
2008-05-15,21.86,21.92,21.49,21.52,53355800
2008-05-16,21.53,21.88,21.48,21.87,81538200
2008-05-19,21.15,21.46,21.04,21.44,59615000
2008-05-20,20.65,21.04,20.55,21.03,75767600
2008-05-21,20.28,20.85,20.24,20.68,60125100
2008-05-22,20.44,20.60,20.23,20.30,52203100
2008-05-23,20.14,20.34,20.06,20.29,48890700
2008-05-27,20.42,20.46,20.14,20.18,47334500
2008-05-28,20.23,20.51,20.13,20.50,52318500
2008-05-29,20.32,20.59,20.20,20.25,47699200
2008-05-30,20.33,20.60,20.24,20.37,63399200
2008-06-02,19.96,20.36,19.78,20.27,77028400
2008-06-03,19.60,20.32,19.58,20.04,86616700
2008-06-04,19.77,19.84,19.53,19.58,79567400
2008-06-05,20.32,20.32,19.81,19.90,76063400
2008-06-06,19.73,20.22,19.73,20.09,78500800
2008-06-09,19.89,20.04,19.60,19.85,66787100
2008-06-10,20.02,20.31,19.61,19.64,77433900
2008-06-11,19.47,20.06,19.46,19.99,59330800
2008-06-12,20.27,20.49,19.52,19.67,113996300
2008-06-13,20.87,21.23,20.46,20.55,131969100
2008-06-16,20.77,20.90,20.56,20.83,74718900
2008-06-17,20.67,20.90,20.67,20.85,44256700
2008-06-18,20.43,20.72,20.43,20.49,49677800
2008-06-19,20.77,20.95,20.34,20.49,62037800
2008-06-20,20.27,20.76,20.17,20.75,97480400
2008-06-23,20.08,20.39,19.95,20.32,57145300
2008-06-24,19.91,20.11,19.75,20.04,65218300
2008-06-25,20.35,20.58,19.93,19.96,64280200
2008-06-26,19.92,20.24,19.92,20.12,67049100
2008-06-27,19.83,20.04,19.71,19.87,73450200
2008-06-30,19.75,20.09,19.73,19.91,57830500
2008-07-01,19.29,19.66,18.98,19.58,100327800
2008-07-02,18.58,19.38,18.58,19.31,84669000
2008-07-03,18.65,18.74,18.38,18.64,37074500
2008-07-07,18.69,18.94,18.27,18.74,71527600
2008-07-08,18.56,18.81,18.31,18.61,65553200
2008-07-09,18.11,18.56,18.08,18.51,54255800
2008-07-10,18.27,18.43,17.93,18.09,57830600
2008-07-11,18.13,18.41,17.85,18.06,69532600
2008-07-14,18.05,18.53,18.00,18.29,51216200
2008-07-15,18.77,19.12,17.90,17.90,92719300
2008-07-16,19.57,19.59,18.61,18.76,82060400
2008-07-17,19.76,20.04,19.46,19.80,96526100
2008-07-18,18.56,19.00,18.03,18.92,150277000
2008-07-21,18.41,18.79,18.33,18.42,77575600
2008-07-22,18.52,18.62,18.29,18.33,88657200
2008-07-23,18.97,19.27,18.56,18.56,79408800
2008-07-24,18.26,18.79,18.26,18.73,81092600
2008-07-25,18.78,18.82,18.31,18.41,58682300
2008-07-28,18.31,18.74,18.19,18.71,59707800
2008-07-29,18.74,18.80,18.23,18.32,66368200
2008-07-30,18.83,19.02,18.59,18.81,51977700
2008-07-31,18.46,18.87,18.46,18.56,60461000
2008-08-01,18.26,18.63,18.00,18.61,82720200
2008-08-04,18.15,18.34,18.03,18.23,60588300
2008-08-05,18.82,18.87,18.31,18.41,84297600
2008-08-06,19.40,19.50,18.94,19.19,95550000
2008-08-07,19.66,19.92,19.19,19.31,82565800
2008-08-08,20.19,20.27,19.52,19.63,80814100
2008-08-11,20.03,20.39,19.86,20.00,68743800
2008-08-12,20.19,20.36,19.80,19.94,62813000
2008-08-13,20.04,20.46,19.93,20.15,51165200
2008-08-14,20.04,20.30,19.78,19.97,49732300
2008-08-15,19.96,20.21,19.80,20.09,47267400
2008-08-18,19.88,20.14,19.78,19.94,38078200
2008-08-19,19.69,20.00,19.65,19.85,40332900
2008-08-20,19.67,19.88,19.58,19.85,41497200
2008-08-21,19.59,19.63,19.36,19.53,43614200
2008-08-22,20.06,20.09,19.62,19.63,47930400
2008-08-25,19.94,20.06,19.79,19.90,51381300
2008-08-26,19.65,19.98,19.58,19.88,44774400
2008-08-27,19.86,20.03,19.55,19.70,33975300
2008-08-28,20.14,20.19,19.89,19.90,48372600
2008-08-29,19.67,20.02,19.67,19.95,50735500
2008-09-02,19.53,20.01,19.50,19.94,66079200
2008-09-03,19.39,19.59,19.34,19.46,57127700
2008-09-04,18.99,19.38,18.99,19.27,66141900
2008-09-05,18.49,18.90,18.47,18.76,82305200
2008-09-08,18.83,18.98,18.50,18.89,62110800
2008-09-09,18.81,19.17,18.77,18.88,85735700
2008-09-10,19.06,19.36,18.92,19.11,75064900
2008-09-11,19.70,19.79,18.76,18.81,72913300
2008-09-12,19.91,19.99,19.42,19.56,75628500
2008-09-15,19.33,19.81,19.26,19.40,82349400
2008-09-16,18.73,19.09,18.39,18.80,111729700
2008-09-17,17.71,18.65,17.66,18.54,106972100
2008-09-18,18.21,18.27,17.30,17.87,132291300
2008-09-19,18.13,19.03,16.94,19.01,134926100
2008-09-22,18.31,18.97,18.25,18.90,105207700
2008-09-23,18.34,18.86,18.26,18.49,92181300
2008-09-24,18.54,18.80,18.35,18.44,80250300
2008-09-25,19.18,19.37,18.55,18.61,96203500
2008-09-26,19.75,19.86,18.84,18.86,100744300
2008-09-29,18.03,19.94,18.03,19.42,134383100
2008-09-30,19.24,19.24,18.41,18.57,107192700
2008-10-01,19.08,19.45,18.94,19.01,88957000
2008-10-02,18.92,19.12,18.52,18.87,93819800
2008-10-03,18.97,19.80,18.91,19.01,114289400
2008-10-06,17.95,18.73,17.40,18.47,146374600
2008-10-07,16.74,18.17,16.68,18.00,145941200
2008-10-08,16.58,17.51,16.22,16.50,171598600
2008-10-09,16.07,17.23,15.91,17.13,131948700
2008-10-10,15.50,16.11,14.88,15.70,228467500
2008-10-13,18.38,18.38,16.31,16.48,144935400
2008-10-14,17.37,18.54,17.01,18.48,165674900
2008-10-15,16.33,17.48,16.20,17.14,113280200
2008-10-16,17.43,17.43,15.36,16.53,161147800
2008-10-17,17.25,18.10,16.80,16.99,133673100
2008-10-20,17.82,17.84,16.58,17.44,93484300
2008-10-21,16.84,18.03,16.77,17.51,100385600
2008-10-22,15.52,16.62,15.06,16.61,150054800
2008-10-23,16.09,16.28,15.06,15.53,154774100
2008-10-24,15.83,16.48,15.10,15.18,153919700
2008-10-27,15.26,15.83,15.15,15.62,117683900
2008-10-28,16.65,16.73,15.38,15.60,134088800
2008-10-29,16.58,17.28,16.36,16.67,111701800
2008-10-30,16.31,17.21,16.14,17.07,95323000
2008-10-31,16.09,16.51,15.94,16.24,93055200
2008-11-03,16.30,16.51,16.01,16.20,61923500
2008-11-04,16.96,17.05,16.48,16.67,72123000
2008-11-05,15.91,16.82,15.89,16.81,81179700
2008-11-06,15.05,15.91,15.03,15.76,95509700
2008-11-07,15.50,15.52,15.14,15.37,71256300
2008-11-10,15.35,15.83,15.27,15.75,67106800
2008-11-11,15.28,15.35,14.98,15.34,78014500
2008-11-12,14.63,15.14,14.62,15.06,90162300
2008-11-13,15.32,15.32,13.51,14.52,148413700
2008-11-14,14.46,15.38,14.16,14.82,96624500
2008-11-17,13.92,14.59,13.80,14.23,97289000
2008-11-18,14.24,14.27,13.61,14.15,108966500
2008-11-19,13.27,14.48,13.24,14.24,103010500
2008-11-20,12.72,13.67,12.70,13.15,139532800
2008-11-21,14.28,14.29,13.05,13.08,157231900
2008-11-24,15.01,15.19,14.42,14.43,125289900
2008-11-25,14.50,15.19,14.19,15.14,92948100
2008-11-26,14.87,15.01,14.32,14.32,79678300
2008-11-28,14.67,14.74,14.53,14.68,28650800
2008-12-01,13.50,14.48,13.50,14.43,79639900
2008-12-02,13.90,14.01,13.47,13.78,79689800
2008-12-03,14.42,14.44,13.50,13.53,80961500
2008-12-04,13.87,14.45,13.63,14.08,78719200
2008-12-05,14.42,14.50,13.40,13.72,91996200
2008-12-08,15.25,15.42,14.61,14.77,107225000
2008-12-09,14.95,15.42,14.85,14.96,80484900
2008-12-10,14.95,15.21,14.73,15.11,61499000
2008-12-11,14.11,14.60,14.01,14.59,83564300
2008-12-12,14.05,14.40,13.57,13.90,78112600
2008-12-15,13.82,14.11,13.71,14.03,59925900
2008-12-16,14.59,14.64,13.79,13.94,97688700
2008-12-17,14.27,14.55,14.15,14.37,78922700
2008-12-18,14.00,14.53,13.78,14.41,80759200
2008-12-19,13.87,14.37,13.87,14.09,113530400
2008-12-22,13.92,14.00,13.71,13.96,58575400
2008-12-23,13.99,14.20,13.79,13.99,47511400
2008-12-24,13.91,14.11,13.86,13.98,16880400
2008-12-26,13.88,14.03,13.85,13.93,23101000
2008-12-29,13.76,13.94,13.53,13.90,58512800
2008-12-30,14.03,14.14,13.79,13.79,43224100
2008-12-31,14.11,14.28,13.98,14.01,46419000
2009-01-02,14.75,14.80,14.06,14.17,50084000
2009-01-05,14.89,15.00,14.56,14.66,61475200
2009-01-06,15.06,15.24,14.95,15.06,58083400
2009-01-07,14.16,14.72,14.13,14.65,72709900
2009-01-08,14.60,14.65,14.19,14.24,70255400
2009-01-09,14.16,14.73,14.08,14.64,49815300
2009-01-12,14.13,14.36,14.00,14.30,52163500
2009-01-13,14.38,14.50,14.16,14.16,65843500
2009-01-14,13.85,14.28,13.79,14.17,80257500
2009-01-15,13.96,14.00,13.44,13.84,96169800
2009-01-16,14.30,14.45,13.90,14.24,79634100
2009-01-20,13.41,14.24,13.33,14.12,89873000
2009-01-21,14.06,14.11,13.39,13.69,68340900
2009-01-22,12.42,13.19,12.39,13.10,222436600
2009-01-23,12.48,12.69,12.15,12.31,117020600
2009-01-26,12.79,12.92,12.50,12.55,92476500
2009-01-27,12.81,13.04,12.65,12.90,61695000
2009-01-28,13.09,13.29,12.89,12.92,64145500
2009-01-29,12.76,13.03,12.74,12.90,49192800
2009-01-30,12.41,12.91,12.41,12.87,62370900
2009-02-02,12.94,13.16,12.34,12.36,88871700
2009-02-03,13.42,13.50,12.77,12.95,86865100
2009-02-04,13.52,13.79,13.42,13.45,75618000
2009-02-05,13.82,13.89,13.24,13.43,75195200
2009-02-06,14.27,14.46,13.83,13.90,86746000
2009-02-09,14.11,14.35,13.98,14.25,52196400
2009-02-10,13.64,14.37,13.57,13.97,83953200
2009-02-11,13.94,14.14,13.73,13.74,58599000
2009-02-12,13.98,14.02,13.45,13.76,75323200
2009-02-13,13.85,14.13,13.82,13.98,47416000
2009-02-17,13.22,13.52,13.07,13.51,75853300
2009-02-18,13.24,13.48,13.15,13.31,54946900
2009-02-19,13.08,13.43,13.01,13.37,49195600
2009-02-20,13.15,13.29,12.90,12.98,69413800
2009-02-23,12.57,13.26,12.54,13.17,70803400
2009-02-24,12.54,12.68,11.95,12.44,122674500
2009-02-25,12.39,12.60,12.03,12.43,105894600
2009-02-26,12.00,12.48,12.00,12.46,83219500
2009-02-27,11.80,12.07,11.76,11.90,93428000
2009-03-02,11.54,11.87,11.48,11.66,80602100
2009-03-03,11.60,11.86,11.43,11.71,80476600
2009-03-04,11.78,11.98,11.61,11.78,69285100
2009-03-05,11.16,11.60,11.16,11.59,89708500
2009-03-06,11.16,11.41,10.86,11.21,92821400
2009-03-09,11.07,11.50,11.03,11.10,66479100
2009-03-10,12.04,12.14,11.14,11.23,95184200
2009-03-11,12.50,12.57,12.00,12.15,84522200
2009-03-12,12.43,12.45,12.04,12.43,93694100
2009-03-13,12.16,12.46,11.82,12.41,82965800
2009-03-16,11.87,12.39,11.86,12.29,67028900
2009-03-17,12.35,12.35,11.88,11.92,62481000
2009-03-18,12.39,12.58,12.13,12.44,70710700
2009-03-19,12.52,12.75,12.36,12.69,58994600
2009-03-20,12.46,12.89,12.33,12.65,81725500
2009-03-23,13.39,13.58,12.65,12.69,71600000
2009-03-24,13.10,13.30,13.03,13.18,50044100
2009-03-25,13.06,13.38,12.80,13.14,73927100
2009-03-26,13.76,13.79,13.24,13.27,63775100
2009-03-27,13.25,13.60,13.19,13.55,47670400
2009-03-30,12.77,12.98,12.62,12.96,49633000
2009-03-31,13.42,13.73,12.99,13.03,92423300
2009-04-01,14.11,14.14,13.28,13.32,96438900
2009-04-02,14.09,14.53,13.88,14.25,99082300
2009-04-03,13.70,13.99,13.46,13.98,81858400
2009-04-06,13.71,13.71,13.35,13.55,47476100
2009-04-07,13.71,13.98,13.61,13.71,65815200
2009-04-08,14.02,14.33,13.85,13.86,56408900
2009-04-09,14.37,14.39,14.04,14.21,55759600
2009-04-13,14.31,14.50,14.15,14.39,44444700
2009-04-14,14.14,14.28,13.88,14.20,63796300
2009-04-15,13.76,14.06,13.52,14.03,72725500
2009-04-16,14.44,14.45,13.87,14.00,67688700
2009-04-17,14.03,14.39,13.88,14.39,61398500
2009-04-20,13.60,13.84,13.57,13.80,62937200
2009-04-21,13.86,13.94,13.57,13.58,60928300
2009-04-22,13.72,14.02,13.66,13.71,59401000
2009-04-23,13.82,13.84,13.49,13.82,86116300
2009-04-24,15.28,15.49,14.25,14.48,168478500
2009-04-27,14.90,15.21,14.82,15.01,68219600
2009-04-28,14.56,14.81,14.46,14.79,76685200
2009-04-29,14.79,15.26,14.66,14.69,79301600
2009-04-30,14.80,15.42,14.62,15.05,87439900
2009-05-01,14.79,14.87,14.51,14.75,63224500
2009-05-04,14.75,14.90,14.60,14.88,54313400
2009-05-05,14.46,14.79,14.35,14.71,66835500
2009-05-06,14.46,14.66,14.33,14.66,59639100
2009-05-07,14.11,14.60,13.98,14.58,68727200
2009-05-08,14.19,14.35,13.98,14.22,67597600
2009-05-11,14.11,14.41,13.89,14.03,63762600
2009-05-12,14.53,14.66,14.22,14.25,71966800
2009-05-13,14.43,14.61,14.37,14.55,49281700
2009-05-14,14.66,14.78,14.47,14.49,54539500
2009-05-15,14.77,14.98,14.60,14.71,61289900
2009-05-18,15.05,15.05,14.79,14.87,46073800
2009-05-19,14.93,15.25,14.89,15.08,51368300
2009-05-20,14.98,15.21,14.87,15.01,47450700
2009-05-21,14.57,14.87,14.34,14.81,58232800
2009-05-22,14.52,14.83,14.31,14.65,37318700
2009-05-26,14.95,15.04,14.30,14.37,44991700
2009-05-27,14.80,15.15,14.76,14.89,42892900
2009-05-28,15.04,15.17,14.74,14.94,45480800
2009-05-29,15.36,15.40,14.93,15.12,46134900
2009-06-01,15.73,15.81,15.34,15.44,57317100
2009-06-02,15.73,16.16,15.59,15.70,48935700
2009-06-03,15.98,16.00,15.65,15.67,56039600
2009-06-04,16.05,16.10,15.87,16.01,42330000
2009-06-05,16.28,16.40,16.04,16.15,59579200
2009-06-08,16.21,16.41,15.90,16.16,49000600
2009-06-09,16.23,16.41,16.09,16.22,50887700
2009-06-10,16.58,16.63,16.26,16.30,61297200
2009-06-11,16.79,17.10,16.59,16.61,65124600
2009-06-12,17.15,17.19,16.72,16.84,50963500
2009-06-15,17.22,17.31,16.92,17.08,69089600
2009-06-16,17.24,17.73,17.23,17.26,105295600
2009-06-17,17.41,17.51,17.04,17.28,86483100
2009-06-18,17.28,17.42,17.13,17.37,58852200
2009-06-19,17.70,17.90,17.46,17.67,115459000
2009-06-22,17.12,17.61,17.09,17.61,71291600
2009-06-23,17.16,17.40,17.06,17.19,56752700
2009-06-24,17.26,17.46,17.17,17.24,54287700
2009-06-25,17.49,17.59,17.06,17.23,57724300
2009-06-26,17.17,17.42,17.15,17.33,65126400
2009-06-29,17.54,17.67,17.31,17.35,62854900
2009-06-30,17.48,17.82,17.37,17.62,66452400
2009-07-01,17.67,17.87,17.62,17.68,54908400
2009-07-02,17.18,17.67,17.06,17.47,65422200
2009-07-06,17.06,17.12,16.81,17.06,49207700
2009-07-07,16.56,17.01,16.51,16.97,52842500
2009-07-08,16.59,16.68,16.17,16.40,73023400
2009-07-09,16.50,16.77,16.45,16.65,46981200
2009-07-10,16.46,16.57,16.29,16.31,43229200
2009-07-13,17.08,17.12,16.28,16.48,67584000
2009-07-14,16.99,17.07,16.81,17.06,45448700
2009-07-15,17.73,17.73,17.32,17.46,67238700
2009-07-16,17.97,17.97,17.54,17.59,64555100
2009-07-17,17.86,17.98,17.72,17.94,52860100
2009-07-20,18.04,18.04,17.76,17.97,47798000
2009-07-21,18.26,18.26,17.92,18.15,52028400
2009-07-22,18.23,18.31,18.02,18.16,66192500
2009-07-23,18.79,18.91,18.26,18.33,106060500
2009-07-24,17.24,17.56,16.77,17.36,215135700
2009-07-27,16.99,17.24,16.84,17.23,80950000
2009-07-28,17.26,17.31,16.84,16.90,70288400
2009-07-29,17.50,17.58,17.16,17.45,73626900
2009-07-30,17.51,17.96,17.43,17.79,67820000
2009-07-31,17.29,17.70,17.28,17.48,54258200
2009-08-03,17.52,17.54,17.28,17.51,46902900
2009-08-04,17.48,17.49,17.30,17.41,49218300
2009-08-05,17.51,17.83,17.49,17.53,53310300
2009-08-06,17.25,17.63,17.11,17.59,59686000
2009-08-07,17.32,17.51,17.28,17.46,46169700
2009-08-10,17.22,17.31,17.13,17.25,35261900
2009-08-11,17.01,17.20,16.95,17.15,33615800
2009-08-12,17.30,17.57,16.93,17.01,61972300
2009-08-13,17.37,17.54,17.20,17.37,38954500
2009-08-14,17.42,17.50,17.29,17.37,46330200
2009-08-17,17.09,17.35,17.08,17.15,42474400
2009-08-18,17.43,17.49,17.20,17.22,38878900
2009-08-19,17.49,17.54,17.19,17.19,41821300
2009-08-20,17.50,17.65,17.40,17.45,39505900
2009-08-21,18.05,18.06,17.57,17.69,69011400
2009-08-24,18.22,18.28,17.95,18.05,54180900
2009-08-25,18.22,18.35,18.08,18.19,43980300
2009-08-26,18.15,18.30,18.06,18.18,41079000
2009-08-27,18.25,18.32,17.97,18.05,45495600
2009-08-28,18.25,18.85,18.20,18.54,55808000
2009-08-31,18.23,18.37,17.96,18.17,49592800
2009-09-01,17.74,18.29,17.67,18.00,62608500
2009-09-02,17.64,17.85,17.58,17.61,40771300
2009-09-03,17.83,17.85,17.57,17.68,34120000
2009-09-04,18.20,18.34,17.80,17.81,44999700
2009-09-08,18.35,18.37,18.05,18.20,53737100
2009-09-09,18.32,18.45,18.24,18.29,49900300
2009-09-10,18.48,18.52,18.23,18.34,46256000
2009-09-11,18.38,18.61,18.34,18.43,54303500
2009-09-14,18.48,18.55,18.22,18.23,42806800
2009-09-15,18.63,18.68,18.38,18.46,44716600
2009-09-16,18.63,18.74,18.45,18.67,50055800
2009-09-17,18.71,18.76,18.53,18.53,42428800
2009-09-18,18.68,18.84,18.56,18.82,68016500
2009-09-21,18.71,18.76,18.56,18.57,28878700
2009-09-22,19.05,19.09,18.70,18.78,61376700
2009-09-23,19.01,19.41,18.96,19.16,60599900
2009-09-24,19.18,19.30,18.97,19.16,56302900
2009-09-25,18.89,19.09,18.87,18.99,50158900
2009-09-28,19.10,19.34,18.93,18.93,44358000
2009-09-29,19.04,19.19,18.99,19.16,39050300
2009-09-30,19.02,19.22,18.76,19.05,63533400
2009-10-01,18.40,18.83,18.34,18.79,75958100
2009-10-02,18.45,18.55,18.06,18.08,51219700
2009-10-05,18.22,18.53,18.13,18.47,60804900
2009-10-06,18.57,18.64,18.23,18.25,48795300
2009-10-07,18.56,18.62,18.40,18.48,38472700
2009-10-08,18.98,19.15,18.65,18.81,60521300
2009-10-09,18.89,19.07,18.82,18.91,39520000
2009-10-12,19.02,19.14,18.89,18.97,29145800
2009-10-13,19.08,19.18,18.87,18.92,37749000
2009-10-14,19.19,19.37,19.09,19.33,45365500
2009-10-15,19.75,19.75,19.15,19.15,65620100
2009-10-16,19.59,19.69,19.30,19.56,56500900
2009-10-19,19.49,19.65,19.41,19.59,48143200
2009-10-20,19.50,19.60,19.18,19.53,54604700
2009-10-21,19.65,19.78,19.51,19.56,61672700
2009-10-22,19.66,19.76,19.32,19.64,61600000
2009-10-23,20.72,21.70,20.61,21.59,281761000
2009-10-26,21.20,21.46,20.78,20.80,124149700
2009-10-27,21.14,21.35,21.03,21.24,69685800
2009-10-28,20.72,21.27,20.67,20.88,73542400
2009-10-29,20.86,21.01,20.59,20.75,65225500
2009-10-30,20.50,21.00,20.45,20.72,73371800
2009-11-02,20.61,20.74,20.27,20.48,62428900
2009-11-03,20.35,20.51,20.28,20.44,50294800
2009-11-04,20.75,20.99,20.42,20.47,63898400
2009-11-05,21.05,21.25,20.91,21.09,52681700
2009-11-06,21.09,21.17,20.85,20.98,38908500
2009-11-09,21.43,21.44,21.09,21.16,57518000
2009-11-10,21.45,21.65,21.30,21.37,65881100
2009-11-11,21.53,21.66,21.46,21.50,49693400
2009-11-12,21.71,21.80,21.44,21.45,55352400
2009-11-13,21.91,22.03,21.71,21.79,53037600
2009-11-16,21.84,22.03,21.71,21.89,54129500
2009-11-17,22.28,22.28,21.89,21.91,75648900
2009-11-18,22.36,22.38,22.14,22.28,59431200
2009-11-19,22.12,22.28,22.06,22.27,51967700
2009-11-20,22.00,22.11,21.86,22.03,42647100
2009-11-23,22.23,22.29,22.06,22.16,41832700
2009-11-24,22.21,22.27,22.09,22.24,37341400
2009-11-25,22.12,22.17,21.97,22.14,32033500
2009-11-27,21.70,21.83,21.35,21.62,29357900
2009-11-30,21.84,21.87,21.54,21.65,44172000
2009-12-01,22.29,22.32,21.84,21.92,49904200
2009-12-02,22.12,22.27,22.02,22.20,36308600
2009-12-03,22.15,22.43,22.10,22.16,43095200
2009-12-04,22.26,22.55,22.15,22.32,58810700
2009-12-07,22.12,22.34,22.04,22.12,38082700
2009-12-08,21.96,22.09,21.82,21.92,37402200
2009-12-09,22.06,22.14,21.72,21.89,44713300
2009-12-10,22.18,22.25,22.03,22.06,45940200
2009-12-11,22.17,22.28,22.12,22.26,43744200
2009-12-14,22.36,22.40,22.20,22.21,34651200
2009-12-15,22.29,22.43,22.19,22.20,49473200
2009-12-16,22.35,22.58,22.31,22.33,55737800
2009-12-17,21.98,22.25,21.96,22.24,43691200
2009-12-18,22.55,22.61,22.13,22.16,94118000
2009-12-21,22.66,22.90,22.55,22.58,40129100
2009-12-22,22.89,22.97,22.68,22.72,36321000
2009-12-23,22.96,22.98,22.79,22.81,28362700
2009-12-24,23.02,23.02,22.84,22.93,11083900
2009-12-28,23.15,23.16,22.94,23.02,25384000
2009-12-29,23.31,23.39,23.19,23.28,29716200
2009-12-30,22.99,23.24,22.87,23.13,42006200
2009-12-31,22.64,23.01,22.64,23.01,31929700
2010-01-04,22.98,23.10,22.72,22.74,38409100
2010-01-05,22.99,23.10,22.75,22.91,49749600
2010-01-06,22.85,23.08,22.66,22.93,58182400
2010-01-07,22.61,22.80,22.42,22.75,50559700
2010-01-08,22.77,22.93,22.46,22.49,51197400
2010-01-11,22.48,22.84,22.37,22.81,68754700
2010-01-12,22.33,22.58,22.21,22.39,65912100
2010-01-13,22.54,22.66,22.29,22.47,51863500
2010-01-14,22.99,23.10,22.47,22.51,63228100
2010-01-15,22.92,23.20,22.81,23.08,79913200
2010-01-19,23.10,23.20,22.78,22.84,46575700
2010-01-20,22.72,22.98,22.51,22.88,54849500
2010-01-21,22.29,22.81,22.28,22.73,73086700
2010-01-22,21.51,22.43,21.42,22.28,102004600
2010-01-25,21.77,22.03,21.61,21.71,63373000
2010-01-26,21.91,22.17,21.60,21.68,66639900
2010-01-27,22.03,22.15,21.55,21.80,63949500
2010-01-28,21.65,22.18,21.45,22.16,117513700
2010-01-29,20.93,22.22,20.54,22.20,193888500
2010-02-01,21.10,21.15,20.73,21.08,85931100
2010-02-02,21.14,21.16,20.90,21.07,54413700
2010-02-03,21.26,21.38,20.88,20.99,61397900
2010-02-04,20.67,21.16,20.65,21.08,77850000
2010-02-05,20.81,21.00,20.47,20.79,80960100
2010-02-08,20.59,20.85,20.47,20.80,52820600
2010-02-09,20.80,21.05,20.61,20.77,59195800
2010-02-10,20.79,20.97,20.67,20.82,48591300
2010-02-11,20.88,21.09,20.57,20.74,65993700
2010-02-12,20.74,20.84,20.48,20.65,81117200
2010-02-16,21.15,21.17,20.91,20.99,51935600
2010-02-17,21.33,21.38,21.16,21.29,45882900
2010-02-18,21.61,21.66,21.27,21.33,42856500
2010-02-19,21.47,21.58,21.41,21.48,44451800
2010-02-22,21.44,21.59,21.38,21.52,36707100
2010-02-23,21.14,21.51,20.96,21.40,52266200
2010-02-24,21.36,21.48,21.17,21.28,43165900
2010-02-25,21.34,21.38,20.91,21.09,48735300
2010-02-26,21.39,21.52,21.27,21.38,40370600
2010-03-01,21.65,21.67,21.29,21.47,43805400
2010-03-02,21.23,21.86,21.07,21.70,93123900
2010-03-03,21.23,21.35,21.15,21.27,48442100
2010-03-04,21.36,21.38,21.09,21.23,42890600
2010-03-05,21.33,21.40,21.20,21.38,56001800
2010-03-08,21.36,21.58,21.26,21.28,39414500
2010-03-09,21.49,21.72,21.30,21.31,50271600
2010-03-10,21.61,21.72,21.49,21.53,44891400
2010-03-11,21.77,21.78,21.52,21.55,35349700
2010-03-12,21.84,21.92,21.67,21.88,31700200
2010-03-15,21.85,21.91,21.64,21.77,37512000
2010-03-16,21.91,22.00,21.79,21.95,36723500
2010-03-17,22.11,22.29,21.94,22.01,50385700
2010-03-18,22.09,22.17,22.01,22.11,43845200
2010-03-19,22.08,22.31,21.90,22.20,81332100
2010-03-22,22.08,22.16,21.93,22.01,37718200
2010-03-23,22.29,22.31,21.94,22.08,42026600
2010-03-24,22.12,22.27,22.08,22.17,33987700
2010-03-25,22.39,22.81,22.23,22.26,73168700
2010-03-26,22.13,22.53,22.08,22.45,55595500
2010-03-29,22.08,22.25,22.05,22.17,33336000
2010-03-30,22.21,22.28,22.01,22.11,34954800
2010-03-31,21.85,22.17,21.76,22.11,63760000
2010-04-01,21.76,22.04,21.35,21.90,74768100
2010-04-05,21.84,21.96,21.66,21.73,34331200
2010-04-06,21.88,22.07,21.62,21.75,47366800
2010-04-07,21.90,22.05,21.74,21.76,58318800
2010-04-08,22.32,22.37,21.86,21.88,63713800
2010-04-09,22.64,22.69,22.31,22.35,54752500
2010-04-12,22.62,22.75,22.54,22.57,37068800
2010-04-13,22.72,22.76,22.48,22.49,41374600
2010-04-14,22.99,23.13,22.88,22.97,68941200
2010-04-15,23.03,23.09,22.91,22.99,52745400
2010-04-16,22.88,23.11,22.83,22.97,88703100
2010-04-19,23.16,23.32,22.95,22.96,64970300
2010-04-20,23.40,23.46,23.23,23.29,52199500
2010-04-21,23.38,23.50,23.30,23.38,55343100
2010-04-22,23.42,23.52,23.05,23.16,84847600
2010-04-23,23.10,23.56,22.87,23.22,126766600
2010-04-26,23.21,23.34,23.02,23.13,63649300
2010-04-27,23.02,23.32,22.94,23.09,68730900
2010-04-28,23.06,23.13,22.85,23.07,64557900
2010-04-29,23.13,23.45,22.88,23.08,52665200
2010-04-30,22.79,23.19,22.77,23.18,63214800
2010-05-03,23.02,23.17,22.82,22.88,43989500
2010-05-04,22.48,22.79,22.20,22.77,82085600
2010-05-05,22.27,22.45,22.15,22.21,66833800
2010-05-06,21.62,22.29,20.82,22.08,128613000
2010-05-07,21.05,21.60,20.38,21.58,173718100
2010-05-10,21.59,21.99,21.42,21.64,86653300
2010-05-11,21.55,22.12,21.32,21.40,63789400
2010-05-12,21.97,22.07,21.58,21.62,47146800
2010-05-13,21.82,22.18,21.77,21.83,45188800
2010-05-14,21.58,21.79,21.37,21.79,63334000
2010-05-17,21.59,21.81,21.23,21.73,46053300
2010-05-18,21.43,21.73,21.28,21.64,52690600
2010-05-19,21.16,21.50,20.83,21.37,61746700
2010-05-20,20.32,20.87,20.27,20.72,87991100
2010-05-21,20.12,20.32,19.82,19.96,117596300
2010-05-24,19.69,20.13,19.68,20.12,73711700
2010-05-25,19.54,19.73,19.02,19.22,98373600
2010-05-26,18.74,19.94,18.41,19.66,176684100
2010-05-27,19.49,19.76,19.28,19.28,136433600
2010-05-28,19.34,19.58,19.23,19.37,67496900
2010-06-01,19.40,19.72,19.13,19.13,76152400
2010-06-02,19.83,19.85,19.28,19.53,65718800
2010-06-03,20.13,20.18,19.79,19.90,67837000
2010-06-04,19.33,19.91,19.20,19.56,89832200
2010-06-07,18.95,19.36,18.92,19.35,80456200
2010-06-08,18.82,18.93,18.47,18.92,87355000
2010-06-09,18.58,19.13,18.55,18.90,87794000
2010-06-10,18.74,18.85,18.57,18.83,78930900
2010-06-11,19.23,19.28,18.56,18.77,68057700
2010-06-14,19.11,19.46,19.09,19.38,50972400
2010-06-15,19.92,19.97,19.29,19.30,81641500
2010-06-16,19.73,19.92,19.66,19.84,48698000
2010-06-17,19.76,19.99,19.52,19.91,47995500
2010-06-18,19.82,19.88,19.61,19.76,52075600
2010-06-21,19.45,20.15,19.40,20.07,54625300
2010-06-22,19.31,19.82,19.31,19.61,55985400
2010-06-23,18.97,19.32,18.90,19.32,61466200
2010-06-24,18.74,19.28,18.68,19.08,85243400
2010-06-25,18.38,18.82,18.22,18.77,156256700
2010-06-28,18.22,18.44,18.08,18.37,73784800
2010-06-29,17.47,18.14,17.32,18.08,119882100
2010-06-30,17.25,17.75,17.20,17.46,81050500
2010-07-01,17.36,17.48,17.04,17.31,92239400
2010-07-02,17.44,17.60,17.28,17.51,62485100
2010-07-06,17.85,18.05,17.67,17.76,73592000
2010-07-07,18.21,18.23,17.69,17.85,79965300
2010-07-08,18.29,18.45,17.96,18.44,50758100
2010-07-09,18.19,18.29,18.10,18.23,53806100
2010-07-12,18.61,18.65,18.30,18.31,49854200
2010-07-13,18.83,18.96,18.66,18.84,61928700
2010-07-14,19.07,19.19,18.83,19.11,72808100
2010-07-15,19.12,19.18,18.72,19.11,56934700
2010-07-16,18.65,19.22,18.65,19.12,65064800
2010-07-19,18.91,18.96,18.67,18.71,38181800
2010-07-20,19.10,19.10,18.51,18.63,45530700
2010-07-21,18.83,19.22,18.72,19.19,73297300
2010-07-22,19.37,19.48,19.09,19.12,73016400
2010-07-23,19.34,19.50,18.92,19.37,108520100
2010-07-26,19.56,19.64,19.34,19.38,67249900
2010-07-27,19.61,19.67,19.46,19.59,60672100
2010-07-28,19.45,19.63,19.36,19.54,69704800
2010-07-29,19.51,19.79,19.19,19.58,69446200
2010-07-30,19.34,19.37,19.00,19.30,83534800
2010-08-02,19.73,19.77,19.30,19.48,55044600
2010-08-03,19.61,19.75,19.46,19.64,56877700
2010-08-04,19.28,19.67,19.07,19.60,78531900
2010-08-05,19.01,19.17,18.89,19.10,64922100
2010-08-06,19.15,19.16,18.75,18.87,55982100
2010-08-09,19.19,19.28,19.01,19.15,57096500
2010-08-10,18.79,18.99,18.65,18.98,87257700
2010-08-11,18.63,18.66,18.41,18.50,76746900
2010-08-12,18.35,18.50,18.26,18.30,70240500
2010-08-13,18.29,18.49,18.17,18.25,45263500
2010-08-16,18.36,18.44,18.21,18.26,40909700
2010-08-17,18.62,18.81,18.54,18.62,52912600
2010-08-18,18.70,18.80,18.39,18.60,46818900
2010-08-19,18.41,18.64,18.24,18.55,54064600
2010-08-20,18.26,18.38,18.23,18.32,49560100
2010-08-23,18.29,18.57,18.26,18.41,51643000
2010-08-24,18.11,18.35,18.08,18.15,66522500
2010-08-25,18.16,18.25,17.99,18.08,47404800
2010-08-26,17.95,18.23,17.92,18.15,49105300
2010-08-27,18.03,18.10,17.71,17.99,60939400
2010-08-30,17.81,17.95,17.78,17.89,45453100
2010-08-31,17.68,17.88,17.57,17.78,66074600
2010-09-01,18.01,18.05,17.74,17.83,65235900
2010-09-02,18.04,18.05,17.86,17.99,48837100
2010-09-03,18.30,18.42,18.23,18.26,64189100
2010-09-07,18.05,18.31,18.02,18.16,51928700
2010-09-08,18.03,18.23,17.89,18.14,65512400
2010-09-09,18.09,18.24,18.08,18.23,46028900
2010-09-10,17.97,18.11,17.92,18.07,58284300
2010-09-13,18.92,19.06,18.15,18.23,114680400
2010-09-14,18.86,19.10,18.75,18.87,87160400
2010-09-15,18.93,19.00,18.78,18.91,56201900
2010-09-16,19.09,19.12,18.87,18.88,44548300
2010-09-17,19.00,19.24,18.90,19.14,70341600
2010-09-20,19.16,19.23,18.92,19.05,49838700
2010-09-21,18.95,19.15,18.90,19.15,52675700
2010-09-22,18.54,18.81,18.35,18.75,94299400
2010-09-23,18.41,18.53,18.35,18.47,46201800
2010-09-24,18.67,18.69,18.52,18.57,51948800
2010-09-27,18.63,18.83,18.53,18.72,43603300
2010-09-28,18.60,18.76,18.35,18.69,56041200
2010-09-29,18.46,18.58,18.38,18.56,44318900
2010-09-30,18.45,18.71,18.35,18.54,61262700
2010-10-01,18.37,18.70,18.31,18.66,62672300
2010-10-04,18.02,18.08,17.92,18.05,98143400
2010-10-05,18.35,18.42,18.02,18.13,78152900
2010-10-06,18.41,18.49,18.18,18.32,50489700
2010-10-07,18.48,18.65,18.29,18.55,50096100
2010-10-08,18.51,18.57,18.36,18.55,41327800
2010-10-11,18.53,18.64,18.46,18.64,27587800
2010-10-12,18.71,18.78,18.41,18.57,50141500
2010-10-13,19.09,19.24,18.75,18.85,75336500
2010-10-14,19.01,19.09,18.84,19.06,51949100
2010-10-15,19.24,19.25,19.01,19.11,68954800
2010-10-18,19.45,19.55,19.18,19.28,48330500
2010-10-19,18.91,19.12,18.80,19.04,66150900
2010-10-20,19.07,19.14,18.91,19.03,56283600
2010-10-21,19.15,19.24,18.87,19.14,50032400
2010-10-22,19.12,19.24,19.04,19.23,25837900
2010-10-25,18.98,19.10,18.96,19.02,50912400
2010-10-26,19.51,19.57,18.88,18.93,69304200
2010-10-27,19.63,19.67,19.30,19.43,64805500
2010-10-28,19.80,19.88,19.53,19.75,80730300
2010-10-29,20.09,20.49,19.95,20.46,114193200
2010-11-01,20.31,20.51,20.12,20.25,61912100
2010-11-02,20.64,20.66,20.36,20.39,54402100
2010-11-03,20.37,20.71,20.31,20.69,110255300
2010-11-04,20.45,20.67,20.35,20.65,93599300
2010-11-05,20.23,20.49,19.99,20.47,110953700
2010-11-08,20.20,21.75,20.03,20.10,71670800
2010-11-09,20.31,20.43,20.12,20.20,58538600
2010-11-10,20.30,20.40,20.20,20.35,52277300
2010-11-11,20.10,20.13,19.80,20.10,62073100
2010-11-12,19.79,19.98,19.67,19.94,64962200
2010-11-15,19.74,19.97,19.72,19.84,51794600
2010-11-16,19.57,19.74,19.45,19.74,65339200
2010-11-17,19.38,19.64,19.37,19.63,58299700
2010-11-18,19.59,19.77,19.41,19.49,59514000
2010-11-19,19.48,19.58,19.41,19.56,52423200
2010-11-22,19.51,19.51,19.29,19.45,53350500
2010-11-23,19.04,19.41,19.02,19.38,69742500
2010-11-24,19.23,19.30,19.07,19.10,56825900
2010-11-26,19.14,19.26,19.08,19.11,21356500
2010-11-29,19.19,19.27,18.90,19.10,56603600
2010-11-30,19.15,19.31,18.95,18.99,75282100
2010-12-01,19.74,19.90,19.38,19.38,74123500
2010-12-02,20.39,20.45,19.86,19.89,91759200
2010-12-03,20.48,20.51,20.30,20.32,52622000
2010-12-06,20.35,20.45,20.29,20.42,36264200
2010-12-07,20.37,20.57,20.35,20.53,57860500
2010-12-08,20.64,20.65,20.32,20.34,41666800
2010-12-09,20.53,20.73,20.48,20.68,47148300
2010-12-10,20.73,20.77,20.55,20.61,37625800
2010-12-13,20.66,20.81,20.60,20.67,47943900
2010-12-14,20.94,21.04,20.67,20.70,64070500
2010-12-15,21.11,21.22,20.87,20.87,69634200
2010-12-16,21.22,21.22,20.97,21.04,57680200
2010-12-17,21.15,21.29,21.04,21.17,87456500
2010-12-20,21.08,21.22,20.98,21.19,52811000
2010-12-21,21.28,21.33,21.04,21.11,38153000
2010-12-22,21.37,21.53,21.21,21.23,42252300
2010-12-23,21.45,21.47,21.20,21.20,24902500
2010-12-27,21.28,21.38,21.14,21.32,21652800
2010-12-28,21.23,21.36,21.20,21.20,23042200
2010-12-29,21.20,21.32,21.14,21.18,19502500
2010-12-30,21.11,21.23,21.06,21.17,20786100
2010-12-31,21.16,21.17,20.95,21.07,24752000
2011-01-03,21.21,21.36,21.17,21.26,53443800
2011-01-04,21.29,21.36,21.11,21.18,54405600
2011-01-05,21.23,21.23,21.05,21.15,58998700
2011-01-06,21.85,21.87,21.12,21.26,88026300
2011-01-07,21.68,21.79,21.42,21.71,73762000
2011-01-10,21.39,21.53,21.26,21.42,57573600
2011-01-11,21.31,21.42,21.26,21.38,50298900
2011-01-12,21.64,21.67,21.28,21.32,52631100
2011-01-13,21.37,21.52,21.23,21.48,67077600
2011-01-14,21.45,21.51,21.16,21.29,62688400
2011-01-18,21.73,21.79,21.33,21.35,53322700
2011-01-19,21.58,21.74,21.43,21.58,50005900
2011-01-20,21.49,21.64,21.33,21.61,58613600
2011-01-21,21.24,21.55,21.24,21.53,58080300
2011-01-24,21.51,21.65,21.22,21.24,52047800
2011-01-25,21.57,21.57,21.32,21.33,42436600
2011-01-26,21.82,21.98,21.61,21.61,74628800
2011-01-27,21.89,22.33,21.60,21.80,146938600
2011-01-28,21.04,21.93,20.81,21.91,141249400
2011-01-31,21.02,21.15,20.79,21.05,65029000
2011-02-01,21.22,21.27,20.93,21.07,62810700
2011-02-02,21.18,21.31,21.14,21.17,45824000
2011-02-03,20.96,21.20,20.88,21.20,60340100
2011-02-04,21.05,21.11,20.86,21.00,40412200
2011-02-07,21.38,21.48,21.07,21.07,68980900
2011-02-08,21.44,21.48,21.26,21.30,34904200
2011-02-09,21.20,21.42,21.16,21.37,52905100
2011-02-10,20.85,21.18,20.69,21.17,76672400
2011-02-11,20.66,21.08,20.52,21.04,83939700
2011-02-14,20.64,20.67,20.43,20.63,56766200
2011-02-15,20.56,20.84,20.55,20.62,44116500
2011-02-16,20.60,20.64,20.28,20.63,70817900
2011-02-17,20.75,20.87,20.52,20.57,57207300
2011-02-18,20.64,20.75,20.58,20.69,68667800
2011-02-22,20.28,20.67,20.22,20.42,60889000
2011-02-23,20.28,20.48,20.15,20.23,60234100
2011-02-24,20.41,20.64,20.21,20.31,64494200
2011-02-25,20.25,20.55,20.21,20.52,53006300
2011-02-28,20.27,20.48,20.22,20.35,51379900
2011-03-01,19.95,20.42,19.94,20.28,60055000
2011-03-02,19.89,20.11,19.86,19.91,48658200
2011-03-03,19.98,20.13,19.96,20.03,68271500
2011-03-04,19.79,20.01,19.67,19.99,70437200
2011-03-07,19.61,20.03,19.48,19.93,64980400
2011-03-08,19.76,19.84,19.56,19.65,50549800
2011-03-09,19.74,19.81,19.57,19.68,39789100
2011-03-10,19.38,19.61,19.33,19.54,66549500
2011-03-11,19.58,19.71,19.34,19.38,49905800
2011-03-14,19.59,19.64,19.33,19.44,54473400
2011-03-15,19.36,19.42,19.06,19.13,76067300
2011-03-16,18.90,19.28,18.82,19.23,100725400
2011-03-17,18.90,19.23,18.87,19.11,62497000
2011-03-18,18.91,19.20,18.91,19.11,85486700
2011-03-21,19.32,19.51,19.18,19.20,46878100
2011-03-22,19.29,19.42,19.24,19.29,30895600
2011-03-23,19.48,19.53,19.20,19.24,43969000
2011-03-24,19.68,19.73,19.45,19.52,38696700
2011-03-25,19.54,19.79,19.51,19.77,57029800
2011-03-28,19.38,19.61,19.35,19.57,48973200
2011-03-29,19.44,19.46,19.29,19.32,40763500
2011-03-30,19.53,19.61,19.45,19.52,41999300
2011-03-31,19.36,19.58,19.32,19.52,63233700
2011-04-01,19.43,19.47,19.30,19.47,63114200
2011-04-04,19.48,19.57,19.38,19.41,35433700
2011-04-05,19.66,19.96,19.63,19.69,73651100
2011-04-06,19.94,20.06,19.72,19.81,65581400
2011-04-07,19.98,20.03,19.80,19.97,46134700
2011-04-08,19.88,20.04,19.80,19.96,39887600
2011-04-11,19.81,20.02,19.67,19.97,34286300
2011-04-12,19.55,19.71,19.48,19.70,36920400
2011-04-13,19.54,19.73,19.49,19.56,38144700
2011-04-14,19.38,19.40,19.13,19.38,55239900
2011-04-15,19.35,19.49,19.20,19.42,65080400
2011-04-18,19.13,19.28,18.85,19.14,58045100
2011-04-19,19.18,19.19,18.97,19.06,38892400
2011-04-20,19.64,19.83,19.45,19.48,61608600
2011-04-21,19.46,19.74,19.34,19.67,46892300
2011-04-25,19.53,19.54,19.32,19.49,33525100
2011-04-26,19.97,20.16,19.58,19.63,69200000
2011-04-27,20.12,20.12,19.93,20.06,52689000
2011-04-28,20.37,20.49,20.13,20.18,80200000
2011-04-29,19.77,20.31,19.34,20.25,319317900
2011-05-02,19.57,19.83,19.43,19.78,89825600
2011-05-03,19.68,19.71,19.44,19.52,71892900
2011-05-04,19.87,20.02,19.67,19.71,73292300
2011-05-05,19.67,19.89,19.58,19.87,55600000
2011-05-06,19.73,19.99,19.64,19.88,55993000
2011-05-09,19.70,19.80,19.58,19.67,38696400
2011-05-10,19.58,19.71,19.25,19.35,120798700
2011-05-11,19.34,19.57,19.22,19.56,78600000
2011-05-12,19.31,19.36,19.14,19.33,77400000
2011-05-13,19.09,19.31,19.03,19.28,66812300
2011-05-16,18.74,19.12,18.68,19.03,91350900
2011-05-17,18.82,18.96,18.63,18.73,82882100
2011-05-18,18.95,18.99,18.61,18.83,53931100
2011-05-19,18.97,19.10,18.81,19.07,37783600
2011-05-20,18.80,19.09,18.76,18.97,45451500
2011-05-23,18.55,18.61,18.44,18.58,52692500
2011-05-24,18.54,18.64,18.45,18.58,47691800
2011-05-25,18.57,18.66,18.54,18.55,34904200
2011-05-26,18.94,19.21,18.67,18.69,78016600
2011-05-27,19.01,19.11,18.92,18.94,50251000
2011-05-31,19.20,19.24,18.96,19.16,60196300
2011-06-01,18.75,19.27,18.71,19.18,74033500
2011-06-02,18.59,18.92,18.56,18.80,51487800
2011-06-03,18.35,18.53,18.30,18.46,60697700
2011-06-06,18.43,18.61,18.25,18.34,54778700
2011-06-07,18.47,18.55,18.34,18.49,41112600
2011-06-08,18.38,18.44,18.31,18.34,42205000
2011-06-09,18.39,18.45,18.28,18.43,42878700
2011-06-10,18.20,18.44,18.18,18.44,49327200
2011-06-13,18.45,18.57,18.19,18.26,47572500
2011-06-14,18.59,18.77,18.57,18.65,42894500
2011-06-15,18.22,18.43,18.17,18.42,49410200
2011-06-16,18.42,18.50,18.15,18.23,57184100
2011-06-17,18.62,18.65,18.41,18.59,83320400
2011-06-20,18.78,18.93,18.54,18.55,54338400
2011-06-21,19.01,19.08,18.73,18.82,49708700
2011-06-22,18.92,19.04,18.87,18.88,44287300
2011-06-23,18.91,18.92,18.58,18.76,59470400
2011-06-24,18.65,18.84,18.57,18.81,101387200
2011-06-27,19.34,19.54,18.60,18.60,92044200
2011-06-28,19.80,19.90,19.31,19.42,81032100
2011-06-29,19.67,19.73,19.47,19.73,66051000
2011-06-30,19.96,19.96,19.70,19.76,52535400
2011-07-01,19.97,20.09,19.83,19.90,52906200
2011-07-05,19.98,20.07,19.88,20.03,37805300
2011-07-06,20.21,20.24,19.93,19.93,48744200
2011-07-07,20.55,20.63,20.23,20.33,51946500
2011-07-08,20.66,20.71,20.35,20.37,58320700
2011-07-11,20.44,20.57,20.33,20.43,43999800
2011-07-12,20.37,20.56,20.22,20.38,47319300
2011-07-13,20.44,20.69,20.35,20.42,40861800
2011-07-14,20.32,20.73,20.23,20.43,46382300
2011-07-15,20.56,20.67,20.32,20.32,49132400
2011-07-18,20.41,20.65,20.16,20.44,44501900
2011-07-19,21.14,21.22,20.56,20.58,86730600
2011-07-20,20.77,20.99,20.71,20.94,49795400
2011-07-21,20.80,20.96,20.46,20.76,81737400
2011-07-22,21.13,21.15,20.48,20.62,76380600
2011-07-25,21.42,21.56,20.87,20.92,108482400
2011-07-26,21.55,21.61,21.32,21.35,74636500
2011-07-27,20.98,21.48,20.88,21.40,71488700
2011-07-28,21.28,21.55,20.89,20.95,83761400
2011-07-29,21.03,21.27,20.92,21.12,104394800
2011-08-01,20.93,21.25,20.53,21.12,61838400
2011-08-02,20.57,21.07,20.54,20.71,63883100
2011-08-03,20.66,20.72,20.33,20.59,64581200
2011-08-04,19.91,20.62,19.90,20.36,92949500
2011-08-05,19.71,20.03,19.37,19.93,112071700
2011-08-08,18.79,19.65,18.72,19.20,134257200
2011-08-09,19.63,19.67,18.44,18.97,126268900
2011-08-10,18.58,19.26,18.50,19.15,127819900
2011-08-11,19.34,19.48,18.73,18.81,90690100
2011-08-12,19.27,19.45,18.92,19.29,64787100
2011-08-15,19.58,19.63,19.30,19.37,56529400
2011-08-16,19.58,19.77,19.35,19.48,54251500
2011-08-17,19.50,19.85,19.26,19.50,50923700
2011-08-18,19.06,19.38,18.56,18.98,105714200
2011-08-19,18.58,19.02,18.47,18.85,77397900
2011-08-22,18.52,18.92,18.38,18.86,54721000
2011-08-23,19.09,19.12,18.56,18.56,59670600
2011-08-24,19.23,19.26,18.86,19.04,45329700
2011-08-25,18.98,19.43,18.92,19.37,48192000
2011-08-26,19.50,19.57,18.86,18.93,71957000
2011-08-29,19.96,19.97,19.60,19.72,38863200
2011-08-30,20.26,20.41,19.85,19.87,57341400
2011-08-31,20.55,20.63,20.28,20.31,59300800
2011-09-01,20.25,20.75,20.25,20.44,60510800
2011-09-02,19.93,20.08,19.82,19.91,43894400
2011-09-06,19.70,19.77,19.40,19.46,54929300
2011-09-07,20.08,20.08,19.75,19.84,41961000
2011-09-08,20.25,20.59,20.04,20.08,65811900
2011-09-09,19.88,20.22,19.70,20.08,64529200
2011-09-12,20.00,20.03,19.52,19.65,55046100
2011-09-13,20.11,20.23,19.94,20.02,48792300
2011-09-14,20.47,20.70,20.00,20.21,66739200
2011-09-15,20.85,20.88,20.32,20.65,67808300
2011-09-16,20.95,21.06,20.72,20.89,89681500
2011-09-19,21.02,21.09,20.55,20.70,52324900
2011-09-20,20.84,21.24,20.80,21.09,49211900
2011-09-21,20.08,20.90,20.06,20.89,72750700
2011-09-22,19.36,19.81,19.00,19.54,96278300
2011-09-23,19.36,19.43,19.07,19.23,64768100
2011-09-26,19.65,19.71,19.10,19.46,51057600
2011-09-27,19.83,20.02,19.66,19.82,55620700
2011-09-28,19.76,20.37,19.70,20.03,60736200
2011-09-29,19.66,20.21,19.38,20.07,63407300
2011-09-30,19.23,19.70,19.22,19.46,54060500
2011-10-03,18.95,19.57,18.94,19.09,64592500
2011-10-04,19.57,19.61,18.74,18.77,83485400
2011-10-05,20.00,20.21,19.43,19.63,94061300
2011-10-06,20.35,20.39,19.85,20.01,55111400
2011-10-07,20.28,20.48,20.24,20.35,52741600
2011-10-10,20.81,20.83,20.45,20.53,41815300
2011-10-11,20.86,20.91,20.64,20.75,38826200
2011-10-12,20.82,21.09,20.78,20.99,52489800
2011-10-13,20.99,21.01,20.56,20.67,43823500
2011-10-14,21.06,21.24,20.87,21.09,50947700
2011-10-17,20.84,21.18,20.74,20.94,39453300
2011-10-18,21.09,21.16,20.70,20.81,52487900
2011-10-19,20.96,21.22,20.86,21.14,42880000
2011-10-20,20.89,21.12,20.39,21.06,76300200
2011-10-21,20.98,21.00,20.70,20.97,76620600
2011-10-24,21.00,21.16,20.89,20.90,56897800
2011-10-25,20.71,21.03,20.64,20.92,53554600
2011-10-26,20.54,20.90,20.16,20.88,63029900
2011-10-27,21.05,21.16,20.58,20.96,74512400
2011-10-28,20.84,21.00,20.69,20.96,57712100
2011-10-31,20.57,20.86,20.56,20.67,46799000
2011-11-01,20.08,20.33,19.97,20.23,61182600
2011-11-02,20.09,20.24,19.85,20.16,53533100
2011-11-03,20.49,20.54,20.07,20.27,65836100
2011-11-04,20.28,20.39,20.08,20.38,36549200
2011-11-07,20.70,20.72,20.18,20.25,42589700
2011-11-08,20.98,21.01,20.62,20.86,47822500
2011-11-09,20.24,20.66,20.13,20.54,62950900
2011-11-10,20.30,20.47,20.18,20.45,32514400
2011-11-11,20.79,20.92,20.52,20.53,37903000
2011-11-14,20.67,20.86,20.58,20.76,34199200
2011-11-15,20.81,20.97,20.55,20.67,43874200
2011-11-16,20.29,20.63,20.27,20.60,53262800
2011-11-17,19.88,20.27,19.80,20.24,70977500
2011-11-18,19.69,19.84,19.57,19.83,47626200
2011-11-21,19.46,19.65,19.38,19.64,61882500
2011-11-22,19.29,19.42,19.18,19.37,49204500
2011-11-23,19.04,19.29,19.04,19.15,49099700
2011-11-25,18.91,19.20,18.91,18.97,26164600
2011-11-28,19.35,19.43,19.21,19.41,46766700
2011-11-29,19.33,19.49,19.26,19.32,40917100
2011-11-30,19.91,19.91,19.56,19.74,81350900
2011-12-01,19.67,19.95,19.61,19.89,48545400
2011-12-02,19.63,19.94,19.58,19.91,52293800
2011-12-05,20.00,20.08,19.84,20.06,56818400
2011-12-06,19.97,20.13,19.93,20.09,46175300
2011-12-07,19.92,20.05,19.72,19.98,62667000
2011-12-08,19.77,20.02,19.74,19.83,60522200
2011-12-09,20.00,20.13,19.84,19.86,53788500
2011-12-12,19.85,19.90,19.68,19.77,38945900
2011-12-13,20.05,20.31,19.96,20.04,54581100
2011-12-14,19.91,20.13,19.90,20.02,47926400
2011-12-15,19.89,20.14,19.88,20.02,46213900
2011-12-16,20.23,20.37,19.95,19.98,101408100
2011-12-19,19.87,20.33,19.81,20.25,52258300
2011-12-20,20.26,20.31,20.09,20.13,60767600
2011-12-21,20.05,20.38,19.80,20.24,64132500
2011-12-22,20.09,20.13,19.83,20.09,35794100
2011-12-23,20.26,20.27,20.02,20.16,23205800
2011-12-27,20.27,20.34,20.18,20.20,21287200
2011-12-28,20.09,20.35,20.05,20.32,29822500
2011-12-29,20.25,20.27,20.13,20.20,22616900
2011-12-30,20.20,20.33,20.16,20.23,27395700
2012-01-03,20.83,20.98,20.54,20.66,64731500
2012-01-04,21.32,21.38,20.84,20.87,80516100
2012-01-05,21.54,21.58,21.24,21.31,56081400
2012-01-06,21.88,21.94,21.42,21.42,99455500
2012-01-09,21.59,21.87,21.57,21.83,59706800
2012-01-10,21.67,21.91,21.60,21.74,60014400
2012-01-11,21.57,21.77,21.30,21.35,65582400
2012-01-12,21.79,21.81,21.52,21.69,49370800
2012-01-13,21.99,21.99,21.63,21.74,60196100
2012-01-17,21.99,22.30,21.92,22.10,72395300
2012-01-18,21.97,22.10,21.77,22.03,64860600
2012-01-19,21.88,22.13,21.81,21.92,74053500
2012-01-20,23.12,23.14,22.37,22.43,165902900
2012-01-23,23.14,23.31,22.84,23.00,76078100
2012-01-24,22.83,23.01,22.71,22.93,51703300
2012-01-25,23.00,23.07,22.62,22.62,59231700
2012-01-26,22.96,23.11,22.88,23.04,49102800
2012-01-27,22.75,22.98,22.70,22.92,44187700
2012-01-30,23.04,23.05,22.44,22.55,51114800
2012-01-31,22.98,23.11,22.75,23.08,50572400
2012-02-01,23.26,23.39,23.16,23.18,67409900
2012-02-02,23.31,23.48,23.12,23.27,52223300
2012-02-03,23.53,23.66,23.42,23.46,41838500
2012-02-06,23.50,23.52,23.32,23.38,28039700
2012-02-07,23.62,23.73,23.39,23.46,39242400
2012-02-08,23.86,23.87,23.52,23.55,49659100
2012-02-09,23.95,23.97,23.72,23.88,50481600
2012-02-10,23.74,23.97,23.63,23.85,44605300
2012-02-13,23.80,23.95,23.68,23.84,33319800
2012-02-14,23.70,23.86,23.38,23.76,59644000
2012-02-15,23.54,23.81,23.52,23.76,43311300
2012-02-16,24.51,24.71,23.74,23.74,94705100
2012-02-17,24.48,24.53,24.24,24.44,70036500
2012-02-21,24.63,24.76,24.40,24.43,50829900
2012-02-22,24.50,24.82,24.43,24.64,49253200
2012-02-23,24.57,24.75,24.28,24.44,35034700
2012-02-24,24.66,24.68,24.47,24.66,35575400
2012-02-27,24.56,24.68,24.36,24.47,34568400
2012-02-28,24.97,25.01,24.58,24.61,45230600
2012-02-29,24.86,25.07,24.76,24.98,59323600
2012-03-01,25.29,25.37,24.95,25.01,77344100
2012-03-02,25.13,25.41,25.07,25.31,47314200
2012-03-05,24.91,25.11,24.77,25.08,45240000
2012-03-06,24.72,25.05,24.67,24.71,51932900
2012-03-07,24.94,25.00,24.70,24.81,34340400
2012-03-08,25.08,25.23,24.99,25.10,36747400
2012-03-09,25.06,25.19,25.00,25.15,34628400
2012-03-12,25.10,25.22,24.93,25.04,34073600
2012-03-13,25.59,25.61,25.18,25.26,48951700
2012-03-14,25.67,25.76,25.45,25.48,41986900
2012-03-15,25.73,25.80,25.52,25.69,49068300
2012-03-16,25.54,25.81,25.46,25.78,65626400
2012-03-19,25.22,25.55,25.18,25.49,44789200
2012-03-20,25.06,25.18,24.86,25.15,41566800
2012-03-21,25.00,25.18,24.93,25.04,37928600
2012-03-22,25.07,25.14,24.90,24.92,31749500
2012-03-23,25.08,25.15,24.85,25.15,35912200
2012-03-26,25.53,25.55,25.18,25.22,36758300
2012-03-27,25.47,25.62,25.38,25.58,36274900
2012-03-28,25.22,25.62,25.10,25.47,41344800
2012-03-29,25.16,25.22,24.92,25.11,37038500
2012-03-30,25.27,25.39,25.10,25.38,31749400
2012-04-02,25.29,25.43,25.03,25.24,35853600
2012-04-03,25.02,25.22,24.80,25.19,42752100
2012-04-04,24.45,24.82,24.32,24.80,49455900
2012-04-05,24.69,24.78,24.32,24.40,50368600
2012-04-09,24.36,24.60,24.26,24.46,31056400
2012-04-10,23.87,24.43,23.74,24.33,54131300
2012-04-11,23.77,23.92,23.68,23.84,43014000
2012-04-12,24.27,24.32,23.83,23.88,38304000
2012-04-13,24.14,24.41,24.06,24.20,39749200
2012-04-16,24.35,24.43,24.10,24.28,38124800
2012-04-17,24.63,24.76,24.44,24.50,34361500
2012-04-18,24.39,24.53,24.32,24.50,40552900
2012-04-19,24.29,24.82,24.24,24.39,54781200
2012-04-20,25.40,25.76,25.11,25.18,106045000
2012-04-23,25.16,25.46,25.09,25.31,61398200
2012-04-24,25.00,25.47,24.93,25.23,40871100
2012-04-25,25.22,25.32,24.97,25.00,62495500
2012-04-26,25.15,25.25,25.00,25.16,40308100
2012-04-27,25.05,25.24,24.97,25.16,41419100
2012-04-30,25.08,25.15,25.00,25.05,35697200
2012-05-01,25.08,25.33,25.03,25.11,43832300
2012-05-02,24.91,25.01,24.79,24.95,37385300
2012-05-03,24.88,24.99,24.76,24.97,31501300
2012-05-04,24.27,24.73,24.22,24.64,57927200
2012-05-07,24.01,24.17,23.95,24.05,48641400
2012-05-08,23.89,24.11,23.63,23.88,46328300
2012-05-09,24.10,24.15,23.58,23.65,50309300
2012-05-10,24.08,24.30,23.85,24.17,43839200
2012-05-11,24.41,24.71,24.04,24.04,43459300
2012-05-14,24.03,24.32,24.00,24.14,40528900
2012-05-15,23.82,24.29,23.77,24.16,61822800
2012-05-16,23.58,23.91,23.45,23.90,60083700
2012-05-17,23.43,23.82,23.43,23.65,48484000
2012-05-18,23.08,23.51,23.00,23.49,56205300
2012-05-21,23.46,23.49,22.91,22.95,38787900
2012-05-22,23.47,23.56,23.26,23.41,39504900
2012-05-23,22.95,23.18,22.58,23.14,65171000
2012-05-24,22.92,23.10,22.68,22.99,52575000
2012-05-25,22.91,23.15,22.87,23.02,29507200
2012-05-29,23.31,23.43,23.04,23.17,37758800
2012-05-30,23.13,23.24,22.96,23.14,41585500
2012-05-31,23.02,23.20,22.82,23.10,39134000
2012-06-01,22.43,22.83,22.42,22.68,56634300
2012-06-04,22.51,22.69,22.33,22.57,47926300
2012-06-05,22.48,22.67,22.39,22.48,45715400
2012-06-06,23.14,23.16,22.72,22.77,46860500
2012-06-07,23.05,23.42,23.00,23.37,37792800
2012-06-08,23.38,23.40,22.91,23.03,42551100
2012-06-11,22.79,23.51,22.72,23.44,46361900
2012-06-12,23.10,23.10,22.74,22.95,35337900
2012-06-13,22.97,23.21,22.91,23.04,32984600
2012-06-14,23.13,23.23,22.77,23.13,39458900
2012-06-15,23.67,23.72,23.25,23.33,62314400
2012-06-18,23.53,23.68,23.43,23.65,58679900
2012-06-19,24.21,24.53,23.69,23.80,75725800
2012-06-20,24.39,24.48,24.16,24.39,36257100
2012-06-21,23.77,24.55,23.70,24.41,48456600
2012-06-22,24.21,24.23,23.68,23.89,45098100
2012-06-25,23.55,23.91,23.36,23.89,42217200
2012-06-26,23.67,23.87,23.61,23.65,38421300
2012-06-27,23.79,24.05,23.68,23.80,33781700
2012-06-28,23.58,23.69,23.20,23.64,45328400
2012-06-29,24.12,24.20,23.77,24.01,55227200
2012-07-02,24.10,24.14,23.82,24.14,30589100
2012-07-03,24.25,24.25,23.79,23.84,20938100
2012-07-05,24.21,24.27,23.95,24.12,28801900
2012-07-06,23.80,24.21,23.62,24.14,38294800
2012-07-09,23.65,23.84,23.48,23.75,30680800
2012-07-10,23.45,23.83,23.27,23.72,37534100
2012-07-11,23.10,23.45,22.95,23.43,39184900
2012-07-12,22.57,23.01,22.50,22.98,63523600
2012-07-13,23.17,23.24,22.65,22.68,39085000
2012-07-16,23.21,23.28,22.90,23.24,27900600
2012-07-17,23.39,23.54,23.02,23.37,33771300
2012-07-18,24.01,24.01,23.23,23.34,41090400
2012-07-19,24.18,24.29,23.95,24.06,46663200
2012-07-20,23.75,24.48,23.69,24.44,64021700
2012-07-23,23.09,23.32,22.87,23.32,55151900
2012-07-24,22.98,23.15,22.79,23.06,47723300
2012-07-25,22.73,23.13,22.69,23.06,45579500
2012-07-26,22.99,23.26,22.94,23.05,45301400
2012-07-27,23.47,23.54,23.01,23.24,44242600
2012-07-30,23.37,23.51,23.23,23.46,28905000
2012-07-31,23.24,23.43,23.13,23.24,37620900
2012-08-01,23.19,23.38,23.03,23.33,31721800
2012-08-02,23.02,23.28,22.84,23.03,39520500
2012-08-03,23.46,23.61,23.24,23.28,35859400
2012-08-06,23.62,23.74,23.51,23.65,27471800
2012-08-07,23.86,23.93,23.55,23.71,28002900
2012-08-08,23.92,24.03,23.74,23.82,26257600
2012-08-09,24.05,24.17,23.89,23.96,24920800
2012-08-10,23.99,24.14,23.85,24.05,27810300
2012-08-13,23.96,24.02,23.78,23.93,23049100
2012-08-14,23.91,24.12,23.82,24.05,34551400
2012-08-15,23.97,24.03,23.83,23.90,24351000
2012-08-16,24.43,24.56,24.02,24.10,35787200
2012-08-17,24.53,24.54,24.28,24.54,32589900
2012-08-20,24.40,24.49,24.27,24.46,23737700
2012-08-21,24.45,24.57,24.30,24.41,28822700
2012-08-22,24.24,24.41,24.18,24.28,33437400
2012-08-23,24.02,24.13,23.88,24.12,28355600
2012-08-24,24.26,24.31,23.95,24.01,22943300
2012-08-27,24.36,24.57,24.28,24.55,34691100
2012-08-28,24.31,24.45,24.22,24.37,23947900
2012-08-29,24.33,24.41,24.16,24.33,23346800
2012-08-30,24.07,24.30,23.99,24.23,23982100
2012-08-31,24.46,24.57,24.11,24.29,36590100
2012-09-04,24.12,24.34,23.93,24.17,48556700
2012-09-05,24.12,24.23,23.98,23.99,33650000
2012-09-06,24.88,24.89,24.18,24.21,48371700
2012-09-07,24.57,24.66,24.39,24.64,42649100
2012-09-10,24.38,24.53,24.22,24.47,40524000
2012-09-11,24.44,24.53,24.30,24.36,25191800
2012-09-12,24.43,24.75,24.39,24.56,32775800
2012-09-13,24.56,24.75,24.13,24.52,45047300
2012-09-14,24.77,24.80,24.45,24.61,51422800
2012-09-17,24.77,24.81,24.64,24.76,36488500
2012-09-18,24.75,24.77,24.63,24.68,34542700
2012-09-19,24.64,24.76,24.64,24.68,48871900
2012-09-20,24.96,24.99,24.53,24.57,45543000
2012-09-21,24.76,25.09,24.68,24.95,102348900
2012-09-24,24.43,24.66,24.32,24.61,46825900
2012-09-25,24.12,24.61,24.10,24.57,54266400
2012-09-26,23.95,24.29,23.84,24.03,54672000
2012-09-27,23.94,24.13,23.72,23.95,47129900
2012-09-28,23.62,24.02,23.61,23.95,54229300
2012-10-01,23.41,23.80,23.35,23.66,54042700
2012-10-02,23.54,23.72,23.41,23.56,43338900
2012-10-03,23.70,23.80,23.55,23.61,46655900
2012-10-04,23.84,23.84,23.47,23.79,43634900
2012-10-05,23.69,24.01,23.61,23.99,41133900
2012-10-08,23.64,23.75,23.45,23.53,29752000
2012-10-09,23.24,23.61,23.16,23.56,45121100
2012-10-10,23.00,23.26,22.98,23.14,47227100
2012-10-11,22.98,23.22,22.91,23.19,41488500
2012-10-12,23.18,23.27,22.86,22.99,46464700
2012-10-15,23.42,23.59,23.22,23.31,42440200
2012-10-16,23.41,23.61,23.27,23.38,47739400
2012-10-17,23.49,23.53,23.09,23.26,44206100
2012-10-18,23.41,23.60,23.22,23.53,59238500
2012-10-19,22.73,23.08,22.62,23.06,90470800
2012-10-22,22.22,22.88,22.09,22.80,83374000
2012-10-23,22.26,22.38,22.03,22.04,64414800
2012-10-24,22.14,22.38,22.12,22.35,53320400
2012-10-25,22.13,22.38,22.11,22.37,54084300
2012-10-26,22.39,22.49,22.10,22.11,57790000
2012-10-31,22.65,22.92,22.62,22.66,69464100
2012-11-01,23.43,23.46,22.87,22.89,72047900
2012-11-02,23.41,23.63,23.28,23.49,57131600
2012-11-05,23.52,23.61,23.28,23.51,38070800
2012-11-06,23.70,23.97,23.50,23.67,43401500
2012-11-07,23.08,23.68,23.06,23.44,57871800
2012-11-08,22.87,23.31,22.86,23.11,49841800
2012-11-09,22.88,23.17,22.87,22.92,43291200
2012-11-12,22.40,23.03,22.39,22.97,61112300
2012-11-13,21.68,21.85,21.41,21.62,131689200
2012-11-14,21.48,21.84,21.45,21.80,76086100
2012-11-15,21.33,21.58,21.31,21.51,50955600
2012-11-16,21.22,21.37,21.08,21.34,64083300
2012-11-19,21.39,21.45,21.18,21.45,57179300
2012-11-20,21.37,21.45,21.17,21.41,47070400
2012-11-21,21.57,21.74,21.34,21.37,66360300
2012-11-23,22.17,22.22,21.77,21.79,57845700
2012-11-26,21.92,22.07,21.74,22.04,85198700
2012-11-27,21.67,21.91,21.64,21.89,45018600
2012-11-28,21.89,21.92,21.42,21.61,53018400
2012-11-29,21.57,21.89,21.49,21.69,69551400
2012-11-30,21.30,21.71,21.20,21.65,83690200
2012-12-03,21.15,21.46,21.13,21.43,53173800
2012-12-04,21.10,21.31,21.08,21.21,49777500
2012-12-05,21.34,21.55,21.01,21.11,68283800
2012-12-06,21.39,21.59,21.29,21.45,39182300
2012-12-07,21.17,21.46,21.10,21.46,46162100
2012-12-10,21.56,21.58,21.22,21.25,47031100
2012-12-11,21.86,22.00,21.65,21.65,52282800
2012-12-12,21.80,22.10,21.67,22.03,43966300
2012-12-13,21.69,22.02,21.57,21.86,45080100
2012-12-14,21.45,21.71,21.37,21.69,42077500
2012-12-17,21.69,21.78,21.35,21.44,42046100
2012-12-18,22.05,22.11,21.72,21.81,50486900
2012-12-19,21.85,22.19,21.81,22.16,53519900
2012-12-20,22.15,22.15,21.73,21.89,52607300
2012-12-21,21.97,22.00,21.61,21.97,98776500
2012-12-24,21.65,21.81,21.61,21.77,20842400
2012-12-26,21.49,21.77,21.37,21.63,31631100
2012-12-27,21.57,21.68,21.26,21.52,39394000
2012-12-28,21.25,21.53,21.25,21.37,28239900
2012-12-31,21.37,21.42,21.10,21.28,42749500
2013-01-02,22.10,22.19,21.73,21.81,52899300
2013-01-03,21.81,22.13,21.73,22.11,48294400
2013-01-04,21.40,21.88,21.39,21.82,52521100
2013-01-07,21.36,21.51,21.32,21.42,37110400
2013-01-08,21.25,21.44,21.17,21.41,44703100
2013-01-09,21.37,21.41,21.25,21.38,49047900
2013-01-10,21.17,21.59,21.04,21.33,71431300
2013-01-11,21.47,21.55,21.03,21.20,55512100
2013-01-14,21.52,21.67,21.41,21.53,48324400
2013-01-15,21.77,21.84,21.47,21.47,48244500
2013-01-16,21.64,21.79,21.61,21.73,41077400
2013-01-17,21.81,21.98,21.65,21.76,51685900
2013-01-18,21.81,21.84,21.64,21.69,52167700
2013-01-22,21.73,21.97,21.61,21.85,58650600
2013-01-23,22.09,22.12,21.77,21.77,50387700
2013-01-24,22.11,22.46,21.98,22.17,101739300
2013-01-25,22.31,22.59,21.92,22.07,81847700
2013-01-28,22.33,22.59,22.21,22.41,56056500
2013-01-29,22.41,22.51,22.09,22.26,49242600
2013-01-30,22.29,22.56,22.21,22.41,43580500
2013-01-31,21.97,22.38,21.93,22.24,50530000
2013-02-01,22.35,22.45,22.05,22.14,55565900
2013-02-04,21.96,22.42,21.94,22.30,50540000
2013-02-05,22.01,22.13,21.89,22.10,35410400
2013-02-06,21.88,22.04,21.81,21.91,41889600
2013-02-07,21.83,21.92,21.69,21.89,38028300
2013-02-08,22.05,22.17,21.85,21.89,33318500
2013-02-11,22.29,22.34,22.01,22.13,32247700
2013-02-12,22.31,22.41,22.21,22.31,35990900
2013-02-13,22.43,22.49,22.31,22.35,41715600
2013-02-14,22.44,22.45,22.30,22.34,32663200
2013-02-15,22.41,22.53,22.31,22.44,49650900
2013-02-19,22.63,22.66,22.43,22.50,38781400
2013-02-20,22.49,22.75,22.46,22.70,44110200
2013-02-21,22.18,22.38,21.97,22.38,49078500
2013-02-22,22.40,22.40,22.17,22.33,31425900
2013-02-25,22.08,22.63,22.08,22.57,48011800
2013-02-26,22.08,22.27,22.06,22.09,49923300
2013-02-27,22.44,22.59,22.05,22.12,36394700
2013-02-28,22.43,22.57,22.38,22.50,35840200
2013-03-01,22.55,22.58,22.20,22.37,34849700
2013-03-04,22.71,22.71,22.35,22.47,38157500
2013-03-05,22.87,23.03,22.72,22.83,41432200
2013-03-06,22.66,22.78,22.41,22.76,51448500
2013-03-07,22.71,22.82,22.60,22.68,29196700
2013-03-08,22.59,22.86,22.56,22.79,37667800
2013-03-11,22.49,22.57,22.33,22.54,36627500
2013-03-12,22.52,22.55,22.30,22.46,39255200
2013-03-13,22.53,22.61,22.39,22.49,29093400
2013-03-14,22.71,22.72,22.54,22.59,55914800
2013-03-15,22.62,22.72,22.58,22.62,92710300
2013-03-18,22.67,22.82,22.44,22.50,44809400
2013-03-19,22.74,22.77,22.62,22.69,51901600
2013-03-20,22.85,22.99,22.74,22.87,35447800
2013-03-21,22.68,22.88,22.63,22.68,34233200
2013-03-22,22.79,22.87,22.67,22.75,28720900
2013-03-25,22.72,22.87,22.56,22.83,44154000
2013-03-26,22.72,22.87,22.68,22.79,27824300
2013-03-27,22.89,22.96,22.66,22.71,36047400
2013-03-28,23.08,23.12,22.80,22.85,55453800
2013-04-01,23.08,23.12,22.88,23.11,29201100
2013-04-02,23.24,23.28,23.01,23.07,28456500
2013-04-03,23.04,23.36,23.03,23.20,35062800
2013-04-04,23.08,23.08,22.81,22.91,45263200
2013-04-05,23.16,23.22,22.68,22.77,50927300
2013-04-08,23.07,23.18,22.97,23.18,34759500
2013-04-09,23.89,24.06,23.14,23.18,77733800
2013-04-10,24.43,24.46,23.82,23.86,71116700
2013-04-11,23.35,23.56,23.18,23.48,130923200
2013-04-12,23.23,23.42,23.12,23.28,62886300
2013-04-15,23.15,23.38,23.00,23.12,56332900
2013-04-16,23.37,23.51,23.16,23.32,52797300
2013-04-17,23.26,23.43,23.08,23.28,52840700
2013-04-18,23.23,23.38,23.00,23.36,56906600
2013-04-19,24.02,24.40,23.89,23.90,99790700
2013-04-22,24.88,25.16,24.42,24.45,137904000
2013-04-23,24.69,24.93,24.51,24.77,59126900
2013-04-24,25.63,25.76,24.69,24.71,90946600
2013-04-25,25.77,26.50,25.45,25.59,110700200
2013-04-26,25.65,25.80,25.38,25.74,47799300
2013-04-29,26.31,26.37,25.63,25.66,59116400
2013-04-30,26.71,26.72,26.05,26.27,75165200
2013-05-01,26.40,26.69,26.30,26.57,54330900
2013-05-02,26.76,26.76,26.13,26.33,46059500
2013-05-03,27.02,27.05,26.69,26.81,46784600
2013-05-06,27.23,27.36,26.83,26.97,40978300
2013-05-07,26.88,27.26,26.82,27.15,43078300
2013-05-08,26.62,26.82,26.34,26.68,51595700
2013-05-09,26.35,26.63,26.30,26.51,46417800
2013-05-10,26.38,26.40,26.08,26.36,36394900
2013-05-13,26.65,26.68,26.26,26.31,36027600
2013-05-14,27.24,27.24,26.65,26.70,56870100
2013-05-15,27.50,27.54,27.16,27.18,46303900
2013-05-16,27.69,27.75,27.26,27.33,59382900
2013-05-17,28.33,28.33,27.71,27.73,60666700
2013-05-20,28.50,28.52,28.18,28.22,54020800
2013-05-21,28.32,28.66,28.21,28.52,48702400
2013-05-22,28.12,28.31,27.92,28.27,66047500
2013-05-23,27.75,28.07,27.54,27.81,51102700
2013-05-24,27.85,27.85,27.54,27.56,33174400
2013-05-28,28.45,28.58,27.96,27.97,48212100
2013-05-29,28.34,28.45,28.09,28.23,38412200
2013-05-30,28.46,28.64,28.28,28.32,51131000
2013-05-31,28.36,28.67,28.27,28.29,56165700
2013-06-03,28.92,28.95,28.30,28.37,51252600
2013-06-04,28.43,29.04,28.25,28.94,65529500
2013-06-05,28.26,28.35,27.98,28.11,46025100
2013-06-06,28.41,28.53,28.02,28.31,37618500
2013-06-07,28.98,29.07,28.49,28.64,40757300
2013-06-10,28.82,28.97,28.55,28.85,35994500
2013-06-11,28.31,28.58,28.18,28.48,39435900
2013-06-12,28.44,28.66,28.32,28.55,37372700
2013-06-13,28.21,28.45,28.11,28.43,45654900
2013-06-14,27.95,28.19,27.83,28.07,53192600
2013-06-17,28.44,28.57,28.14,28.19,49670100
2013-06-18,28.42,28.58,28.36,28.41,28616500
2013-06-19,28.11,28.51,28.11,28.41,30816200
2013-06-20,27.21,27.89,27.11,27.84,54493700
2013-06-21,27.03,27.41,26.85,27.35,85338500
2013-06-24,27.40,27.79,26.46,26.76,56109000
2013-06-25,27.36,27.93,27.19,27.69,44073400
2013-06-26,27.91,28.02,27.54,27.72,48665900
2013-06-27,28.13,28.26,28.03,28.05,28993100
2013-06-28,28.06,28.27,27.90,27.93,65545500
2013-07-01,27.92,28.43,27.89,28.24,31055400
2013-07-02,27.58,27.98,27.33,27.96,37630000
2013-07-03,27.63,27.93,27.30,27.35,15994400
2013-07-05,27.80,27.82,27.28,27.70,26085900
2013-07-08,27.89,28.11,27.61,27.91,32396900
2013-07-09,27.91,28.11,27.74,28.10,25318500
2013-07-10,28.19,28.28,27.89,27.90,29658800
2013-07-11,29.00,29.06,28.36,28.44,53638300
2013-07-12,28.98,29.03,28.67,28.91,35501200
2013-07-15,29.39,29.43,28.91,28.97,34142600
2013-07-16,29.47,29.60,29.22,29.26,36378500
2013-07-17,29.04,29.57,28.84,29.53,37285100
2013-07-18,28.80,29.16,28.62,29.02,49547100
2013-07-19,25.51,26.55,25.20,26.33,248428500
2013-07-22,26.01,26.01,25.68,25.76,79040700
2013-07-23,25.85,26.03,25.77,25.93,65810400
2013-07-24,25.97,26.16,25.91,26.03,52803100
2013-07-25,25.51,25.72,25.39,25.69,63213000
2013-07-26,25.69,25.69,25.36,25.40,38633600
2013-07-29,25.63,25.68,25.51,25.57,28870700
2013-07-30,25.88,26.10,25.64,25.82,45799500
2013-07-31,25.87,26.04,25.77,25.98,43898400
2013-08-01,25.73,26.07,25.68,26.05,42557900
2013-08-02,25.91,25.92,25.65,25.75,29199900
2013-08-05,25.76,26.00,25.71,25.92,30984000
2013-08-06,25.66,25.73,25.50,25.64,36331500
2013-08-07,26.05,26.08,25.39,25.63,38078600
2013-08-08,26.72,26.87,26.04,26.20,59034400
2013-08-09,26.57,26.73,26.38,26.63,26800700
2013-08-12,26.71,26.79,26.37,26.37,25493700
2013-08-13,26.37,26.63,26.36,26.60,39464100
2013-08-14,26.47,27.30,25.94,26.30,48519600
2013-08-15,26.01,26.33,25.23,26.18,33338000
2013-08-16,26.02,26.18,25.91,26.01,32866300
2013-08-19,25.68,26.16,25.68,25.99,27902500
2013-08-20,25.87,26.10,25.67,25.73,22979600
2013-08-21,25.86,26.19,25.81,25.86,37409100
2013-08-22,26.50,26.58,26.27,26.34,31169900
2013-08-23,28.43,28.80,27.82,28.78,225493800
2013-08-26,27.94,28.37,27.85,28.15,72786800
2013-08-27,27.21,27.90,27.12,27.43,58522300
2013-08-28,27.02,27.49,27.00,27.32,44257400
2013-08-29,27.45,27.49,26.84,26.94,45284700
2013-08-30,27.33,27.40,27.08,27.30,42790200
2013-09-03,26.09,26.24,25.60,25.98,154507000
2013-09-04,25.53,25.75,25.46,25.68,142320600
2013-09-05,25.55,25.73,25.32,25.45,71644900
2013-09-06,25.49,25.68,25.47,25.62,75434900
2013-09-09,25.91,26.01,25.53,25.55,49628500
2013-09-10,26.50,26.51,26.01,26.10,56881200
2013-09-11,26.79,26.94,26.62,26.65,39087500
2013-09-12,26.75,26.82,26.67,26.77,32860200
2013-09-13,27.03,27.06,26.60,26.81,40899000
2013-09-16,26.84,27.41,26.78,27.31,52839700
2013-09-17,26.94,27.39,26.92,27.35,84716500
2013-09-18,27.26,27.33,26.86,26.99,64099900
2013-09-19,27.53,27.56,27.26,27.40,42026600
2013-09-20,26.83,27.40,26.75,27.34,102904900
2013-09-23,26.79,26.98,26.59,26.63,39826100
2013-09-24,26.55,26.90,26.31,26.90,40685000
2013-09-25,26.60,26.84,26.51,26.58,28907500
2013-09-26,26.81,27.00,26.67,26.71,28504000
2013-09-27,27.22,27.62,26.90,26.90,55348000
2013-09-30,27.23,27.26,26.76,27.00,39839500
2013-10-01,27.48,27.50,27.25,27.29,36718700
2013-10-02,27.76,27.85,27.24,27.30,46946800
2013-10-03,27.71,27.82,27.35,27.72,38703800
2013-10-04,27.72,27.81,27.51,27.57,33008100
2013-10-07,27.25,27.58,27.17,27.49,35069300
2013-10-08,27.01,27.27,26.84,27.26,41017600
2013-10-09,27.06,27.29,26.97,27.06,35878600
2013-10-10,27.62,27.73,27.21,27.26,42875100
2013-10-11,27.93,27.94,27.56,27.56,30033300
2013-10-14,28.19,28.23,27.64,27.74,27757900
2013-10-15,28.22,28.63,28.21,28.37,47097800
2013-10-16,28.34,28.56,28.28,28.31,35111600
2013-10-17,28.57,28.63,28.12,28.19,31359200
2013-10-18,28.61,28.63,28.09,28.49,41811700
2013-10-21,28.63,28.80,28.57,28.62,27433500
2013-10-22,28.30,28.72,28.25,28.66,40438500
2013-10-23,27.62,28.22,27.55,28.11,58600500
2013-10-24,27.59,27.90,27.47,27.67,53209700
2013-10-25,29.24,29.69,29.02,29.36,113494000
2013-10-28,29.11,29.24,28.86,29.14,38383600
2013-10-29,29.06,29.23,28.85,29.15,31702200
2013-10-30,29.08,29.29,28.99,29.07,36997700
2013-10-31,28.97,29.20,28.92,29.18,41682300
2013-11-01,29.07,29.20,28.96,29.19,40264600
2013-11-04,29.41,29.44,29.09,29.12,28060700
2013-11-05,29.98,30.04,29.27,29.29,51681900
2013-11-06,31.24,31.27,30.32,30.47,88948800
2013-11-07,30.68,31.10,30.63,31.06,60437400
2013-11-08,30.91,30.91,30.55,30.82,36737800
2013-11-11,30.76,30.91,30.56,30.84,26872500
2013-11-12,30.57,30.77,30.44,30.59,31651600
2013-11-13,31.22,31.22,30.19,30.26,44957600
2013-11-14,31.11,31.20,30.86,30.99,46183700
2013-11-15,30.96,31.11,30.86,31.05,50601300
2013-11-18,30.44,30.75,30.33,30.56,53277500
2013-11-19,30.29,30.69,30.23,30.38,44275000
2013-11-20,30.57,30.84,30.39,30.44,32229900
2013-11-21,30.83,30.94,30.72,30.73,23064700
2013-11-22,30.97,31.07,30.78,30.94,27982000
2013-11-25,31.03,31.29,30.97,31.27,30646800
2013-11-26,30.79,31.04,30.79,30.97,34465300
2013-11-27,31.00,31.13,30.91,30.97,26002100
2013-11-29,31.44,31.57,31.18,31.18,22090400
2013-12-02,31.70,31.97,31.38,31.40,42950400
2013-12-03,31.58,31.73,31.40,31.44,52109800
2013-12-04,32.10,32.14,31.43,31.50,51983600
2013-12-05,31.33,32.05,30.65,32.03,116305000
2013-12-06,31.63,31.78,31.32,31.68,36457300
2013-12-09,31.91,32.05,31.63,31.79,30286000
2013-12-10,31.42,32.07,31.35,31.83,37828600
2013-12-11,31.01,31.58,30.83,31.38,39853400
2013-12-12,30.69,31.03,30.65,31.03,36012800
2013-12-13,30.25,30.88,30.19,30.85,40066100
2013-12-16,30.41,30.50,30.13,30.28,31734200
2013-12-17,30.11,30.60,29.95,30.46,45687700
2013-12-18,30.16,30.18,29.29,29.98,63192100
2013-12-19,29.89,30.13,29.75,30.10,34160100
2013-12-20,30.34,30.45,29.84,29.85,62649100
2013-12-23,30.19,30.41,30.13,30.35,25128700
2013-12-24,30.57,30.65,30.21,30.27,14243000
2013-12-26,30.87,30.91,30.65,30.67,17612800
2013-12-27,30.74,31.02,30.65,30.98,14563000
2013-12-30,30.74,30.82,30.42,30.69,16290500
2013-12-31,30.84,30.98,30.69,30.83,17503500
2014-01-02,30.64,30.83,30.59,30.79,30632200
2014-01-03,30.43,30.69,30.18,30.67,31134800
2014-01-06,29.79,30.41,29.77,30.38,43603700
2014-01-07,30.02,30.08,29.85,29.95,35802800
2014-01-08,29.48,29.80,29.33,29.68,59971700
2014-01-09,29.29,29.61,29.19,29.58,36516300
2014-01-10,29.71,29.80,29.47,29.60,40548800
2014-01-13,28.84,29.70,28.72,29.67,45901900
2014-01-14,29.50,29.58,28.55,28.63,41623300
2014-01-15,30.31,30.33,29.56,29.60,44812600
2014-01-16,30.41,30.50,29.94,30.25,38018700
2014-01-17,29.99,30.36,29.80,30.36,46267500
2014-01-21,29.82,30.36,29.73,30.36,31567300
2014-01-22,29.62,29.94,29.47,29.89,21904300
2014-01-23,29.73,29.79,29.28,29.75,43954000
2014-01-24,30.35,30.96,30.12,30.88,76395500
2014-01-27,29.71,30.41,29.66,30.40,44420800
2014-01-28,29.90,30.00,29.47,29.78,36205500
2014-01-29,30.22,30.41,29.60,29.66,52745900
2014-01-30,30.39,30.41,29.87,30.33,35036300
2014-01-31,31.20,31.24,30.14,30.46,93162300
2014-02-03,30.08,31.32,30.03,31.11,64063100
2014-02-04,29.97,30.66,29.89,30.48,54697900
2014-02-05,29.53,30.07,29.52,29.92,55814400
2014-02-06,29.83,29.89,29.42,29.52,35351800
2014-02-07,30.14,30.17,29.69,29.94,33260500
2014-02-10,30.34,30.34,29.92,30.20,26767000
2014-02-11,30.65,30.72,30.39,30.41,32141400
2014-02-12,30.89,31.00,30.75,30.79,27051800
2014-02-13,31.01,31.21,30.78,30.78,37635500
2014-02-14,31.02,31.15,30.78,30.83,31407500
2014-02-18,31.08,31.38,31.07,31.26,32834000
2014-02-19,31.16,31.36,30.91,30.92,29750400
2014-02-20,31.36,31.46,31.07,31.21,27526100
2014-02-21,31.55,31.85,31.45,31.51,38021300
2014-02-24,31.31,31.55,31.18,31.31,32085100
2014-02-25,31.18,31.44,31.02,31.24,30736500
2014-02-26,31.12,31.35,30.89,31.22,41041800
2014-02-27,31.45,31.47,30.92,31.11,33903400
2014-02-28,31.82,31.95,31.41,31.55,41215000
2014-03-03,31.38,31.67,31.14,31.50,29717500
2014-03-04,31.90,31.96,31.62,31.73,26802400
2014-03-05,31.66,31.79,31.51,31.77,20520100
2014-03-06,31.69,31.76,31.47,31.68,23582200
2014-03-07,31.48,31.86,31.31,31.80,26591600
2014-03-10,31.41,31.57,31.33,31.56,19006600
2014-03-11,31.58,31.76,31.33,31.46,25216400
2014-03-12,31.79,31.92,31.39,31.40,30494100
2014-03-13,31.47,31.94,31.27,31.91,32169700
2014-03-14,31.32,31.68,31.16,31.27,27195600
2014-03-17,31.61,31.90,31.39,31.48,20479600
2014-03-18,32.85,33.14,31.75,31.78,64063900
2014-03-19,32.62,32.85,32.32,32.79,35597200
2014-03-20,33.50,33.77,32.59,32.60,59269800
2014-03-21,33.36,34.01,33.23,33.82,80721800
2014-03-24,33.64,33.76,33.11,33.51,46098400
2014-03-25,33.51,34.05,33.19,33.77,43193100
2014-03-26,33.05,33.82,32.89,33.62,41977500
2014-03-27,32.69,33.20,32.68,33.01,35369200
2014-03-28,33.47,33.76,32.96,33.05,43472700
2014-03-31,34.05,34.47,33.56,33.58,46886300
2014-04-01,34.40,34.55,34.11,34.18,32605000
2014-04-02,34.35,34.60,34.20,34.42,28666700
2014-04-03,34.06,34.30,33.82,34.30,30139600
2014-04-04,33.12,34.38,32.93,34.26,51409600
2014-04-07,33.06,33.45,33.01,33.19,37559600
2014-04-08,33.08,33.17,32.56,33.02,35918600
2014-04-09,33.62,33.68,33.13,33.17,27398700
2014-04-10,32.69,33.80,32.47,33.59,45960800
2014-04-11,32.57,33.05,32.39,32.39,34330200
2014-04-14,32.54,32.74,32.31,32.49,32006600
2014-04-15,33.02,33.19,32.44,32.68,33968700
2014-04-16,33.56,33.57,33.15,33.28,30615800
2014-04-17,33.23,33.39,32.82,33.23,36688400
2014-04-21,33.18,33.35,33.05,33.33,22221200
2014-04-22,33.22,33.34,33.08,33.19,27056700
2014-04-23,32.97,33.22,32.79,33.22,24602800
2014-04-24,33.11,33.20,32.64,33.01,42381600
2014-04-25,33.15,33.79,33.02,33.47,56876800
2014-04-28,33.95,34.30,33.30,33.34,50610200
2014-04-29,33.65,34.21,33.55,34.14,29636200
2014-04-30,33.56,33.64,33.37,33.56,35458700
2014-05-01,33.23,33.52,33.18,33.42,28787400
2014-05-02,32.97,33.51,32.94,33.48,43416600
2014-05-05,32.75,32.93,32.64,32.83,22460900
2014-05-06,32.44,32.69,32.35,32.64,27112400
2014-05-07,32.74,32.82,31.99,32.58,41744500
2014-05-08,32.93,33.14,32.37,32.68,32120400
2014-05-09,32.84,33.10,32.70,32.84,29647600
2014-05-12,33.20,33.24,32.93,33.01,22782600
2014-05-13,33.81,33.88,33.33,33.39,27004800
2014-05-14,33.66,33.84,33.50,33.71,18818700
2014-05-15,33.13,33.79,33.05,33.54,37793200
2014-05-16,33.32,33.33,32.85,33.18,29867100
2014-05-19,33.25,33.31,33.01,33.13,24537400
2014-05-20,33.19,33.41,33.01,33.19,21320900
2014-05-21,33.75,33.75,33.24,33.29,22398700
2014-05-22,33.54,33.75,33.33,33.70,20201800
2014-05-23,33.56,33.77,33.46,33.77,18020000
2014-05-27,33.62,33.68,33.30,33.68,26160600
2014-05-28,33.47,33.62,33.31,33.58,25711500
2014-05-29,33.74,33.75,33.38,33.59,19888200
2014-05-30,34.25,34.27,33.67,33.84,34567600
2014-06-02,34.12,34.37,34.03,34.25,18504300
2014-06-03,33.70,34.03,33.67,33.96,18068900
2014-06-04,33.73,33.77,33.34,33.64,23209000
2014-06-05,34.47,34.51,33.79,33.95,31865200
2014-06-06,34.70,34.85,34.50,34.70,24060500
2014-06-09,34.52,34.70,34.31,34.62,15019200
2014-06-10,34.39,34.43,34.18,34.32,15117700
2014-06-11,34.18,34.35,34.10,34.24,18040000
2014-06-12,33.95,34.20,33.70,34.14,29818900
2014-06-13,34.49,34.77,34.18,34.38,26310000
2014-06-16,34.71,34.81,34.33,34.33,24205300
2014-06-17,34.87,35.06,33.74,34.54,22518600
2014-06-18,34.84,34.92,34.45,34.81,27097000
2014-06-19,34.72,34.94,34.57,34.77,19828200
2014-06-20,34.87,34.99,34.61,34.67,47764900
2014-06-23,35.12,35.13,34.87,34.91,18743900
2014-06-24,34.92,35.08,34.76,34.99,26509100
2014-06-25,35.16,35.17,34.68,34.88,20049100
2014-06-26,34.90,35.08,34.66,35.07,23604400
2014-06-27,35.34,35.38,34.72,34.81,74640000
2014-06-30,34.88,35.31,34.88,35.28,30793100
2014-07-01,35.02,35.26,34.87,35.02,26917000
2014-07-02,35.05,35.05,34.74,34.91,20208100
2014-07-03,34.97,35.12,34.76,35.06,15969300
2014-07-07,35.12,35.23,34.89,34.92,21952400
2014-07-08,34.95,35.13,34.81,35.02,31218200
2014-07-09,34.86,35.12,34.74,35.12,18445900
2014-07-10,34.87,35.13,34.34,34.61,21854700
2014-07-11,35.21,35.21,34.70,34.88,24083000
2014-07-14,35.25,35.51,35.17,35.32,21881100
2014-07-15,35.51,35.53,35.16,35.41,28748700
2014-07-16,36.87,37.07,35.53,35.56,63318000
2014-07-17,37.25,38.24,37.02,38.02,82180300
2014-07-18,37.38,37.51,37.02,37.35,43407500
2014-07-21,37.51,37.78,36.99,37.27,37604400
2014-07-22,37.50,37.77,37.30,37.64,43095800
2014-07-23,37.53,38.02,37.32,38.02,52362900
2014-07-24,37.14,37.64,37.07,37.58,30725300
2014-07-25,37.22,37.36,37.06,37.06,26737700
2014-07-28,36.78,37.23,36.75,37.11,29684200
2014-07-29,36.71,36.88,36.50,36.73,27763100
2014-07-30,36.45,36.89,36.21,36.86,31921400
2014-07-31,36.10,36.55,36.04,36.29,31537500
2014-08-01,35.85,36.18,35.63,36.15,31170300
2014-08-04,36.28,36.36,35.81,35.94,34277400
2014-08-05,36.04,36.35,35.83,36.23,26266400
2014-08-06,35.75,36.11,35.31,35.75,24634000
2014-08-07,36.16,36.35,35.68,35.84,30314900
2014-08-08,36.14,36.24,35.89,36.16,28942700
2014-08-11,36.14,36.35,35.99,36.19,20351600
2014-08-12,36.40,36.46,35.97,36.00,21431100
2014-08-13,36.87,36.96,36.40,36.54,22889500
2014-08-14,37.03,37.16,36.81,36.87,19313200
2014-08-15,37.47,37.56,37.14,37.29,41611300
2014-08-18,37.73,37.73,37.37,37.59,26891100
2014-08-19,38.16,38.16,37.73,37.85,28139500
2014-08-20,37.84,38.21,37.79,38.16,24770500
2014-08-21,38.06,38.09,37.73,37.74,22285500
2014-08-22,38.00,38.27,37.94,38.17,18294500
2014-08-25,38.02,38.25,37.91,38.21,16910000
2014-08-26,37.89,38.21,37.83,38.14,14873100
2014-08-27,37.77,37.88,37.68,37.79,21287900
2014-08-28,37.78,37.86,37.55,37.67,17657600
2014-08-29,38.24,38.25,37.76,37.95,21607600
2014-09-02,37.95,38.26,37.75,38.24,22976800
2014-09-03,37.84,37.97,37.48,37.48,33684500
2014-09-04,38.10,38.10,37.64,37.66,26475500
2014-09-05,38.64,38.66,37.97,37.97,36939400
2014-09-08,39.11,39.39,38.71,38.74,45736700
2014-09-09,39.36,39.54,39.07,39.11,40302400
2014-09-10,39.43,39.51,38.95,39.41,27302400
2014-09-11,39.56,39.56,39.11,39.34,29216400
2014-09-12,39.31,39.58,39.22,39.49,38244700
2014-09-15,38.92,39.32,38.80,39.17,37667600
2014-09-16,39.36,39.43,38.96,39.05,27910600
2014-09-17,39.16,39.30,38.91,38.94,38311900
2014-09-18,39.29,39.42,39.11,39.22,35556600
2014-09-19,40.00,40.04,39.22,39.40,202522400
2014-09-22,39.61,39.88,39.54,39.81,38686100
2014-09-23,39.19,39.54,39.11,39.43,33430300
2014-09-24,39.63,39.65,39.01,39.25,26582700
2014-09-25,38.75,39.64,38.74,39.46,33077400
2014-09-26,39.06,39.24,38.52,38.66,27078800
2014-09-29,39.09,39.19,38.52,38.70,26091000
2014-09-30,39.02,39.12,38.73,39.03,33033100
2014-10-01,38.64,39.17,38.59,38.95,38088400
2014-10-02,38.52,38.80,38.42,38.58,25119400
2014-10-03,38.79,38.97,38.39,38.70,32453200
2014-10-06,38.79,38.97,38.65,38.82,20604000
2014-10-07,38.32,38.66,38.23,38.60,25723700
2014-10-08,39.38,39.47,38.16,38.28,33031000
2014-10-09,38.59,39.39,38.50,39.14,34422800
2014-10-10,37.06,38.82,36.99,38.38,51978100
2014-10-13,36.74,37.51,36.61,36.88,37100200
2014-10-14,36.81,37.36,36.67,36.93,38115700
2014-10-15,36.38,36.52,35.44,36.19,60218700
2014-10-16,35.98,36.26,35.54,35.80,49040400
2014-10-17,36.72,36.99,36.02,36.36,40683300
2014-10-20,37.10,37.15,36.03,36.24,34527900
2014-10-21,37.78,37.86,37.20,37.34,36433800
2014-10-22,37.36,37.94,37.23,37.88,33570900
2014-10-23,37.89,38.26,37.48,37.56,45451900
2014-10-24,38.83,39.48,38.03,39.42,61076700
2014-10-27,38.64,38.80,38.48,38.48,30371300
2014-10-28,39.13,39.14,38.53,38.60,29049800
2014-10-29,39.24,39.31,39.01,39.09,30276100
2014-10-30,38.76,38.99,38.53,38.99,30073900
2014-10-31,39.52,39.54,39.12,39.51,35849700
2014-11-03,39.93,39.95,39.33,39.47,23130400
2014-11-04,40.04,40.18,39.77,39.81,21530800
2014-11-05,40.28,40.32,39.78,40.23,22449600
2014-11-06,40.99,41.13,40.23,40.28,33037800
2014-11-07,40.98,41.18,40.65,41.18,28000600
2014-11-10,41.15,41.37,40.87,40.95,36370100
2014-11-11,41.13,41.20,40.95,41.12,23445200
2014-11-12,41.06,41.18,40.84,40.87,22722100
2014-11-13,41.76,41.79,41.00,41.08,26210400
2014-11-14,41.73,42.13,41.57,41.87,29081700
2014-11-17,41.63,41.84,41.36,41.59,30318600
2014-11-18,41.28,41.78,41.25,41.61,23995500
2014-11-19,40.84,41.29,40.60,41.22,26177500
2014-11-20,41.25,41.25,40.55,40.66,21510600
2014-11-21,40.64,41.55,40.29,41.52,42884800
2014-11-24,40.31,40.66,40.14,40.65,35434200
2014-11-25,40.21,40.63,40.19,40.37,28008000
2014-11-26,40.45,40.65,40.05,40.23,27163600
2014-11-28,40.50,40.83,40.33,40.62,21534400
2014-12-01,41.18,41.32,40.41,40.56,31191600
2014-12-02,41.05,41.55,40.83,41.37,25773500
2014-12-03,40.73,41.08,40.50,41.03,23534800
2014-12-04,41.37,41.56,40.83,40.99,30320400
2014-12-05,41.01,41.48,40.98,41.35,27313400
2014-12-08,40.40,40.95,40.19,40.88,26663100
2014-12-09,40.31,40.59,39.85,39.90,24330500
2014-12-10,39.73,40.37,39.56,40.30,30431800
2014-12-11,39.95,40.44,39.54,39.88,29060400
2014-12-12,39.77,40.43,39.53,39.62,34248400
2014-12-15,39.53,40.38,39.43,39.98,29247800
2014-12-16,38.25,39.25,38.23,38.88,47801400
2014-12-17,38.74,38.92,38.03,38.16,34970900
2014-12-18,40.25,40.25,39.25,39.45,40105600
2014-12-19,40.37,40.74,39.95,40.34,64551200
2014-12-22,40.64,40.76,40.41,40.47,26566000
2014-12-23,41.04,41.34,40.77,40.97,23648100
2014-12-24,40.78,41.20,40.73,41.20,11437800
2014-12-26,40.56,41.00,40.51,41.00,13197800
2014-12-29,40.19,40.47,40.03,40.40,14439500
2014-12-30,39.83,40.34,39.67,40.18,16384700
2014-12-31,39.34,40.18,39.34,39.58,21552500
2015-01-02,39.61,40.17,39.42,39.52,27913900
2015-01-05,39.24,39.58,39.18,39.28,39673900
2015-01-06,38.67,39.60,38.57,39.29,36447900
2015-01-07,39.16,39.35,38.53,38.95,29114100
2015-01-08,40.31,40.45,39.57,39.60,29645200
2015-01-09,39.97,40.51,39.73,40.33,23944200
2015-01-12,39.47,40.27,39.27,40.17,23651900
2015-01-13,39.27,40.58,39.01,39.79,35270600
2015-01-14,38.93,39.17,38.64,38.93,29719600
2015-01-15,38.52,39.29,38.46,39.15,32750800
2015-01-16,39.17,39.20,38.26,38.38,35695300
2015-01-20,39.29,39.51,38.60,39.22,36161900
2015-01-21,38.90,39.08,38.52,38.91,39081100
2015-01-22,39.92,39.93,39.03,39.29,35898000
2015-01-23,39.96,40.14,39.64,40.12,26211600
2015-01-26,39.82,39.92,39.17,39.81,42525500
2015-01-27,36.13,36.59,35.67,36.38,169164000
2015-01-28,34.89,36.24,34.86,36.20,84507100
2015-01-29,35.58,35.68,34.55,34.67,63585300
2015-01-30,34.22,35.22,34.18,35.19,78004900
2015-02-02,34.97,35.04,34.08,34.38,50352500
2015-02-03,35.24,35.52,34.77,35.26,52082400
2015-02-04,35.44,35.75,35.03,35.52,41614800
2015-02-05,35.96,36.12,35.46,35.76,36548200
2015-02-06,35.92,36.24,35.70,36.15,34616600
2015-02-09,35.88,36.20,35.75,35.78,31381100
2015-02-10,36.08,36.23,35.73,36.20,29670700
2015-02-11,35.90,36.13,35.75,36.13,38262500
2015-02-12,36.50,36.50,36.01,36.13,33268800
2015-02-13,37.16,37.16,36.55,36.74,40264900
2015-02-17,37.18,37.53,36.84,37.51,33695700
2015-02-18,37.13,37.28,37.01,37.22,27111700
2015-02-19,37.11,37.13,36.72,36.84,27603400
2015-02-20,37.42,37.43,36.93,37.12,29721100
2015-02-23,37.66,37.70,37.24,37.28,32518800
2015-02-24,37.61,37.79,37.47,37.66,25271700
2015-02-25,37.53,37.61,37.36,37.49,29759800
2015-02-26,37.59,37.73,37.44,37.53,28957300
2015-02-27,37.41,37.71,37.24,37.65,33807700
2015-03-02,37.43,37.70,37.15,37.25,31924000
2015-03-03,36.92,37.39,36.76,37.16,31748600
2015-03-04,36.73,36.86,36.58,36.69,25748700
2015-03-05,36.78,36.89,36.53,36.74,23193500
2015-03-06,36.14,36.78,35.96,36.68,36248800
2015-03-09,36.55,36.79,35.99,35.99,32108000
2015-03-10,35.85,36.43,35.85,36.13,39159700
2015-03-11,35.81,36.14,35.69,36.09,32215300
2015-03-12,34.99,35.53,34.86,35.26,59992500
2015-03-13,35.30,35.38,34.64,34.72,58007700
2015-03-16,35.45,35.52,35.21,35.38,35273500
2015-03-17,35.57,35.68,35.10,35.29,31673400
2015-03-18,36.26,36.54,35.26,35.34,44194800
2015-03-19,36.08,36.33,36.02,36.05,33879100
2015-03-20,36.58,36.66,36.25,36.31,71904500
2015-03-23,36.56,36.79,36.49,36.58,26246100
2015-03-24,36.60,36.83,36.47,36.49,25513300
2015-03-25,35.37,36.62,35.35,36.61,43469900
2015-03-26,35.15,35.50,34.91,35.16,37495600
2015-03-27,34.95,35.34,34.83,35.08,34401400
2015-03-30,34.94,35.44,34.90,35.06,35049700
2015-03-31,34.69,35.00,34.58,34.79,34887200
2015-04-01,34.74,34.77,34.39,34.63,36865300
2015-04-02,34.37,34.75,34.22,34.69,37487500
2015-04-06,35.44,35.64,34.28,34.41,39223700
2015-04-07,35.43,35.75,35.24,35.50,28809400
2015-04-08,35.33,35.56,35.01,35.37,24753400
2015-04-09,35.38,35.50,35.19,35.19,25723900
2015-04-10,35.59,35.79,35.33,35.51,28022000
2015-04-13,35.62,35.88,35.31,35.32,30276700
2015-04-14,35.53,35.85,35.31,35.66,24244400
2015-04-15,36.05,36.22,35.56,35.62,27343600
2015-04-16,35.96,36.12,35.67,35.79,22509700
2015-04-17,35.50,35.61,35.11,35.55,42387600
2015-04-20,36.60,36.83,35.56,35.60,46057700
2015-04-21,36.37,36.81,36.28,36.68,26013800
2015-04-22,36.67,36.79,36.30,36.40,25064300
2015-04-23,36.97,37.20,36.51,36.59,46309500
2015-04-24,40.84,41.07,38.94,38.95,130933700
2015-04-27,40.97,41.06,40.28,40.29,59248200
2015-04-28,41.94,41.98,40.69,40.76,60730800
2015-04-29,41.85,42.06,41.37,41.56,47804600
2015-04-30,41.49,42.26,41.46,41.54,64725500
2015-05-01,41.51,41.70,41.29,41.44,38937300
2015-05-04,41.15,41.69,41.10,41.26,34039500
2015-05-05,40.61,41.08,40.36,40.79,50369200
2015-05-06,39.48,40.75,39.26,40.58,52433000
2015-05-07,39.84,40.17,39.38,39.47,32971700
2015-05-08,40.73,40.93,40.54,40.56,35364900
2015-05-11,40.41,40.87,40.41,40.56,24609400
2015-05-12,40.39,40.67,39.60,39.97,29928300
2015-05-13,40.63,41.22,40.58,41.11,34184600
2015-05-14,41.56,41.65,40.97,40.97,32980900
2015-05-15,41.20,41.72,40.99,41.69,28642700
2015-05-18,40.96,41.13,40.61,40.93,24136500
2015-05-19,40.85,41.05,40.51,40.84,28574800
2015-05-20,40.85,41.15,40.59,40.69,25047900
2015-05-21,40.71,40.87,40.36,40.59,22410700
2015-05-22,40.27,40.65,40.20,40.61,25720600
2015-05-26,40.00,40.25,39.66,40.21,29581900
2015-05-27,40.88,41.02,40.03,40.20,27335600
2015-05-28,40.74,41.23,40.69,40.78,19283700
2015-05-29,40.23,40.84,40.00,40.72,36519600
2015-06-01,40.55,41.02,40.03,40.41,28837300
2015-06-02,40.29,40.65,40.03,40.29,21498300
2015-06-03,40.23,40.99,40.20,40.67,28002200
2015-06-04,39.80,40.49,39.67,40.17,27745500
2015-06-05,39.62,39.94,39.36,39.76,25438100
2015-06-08,39.26,39.86,39.21,39.75,22121600
2015-06-09,39.20,39.44,39.03,39.29,24406100
2015-06-10,40.02,40.21,39.23,39.32,28417400
2015-06-11,39.87,40.29,39.61,40.06,27347800
2015-06-12,39.47,39.90,39.41,39.68,23931000
2015-06-15,39.05,39.20,38.65,39.02,33254500
2015-06-16,39.35,39.70,38.89,38.94,27070300
2015-06-17,39.47,39.56,38.95,39.26,28704100
2015-06-18,40.11,40.18,39.64,39.68,32658300
2015-06-19,39.58,40.21,39.49,40.17,63837000
2015-06-22,39.69,40.11,39.63,39.78,20318100
2015-06-23,39.42,39.74,39.17,39.61,25896500
2015-06-24,39.19,39.71,39.11,39.21,34890900
2015-06-25,39.20,39.55,39.07,39.52,20616000
2015-06-26,38.86,39.74,38.66,39.20,49835300
2015-06-29,38.10,38.83,38.09,38.67,34081700
2015-06-30,37.91,38.40,37.73,38.39,35945400
2015-07-01,38.16,38.83,37.86,38.17,28343900
2015-07-02,38.12,38.42,37.83,38.19,21752000
2015-07-06,38.11,38.19,37.74,37.74,23034000
2015-07-07,38.04,38.20,37.19,38.07,36435800
2015-07-08,37.98,38.55,37.80,38.16,39785900
2015-07-09,38.23,38.83,38.21,38.42,32424700
2015-07-10,38.30,38.76,38.27,38.65,25465800
2015-07-13,39.10,39.17,38.59,38.62,28178300
2015-07-14,39.17,39.46,38.90,39.02,22880300
2015-07-15,39.29,39.40,39.01,39.22,26629600
2015-07-16,40.06,40.09,39.47,39.50,26271700
2015-07-17,40.03,40.17,39.72,39.97,29467100
2015-07-20,40.29,40.47,39.87,40.05,30631900
2015-07-21,40.59,40.64,39.91,40.17,42781900
2015-07-22,39.10,40.29,38.81,39.01,59152400
2015-07-23,39.59,39.69,38.72,38.87,33934000
2015-07-24,39.44,39.77,39.32,39.42,32333200
2015-07-27,38.94,39.50,38.85,39.44,39701400
2015-07-28,38.93,39.19,38.46,39.14,34328900
2015-07-29,39.74,40.17,38.86,38.98,40945900
2015-07-30,40.25,40.70,39.44,39.72,39777900
2015-07-31,40.10,40.67,39.93,40.60,31201500
2015-08-03,40.19,40.35,39.88,40.34,24125900
2015-08-04,40.82,40.96,40.08,40.14,33403900
2015-08-05,40.85,41.56,40.82,41.20,26959700
2015-08-06,40.03,41.02,39.78,40.96,27368000
2015-08-07,40.13,40.17,39.72,39.83,19163000
2015-08-10,40.64,40.78,40.22,40.31,23079900
2015-08-11,39.85,40.30,39.41,40.20,29237400
2015-08-12,40.13,40.27,39.25,39.66,30181400
2015-08-13,40.12,40.44,39.92,40.41,22627200
2015-08-14,40.35,40.44,39.94,39.95,21473400
2015-08-17,40.63,40.74,39.99,40.19,21099700
2015-08-18,40.85,40.99,40.36,40.48,23574100
2015-08-19,40.28,40.69,40.02,40.43,31485500
2015-08-20,39.46,40.16,39.46,39.82,36238200
2015-08-21,37.22,39.31,37.22,39.15,70053100
2015-08-24,36.02,36.90,34.33,34.96,88753700
2015-08-25,34.98,37.37,34.91,36.79,70616600
2015-08-26,36.91,37.03,35.49,36.31,63408000
2015-08-27,37.94,37.98,37.10,37.36,50943200
2015-08-28,37.97,38.16,37.50,37.51,28246700
2015-08-31,37.61,37.97,37.25,37.65,34441700
2015-09-01,36.14,36.81,36.01,36.45,49688900
2015-09-02,37.47,37.49,36.20,36.61,37671500
2015-09-03,37.60,38.01,37.41,37.52,28285200
2015-09-04,36.83,37.20,36.47,37.00,37138800
2015-09-08,37.93,38.03,37.34,37.42,32469800
2015-09-09,37.22,38.37,37.09,38.21,33469500
2015-09-10,37.41,37.85,36.95,37.27,31366600
2015-09-11,37.58,37.67,37.11,37.28,27132500
2015-09-14,37.20,37.54,37.04,37.54,23656000
2015-09-15,38.01,38.28,37.23,37.33,28882200
2015-09-16,38.29,38.36,37.89,38.00,23372200
2015-09-17,38.24,38.89,38.10,38.28,32768200
2015-09-18,37.58,38.02,37.45,37.60,63143700
2015-09-21,38.12,38.43,37.68,37.70,26177200
2015-09-22,37.94,38.07,37.43,37.49,28085900
2015-09-23,37.92,38.17,37.60,37.97,17145200
2015-09-24,37.95,38.14,37.40,37.55,27905600
2015-09-25,37.98,38.66,37.82,38.44,29384600
2015-09-28,37.41,38.11,37.34,37.88,27613800
2015-09-29,37.54,37.66,37.21,37.48,32763600
2015-09-30,38.25,38.29,37.73,37.92,34958900
2015-10-01,38.55,38.68,37.81,38.68,28657900
2015-10-02,39.38,39.38,37.96,38.26,41839000
2015-10-05,40.30,40.53,39.50,39.54,34369300
2015-10-06,40.40,40.78,39.95,40.04,27017200
2015-10-07,40.45,40.92,39.71,40.71,27711500
2015-10-08,41.01,41.07,40.19,40.24,33772700
2015-10-09,40.72,41.09,40.55,41.01,28600600
2015-10-12,40.62,40.68,40.19,40.60,19769100
2015-10-13,40.53,40.73,40.24,40.24,19987800
2015-10-14,40.34,40.71,40.21,40.32,24697800
2015-10-15,40.63,40.65,40.21,40.63,27189400
2015-10-16,41.06,41.09,40.53,40.64,26450300
2015-10-19,41.16,41.38,40.64,40.98,29387600
2015-10-20,41.29,41.32,40.64,41.00,30802200
2015-10-21,40.79,41.48,40.72,41.42,25144300
2015-10-22,41.51,42.31,40.70,41.08,56637100
2015-10-23,45.69,46.73,45.16,45.20,135227100
2015-10-26,46.89,46.95,45.37,45.40,64633300
2015-10-27,46.40,46.99,46.31,46.66,50999900
2015-10-28,46.65,46.65,45.69,46.27,47000800
2015-10-29,46.12,46.52,46.00,46.27,30202100
2015-10-30,45.49,46.66,45.48,46.08,46619800
2015-11-02,46.01,46.12,45.48,45.68,30285000
2015-11-03,46.80,47.01,45.72,45.75,36596900
2015-11-04,47.02,47.43,46.72,46.83,37087800
2015-11-05,47.00,47.28,46.67,47.09,31468500
2015-11-06,47.47,47.52,46.64,46.75,32851200
2015-11-09,46.81,47.42,46.29,47.15,32513100
2015-11-10,46.25,46.78,46.04,46.73,55283700
2015-11-11,46.37,46.84,46.20,46.41,36516300
2015-11-12,46.08,46.65,45.97,46.22,35361100
2015-11-13,45.67,46.06,45.40,45.87,36848200
2015-11-16,46.47,46.58,45.68,45.88,32165200
2015-11-17,46.09,46.58,45.98,46.26,31551300
2015-11-18,46.85,46.97,46.10,46.11,29710000
2015-11-19,46.93,47.56,46.79,46.98,28149200
2015-11-20,47.15,47.25,46.35,47.20,37147600
2015-11-23,47.15,47.39,46.77,47.20,28235900
2015-11-24,47.20,47.37,46.62,46.92,24600000
2015-11-25,46.72,47.19,46.72,47.06,21005100
2015-11-27,46.92,47.05,46.80,46.81,9009100
2015-11-30,47.29,47.82,46.98,47.45,56241400
2015-12-01,48.05,48.06,47.25,47.34,39952800
2015-12-02,48.04,48.69,47.91,48.13,47274900
2015-12-03,47.16,48.52,46.92,48.28,38627800
2015-12-04,48.65,48.93,47.07,47.09,43963700
2015-12-07,48.56,48.70,48.11,48.54,30709800
2015-12-08,48.54,48.81,47.85,48.26,32878000
2015-12-09,47.84,48.61,47.43,48.18,36373200
2015-12-10,48.09,48.43,47.86,48.19,31775800
2015-12-11,47.04,47.94,46.99,47.60,39549500
2015-12-14,47.98,48.04,46.71,47.27,46768900
2015-12-15,48.03,48.64,47.93,48.43,39843000
2015-12-16,48.84,48.94,47.65,48.32,37503300
2015-12-17,48.46,49.41,48.32,49.04,41280900
2015-12-18,47.10,48.73,47.01,48.52,84684200
2015-12-21,47.71,48.16,47.19,47.75,37246300
2015-12-22,48.16,48.27,47.42,47.85,28322200
2015-12-23,48.57,48.62,48.24,48.46,27279800
2015-12-24,48.44,48.69,48.23,48.60,9558500
2015-12-28,48.68,48.68,47.84,48.16,22458300
2015-12-29,49.20,49.46,48.78,48.98,27731400
2015-12-30,48.99,49.40,48.98,49.13,21704500
2015-12-31,48.27,48.89,48.22,48.76,27334100
2016-01-04,47.68,47.68,46.45,47.26,53778000
2016-01-05,47.90,48.19,47.45,47.79,34079700
2016-01-06,47.03,47.33,46.67,47.26,39518900
2016-01-07,45.39,46.54,45.31,45.85,56564900
2016-01-08,45.53,46.36,45.38,45.57,48754000
2016-01-11,45.51,45.98,44.77,45.69,36943800
2016-01-12,45.92,46.20,45.30,45.91,36095500
2016-01-13,44.93,47.05,44.64,46.81,66883600
2016-01-14,46.21,46.48,44.87,45.24,52381900
2016-01-15,44.37,45.22,43.80,44.64,71820700
2016-01-19,43.99,44.97,43.56,44.79,43564500
2016-01-20,44.19,44.71,42.72,43.49,63273000
2016-01-21,43.92,44.88,43.77,44.37,40191200
2016-01-22,45.50,45.53,44.60,44.73,37555800
2016-01-25,45.06,45.81,44.94,45.19,34707700
2016-01-26,45.39,45.63,44.85,45.06,28900800
2016-01-27,44.57,45.42,44.39,45.25,36775200
2016-01-28,45.30,45.43,44.59,45.12,62513800
2016-01-29,47.93,47.93,46.98,47.62,83611700
2016-02-01,47.60,47.93,47.42,47.75,44208500
2016-02-02,46.11,47.21,45.81,47.13,56313800
2016-02-03,45.38,46.45,44.60,46.33,57559800
2016-02-04,45.24,45.95,44.70,45.33,46987100
2016-02-05,43.64,45.24,43.12,45.19,62009000
2016-02-08,42.99,43.13,41.93,43.11,59290500
2016-02-09,42.88,43.71,42.35,42.65,46740500
2016-02-10,43.25,43.84,43.09,43.41,38237000
2016-02-11,43.23,43.60,42.21,42.36,48878600
2016-02-12,43.94,44.10,43.29,43.72,34243300
2016-02-16,44.77,44.77,43.93,44.61,37291200
2016-02-17,45.94,46.24,45.09,45.12,40789000
2016-02-18,45.74,46.40,45.66,45.86,27176000
2016-02-19,45.41,45.81,45.16,45.54,33559100
2016-02-22,46.14,46.45,45.81,45.81,25008300
2016-02-23,44.85,45.89,44.68,45.87,28895300
2016-02-24,45.01,45.13,43.99,44.42,33014500
2016-02-25,45.66,45.66,44.35,45.33,26939500
2016-02-26,44.96,46.17,44.78,46.10,35975900
2016-02-29,44.59,45.26,44.40,45.00,31654000
2016-03-01,46.08,46.09,44.62,44.67,33024500
2016-03-02,46.40,46.41,45.71,45.93,29289900
2016-03-03,45.88,46.42,45.38,46.42,24427800
2016-03-04,45.60,45.96,45.32,45.92,33034200
2016-03-07,44.72,45.39,44.33,45.18,38407800
2016-03-08,45.26,45.68,44.34,44.52,33835100
2016-03-09,46.31,46.31,45.45,45.47,28251600
2016-03-10,45.61,46.39,44.83,46.38,38387800
2016-03-11,46.51,46.51,45.90,46.45,32275700
2016-03-14,46.59,46.96,46.12,46.19,24083600
2016-03-15,46.96,46.96,46.22,46.23,21104800
2016-03-16,47.63,47.85,46.80,46.84,31691700
2016-03-17,47.90,48.20,47.32,47.51,28223900
2016-03-18,46.88,48.17,46.84,48.13,67625500
2016-03-21,47.20,47.26,46.38,46.66,23925700
2016-03-22,47.38,47.54,46.85,46.98,23124100
2016-03-23,47.30,47.53,47.09,47.42,20129000
2016-03-24,47.51,47.61,47.09,47.18,19950000
2016-03-28,46.92,47.58,46.74,47.51,17025100
2016-03-29,47.94,48.08,46.84,47.02,23924300
2016-03-30,48.24,48.76,48.11,48.14,23008300
2016-03-31,48.40,48.72,48.08,48.15,26360500
2016-04-01,48.70,48.73,47.82,48.24,24399200
2016-04-04,48.58,48.78,48.20,48.58,18928800
2016-04-05,47.81,48.46,47.73,48.37,19272300
2016-04-06,48.30,48.37,47.51,47.64,21188700
2016-04-07,47.73,48.12,47.52,48.08,19225100
2016-04-08,47.69,48.44,47.60,47.91,22167200
2016-04-11,47.59,48.33,47.59,47.75,21414200
2016-04-12,47.89,48.01,47.11,47.65,24944300
2016-04-13,48.51,48.58,48.10,48.30,20818000
2016-04-14,48.51,48.71,48.26,48.39,20877100
2016-04-15,48.77,49.00,48.29,48.46,28793800
2016-04-18,49.48,49.59,48.38,48.63,23786000
2016-04-19,49.42,49.75,48.79,49.63,29596800
2016-04-20,48.72,49.51,48.63,49.33,36195700
2016-04-21,48.88,49.28,48.57,48.90,38909100
2016-04-22,45.38,45.95,44.49,45.49,126834100
2016-04-25,45.67,45.68,45.25,45.38,33226900
2016-04-26,45.08,45.88,44.77,45.80,33532600
2016-04-27,44.64,45.13,44.30,45.11,43369300
2016-04-28,43.73,44.49,43.43,44.36,43134800
2016-04-29,43.70,44.04,43.25,43.25,48411700
2016-05-02,44.35,44.47,43.62,43.82,33114500
2016-05-03,43.62,44.18,43.47,44.11,26460200
2016-05-04,43.70,43.87,43.34,43.68,24257600
2016-05-05,43.76,44.08,43.58,43.70,25390700
2016-05-06,44.16,44.16,43.52,43.75,24787300
2016-05-09,43.88,44.33,43.82,44.25,17951600
2016-05-10,44.71,44.78,43.98,44.11,22891000
2016-05-11,44.74,45.38,44.69,44.81,24039100
2016-05-12,45.14,45.40,44.62,44.87,24102800
2016-05-13,44.76,45.48,44.73,45.08,22592300
2016-05-16,45.42,45.53,44.47,44.52,20032000
2016-05-17,44.57,45.65,44.44,45.64,27803500
2016-05-18,44.84,45.13,44.39,44.55,24907500
2016-05-19,44.41,44.67,43.96,44.54,23842400
2016-05-20,44.67,45.20,44.48,44.55,23905800
2016-05-23,44.15,44.72,44.11,44.65,26118700
2016-05-24,45.53,45.63,44.48,44.74,34757900
2016-05-25,45.99,46.32,45.70,45.82,24040200
2016-05-26,45.79,45.87,45.32,45.83,24335200
2016-05-27,46.17,46.17,45.69,45.82,17721400
2016-05-31,46.77,46.77,45.96,46.12,37653100
2016-06-01,46.64,46.73,46.28,46.28,25324800
2016-06-02,46.31,46.54,45.75,46.45,22840800
2016-06-03,45.70,46.26,45.54,46.22,23368300
2016-06-06,46.00,46.20,45.79,45.88,18243300
2016-06-07,45.98,46.53,45.98,46.10,20866800
2016-06-08,45.92,46.28,45.77,45.91,21149400
2016-06-09,45.55,45.89,45.44,45.89,20305700
2016-06-10,45.43,45.93,45.04,45.05,25833200
2016-06-13,44.25,44.76,43.29,43.75,83217800
2016-06-14,43.97,44.21,43.74,44.04,42577100
2016-06-15,43.85,44.23,43.85,43.93,33757600
2016-06-16,44.47,44.54,43.69,43.70,31188600
2016-06-17,44.24,44.50,43.96,44.49,45710500
2016-06-20,44.19,44.86,44.15,44.69,35607900
2016-06-21,45.17,45.39,44.26,44.30,34097800
2016-06-22,45.00,45.41,44.96,45.08,28816800
2016-06-23,45.81,45.94,45.14,45.25,29028800
2016-06-24,43.97,44.95,43.70,43.96,133503000
2016-06-27,42.74,43.37,42.39,43.33,50216300
2016-06-28,43.63,43.66,42.95,43.17,38140700
2016-06-29,44.60,44.76,43.95,44.04,31304000
2016-06-30,45.16,45.27,44.56,44.76,28527800
2016-07-01,45.15,45.64,45.07,45.12,21400400
2016-07-05,45.16,45.25,44.78,44.86,24806400
2016-07-06,45.34,45.48,44.47,44.81,28167500
2016-07-07,45.34,45.54,45.07,45.38,19585200
2016-07-08,46.15,46.21,45.49,45.65,28391000
2016-07-11,46.41,46.62,46.30,46.33,22269200
2016-07-12,46.96,47.12,46.59,46.72,27317600
2016-07-13,47.22,47.53,46.93,47.26,25356800
2016-07-14,47.42,47.64,47.28,47.51,24545500
2016-07-15,47.39,47.65,46.96,47.61,32024400
2016-07-18,47.62,47.95,47.26,47.39,31433900
2016-07-19,46.85,47.56,46.71,47.40,53336500
2016-07-20,49.34,50.16,49.00,49.55,89893300
2016-07-21,49.24,49.62,49.21,49.40,32776700
2016-07-22,49.92,49.97,49.22,49.49,32157200
2016-07-25,50.06,50.07,49.65,49.83,25610600
2016-07-26,50.09,50.56,49.87,49.88,28079000
2016-07-27,49.59,50.12,49.52,49.96,32327500
2016-07-28,49.60,49.74,49.17,49.42,37550400
2016-07-29,50.02,50.09,49.46,49.65,30558700
2016-08-01,49.93,50.08,49.54,49.95,26003400
2016-08-02,49.93,50.21,49.69,50.17,35122000
2016-08-03,50.27,50.40,49.85,50.02,22075600
2016-08-04,50.64,50.76,50.01,50.12,26587700
2016-08-05,51.15,51.37,50.70,50.87,29335200
2016-08-08,51.24,51.26,50.99,51.24,19473500
2016-08-09,51.36,51.62,51.20,51.33,16920700
2016-08-10,51.20,51.47,51.02,51.32,15756900
2016-08-11,51.45,51.58,51.21,51.21,18162300
2016-08-12,51.13,51.35,50.85,51.21,21655200
2016-08-15,51.29,51.62,51.15,51.19,19283900
2016-08-16,51.00,51.16,50.85,51.16,20523500
2016-08-17,51.11,51.22,50.82,51.09,18856400
2016-08-18,51.15,51.24,50.85,50.99,14214300
2016-08-19,51.16,51.26,50.79,51.00,17271000
2016-08-22,51.21,51.28,50.84,51.15,15221900
2016-08-23,51.40,51.66,51.37,51.41,18732400
2016-08-24,51.46,51.54,51.25,51.32,18151500
2016-08-25,51.65,51.76,51.31,51.40,18552600
2016-08-26,51.53,52.12,51.23,51.75,20971200
2016-08-29,51.59,52.03,51.59,51.66,16417200
2016-08-30,51.40,51.67,51.16,51.48,16930200
2016-08-31,51.02,51.32,50.88,51.19,20860300
2016-09-01,51.14,51.34,50.62,50.62,26075400
2016-09-02,51.21,51.67,50.99,51.21,18900500
2016-09-06,51.16,51.32,50.80,51.31,16278400
2016-09-07,51.20,51.36,50.98,51.03,17493400
2016-09-08,51.00,51.32,50.77,51.17,20146100
2016-09-09,49.91,51.08,49.91,50.43,35113900
2016-09-12,50.66,50.80,49.38,49.73,29303000
2016-09-13,50.20,50.30,49.77,50.17,30130200
2016-09-14,49.96,50.29,49.75,50.07,24062500
2016-09-15,50.78,50.92,49.71,49.86,26847000
2016-09-16,50.84,51.17,50.39,51.17,44607000
2016-09-19,50.55,51.28,50.48,50.85,20937100
2016-09-20,50.45,50.92,50.39,50.92,17384000
2016-09-21,51.29,51.37,50.69,51.07,33707300
2016-09-22,51.34,51.50,51.17,51.43,19822200
2016-09-23,51.00,51.42,50.95,51.39,19955300
2016-09-26,50.53,50.74,50.46,50.69,21688700
2016-09-27,51.46,51.56,50.33,50.55,28065100
2016-09-28,51.53,51.56,51.21,51.40,20536400
2016-09-29,50.97,51.65,50.80,51.33,25463500
2016-09-30,51.15,51.30,50.92,51.12,29910800
2016-10-03,50.99,51.10,50.67,50.98,19189500
2016-10-04,50.83,51.15,50.59,50.85,20085900
2016-10-05,51.18,51.47,50.84,50.87,16726400
2016-10-06,51.27,51.38,50.86,51.27,16212600
2016-10-07,51.32,51.48,50.99,51.37,20089000
2016-10-10,51.54,51.85,51.39,51.42,18196500
2016-10-11,50.78,51.52,50.52,51.40,26497400
2016-10-12,50.71,50.85,50.08,50.71,22177500
2016-10-13,50.54,50.88,50.01,50.35,25313700
2016-10-14,50.99,51.27,50.72,50.72,27402500
2016-10-17,50.81,51.02,50.50,50.93,23830000
2016-10-18,51.20,51.46,50.98,51.08,19149500
2016-10-19,51.08,51.36,50.97,51.03,22878400
2016-10-20,50.84,51.08,50.31,51.06,49455600
2016-10-21,52.98,53.68,52.83,53.53,80032200
2016-10-24,54.17,54.17,53.22,53.22,54067000
2016-10-25,54.16,54.49,53.99,54.03,35137200
2016-10-26,53.84,54.34,53.70,54.00,29911600
2016-10-27,53.37,54.02,53.36,53.82,28479900
2016-10-28,53.16,53.74,52.91,53.29,33574700
2016-10-31,53.21,53.65,53.21,53.42,26434700
2016-11-01,53.10,53.30,52.61,53.25,24533000
2016-11-02,52.77,53.22,52.66,53.12,22147000
2016-11-03,52.58,52.96,52.49,52.86,21600400
2016-11-04,52.13,52.64,51.96,52.08,28697000
2016-11-07,53.65,53.74,53.08,53.08,31664800
2016-11-08,53.70,53.97,53.41,53.77,22935400
2016-11-09,53.43,53.80,52.57,53.28,49632500
2016-11-10,52.12,53.71,51.17,53.70,57822400
2016-11-11,52.41,52.50,51.51,51.71,38767800
2016-11-14,51.61,52.46,50.86,52.41,41328400
2016-11-15,52.63,53.18,52.14,52.15,35904100
2016-11-16,53.33,53.33,52.57,52.69,27332500
2016-11-17,54.21,54.49,53.61,54.00,32132700
2016-11-18,53.95,54.66,53.91,54.34,27686300
2016-11-21,54.41,54.51,54.01,54.08,19652600
2016-11-22,54.64,54.76,54.36,54.51,23206700
2016-11-23,54.00,54.62,53.86,54.54,21848900
2016-11-25,54.11,54.11,53.75,53.91,8409600
2016-11-28,54.18,54.55,53.83,53.94,20732600
2016-11-29,54.61,54.90,54.10,54.22,22366700
2016-11-30,53.87,54.69,53.83,54.41,34655400
2016-12-01,52.92,53.77,52.69,53.74,34542100
2016-12-02,52.97,53.16,52.57,52.82,25515700
2016-12-05,53.83,54.17,53.24,53.37,23552700
2016-12-06,53.59,54.05,53.46,54.02,19907000
2016-12-07,54.86,54.87,53.46,53.65,30809000
2016-12-08,54.54,55.05,54.39,54.80,21220800
2016-12-09,55.40,55.42,54.65,54.69,27349400
2016-12-12,55.58,55.69,55.18,55.26,20198100
2016-12-13,56.30,56.70,55.64,55.87,35718900
2016-12-14,56.03,56.72,55.90,56.32,30352700
2016-12-15,55.94,56.45,55.69,56.05,27669900
2016-12-16,55.69,56.28,55.53,56.28,42453100
2016-12-19,56.87,57.01,55.80,55.93,34338200
2016-12-20,56.80,57.04,56.35,56.94,26028400
2016-12-21,56.80,56.95,56.43,56.70,17096300
2016-12-22,56.81,57.30,56.69,57.07,22176600
2016-12-23,56.53,56.80,56.14,56.72,12403800
2016-12-27,56.57,57.28,56.51,56.51,11763200
2016-12-28,56.31,56.68,56.17,56.68,14653300
2016-12-29,56.23,56.50,56.08,56.19,10250600
2016-12-30,55.55,56.31,55.45,56.28,25579900
2017-01-03,55.94,56.18,55.54,56.13,20694100
2017-01-04,55.69,56.10,55.53,55.86,21340000
2017-01-05,55.69,56.02,55.45,55.60,24876000
2017-01-06,56.18,56.45,55.46,55.69,19922900
2017-01-09,56.00,56.39,55.91,56.11,20382700
2017-01-10,55.98,56.38,55.68,56.08,18593000
2017-01-11,56.49,56.53,55.81,55.97,21517300
2017-01-12,55.97,56.68,55.38,56.37,20968200
2017-01-13,56.05,56.20,55.74,55.98,19422300
2017-01-17,55.90,56.05,55.45,56.03,20664000
2017-01-18,55.87,56.05,55.53,56.02,19670100
2017-01-19,55.69,56.30,55.60,55.64,18451700
2017-01-20,56.09,56.16,55.76,56.02,30213500
2017-01-23,56.28,56.43,55.94,56.05,23097600
2017-01-24,56.78,56.98,56.27,56.50,24672900
2017-01-25,56.93,57.30,56.72,57.17,23672700
2017-01-26,57.46,57.70,56.81,57.32,43554600
2017-01-27,58.81,58.92,58.01,58.46,44818000
2017-01-30,58.22,58.81,57.93,58.72,31651400
2017-01-31,57.79,58.24,57.45,57.98,25270500
2017-02-01,56.84,57.77,56.74,57.54,39671500
2017-02-02,56.47,56.69,56.10,56.54,45827000
2017-02-03,56.93,56.95,56.38,56.77,30301800
2017-02-06,56.89,56.90,56.45,56.77,19796400
2017-02-07,56.70,57.02,56.53,56.98,20277200
2017-02-08,56.62,57.04,56.52,56.83,18096400
2017-02-09,57.27,57.61,56.61,56.78,22644400
2017-02-10,57.21,57.48,57.20,57.44,18170700
2017-02-13,57.86,57.98,57.33,57.43,22920100
2017-02-14,58.07,58.21,57.58,57.93,23108400
2017-02-15,58.04,58.07,57.70,58.01,17005200
2017-02-16,58.03,58.68,57.96,58.23,20546300
2017-02-17,58.12,58.18,57.83,57.98,21248800
2017-02-21,58.00,58.42,57.97,58.11,20655900
2017-02-22,57.88,57.91,57.61,57.86,19292700
2017-02-23,58.12,58.22,57.73,57.94,20273100
2017-02-24,58.12,58.28,57.69,58.04,21796800
2017-02-27,57.77,58.05,57.61,58.05,15871500
2017-02-28,57.54,57.74,57.34,57.63,23239800
2017-03-01,58.41,58.45,57.58,57.68,26937500
2017-03-02,57.57,58.24,57.45,58.18,24539600
2017-03-03,57.79,57.81,57.22,57.55,18135900
2017-03-06,57.80,58.06,57.39,57.53,18750300
2017-03-07,57.92,58.26,57.73,57.73,18521000
2017-03-08,58.45,58.53,57.79,57.79,21510900
2017-03-09,58.22,58.64,57.99,58.63,19846800
2017-03-10,58.40,58.69,58.24,58.56,19538200
2017-03-13,58.20,58.63,58.07,58.47,20100000
2017-03-14,57.93,58.06,57.70,58.04,14280200
2017-03-15,58.24,58.39,57.79,58.06,24833800
2017-03-16,58.14,58.24,57.83,58.24,20674300
2017-03-17,58.34,58.68,58.17,58.38,49219700
2017-03-20,58.40,58.62,58.21,58.38,14598100
2017-03-21,57.75,58.91,57.68,58.63,26640500
2017-03-22,58.49,58.59,57.67,57.67,20680000
2017-03-23,58.34,58.68,58.25,58.41,19269200
2017-03-24,58.44,58.86,58.24,58.78,22617100
2017-03-27,58.55,58.66,57.88,58.13,18614700
2017-03-28,58.72,58.88,58.15,58.42,20080400
2017-03-29,58.88,58.91,58.42,58.57,13618400
2017-03-30,59.10,59.34,58.78,58.84,15122800
2017-03-31,59.23,59.53,58.86,59.04,21040300
2017-04-03,58.95,59.31,58.63,59.19,20400900
2017-04-04,59.12,59.19,58.71,58.81,12997400
2017-04-05,58.96,59.67,58.86,59.63,21448600
2017-04-06,59.12,59.41,58.89,59.00,18103500
2017-04-07,59.07,59.32,58.86,59.22,14108500
2017-04-10,58.94,59.20,58.78,59.01,17952700
2017-04-11,58.89,59.01,58.33,59.00,18791500
2017-04-12,58.67,58.92,58.56,58.84,17108500
2017-04-13,58.42,59.23,58.42,58.72,17896500
2017-04-17,58.89,58.90,58.47,58.50,16689300
2017-04-18,58.81,59.10,58.60,58.76,15155600
2017-04-19,58.50,59.13,58.36,59.04,26992800
2017-04-20,58.91,59.13,58.59,58.87,22299500
2017-04-21,59.72,59.99,58.86,59.06,32522600
2017-04-24,60.74,60.85,60.35,60.69,29770000
2017-04-25,61.09,61.19,60.80,61.07,30242700
2017-04-26,61.01,61.44,60.82,61.23,26190800
2017-04-27,61.40,61.50,60.78,61.29,34971000
2017-04-28,61.57,62.18,60.88,61.98,39548800
2017-05-01,62.43,62.55,61.61,61.77,31954400
2017-05-02,62.33,62.70,62.17,62.70,23906100
2017-05-03,62.13,62.40,61.80,62.40,28928000
2017-05-04,61.89,62.13,61.73,62.08,21749400
2017-05-05,62.06,62.08,61.60,61.97,19128800
2017-05-08,62.00,62.10,61.54,62.03,18566100
2017-05-09,62.09,62.31,61.77,61.93,22858400
2017-05-10,62.34,62.56,61.99,62.05,17977800
2017-05-11,61.57,61.81,61.27,61.48,28789400
2017-05-12,61.50,61.71,61.19,61.71,18714100
2017-05-15,61.54,61.59,60.77,61.28,31530300
2017-05-16,62.78,62.81,61.65,61.72,34956000
2017-05-17,61.04,62.50,60.99,62.31,30548800
2017-05-18,61.25,61.63,60.73,60.97,25201300
2017-05-19,61.23,61.60,60.99,61.06,26961100
2017-05-22,61.92,61.96,61.06,61.41,16237600
2017-05-23,62.12,62.19,61.85,62.16,15425800
2017-05-24,62.21,62.30,61.92,62.30,14593900
2017-05-25,62.97,63.21,62.33,62.39,21854100
2017-05-26,63.28,63.52,62.88,63.14,19827900
2017-05-30,63.69,63.69,63.11,63.13,17072800
2017-05-31,63.17,63.99,63.15,63.80,30436400
2017-06-01,63.41,63.87,62.82,63.53,21603600
2017-06-02,64.91,65.00,63.53,63.72,34770300
2017-06-05,65.38,65.93,64.96,65.10,33316800
2017-06-06,65.60,65.69,65.37,65.40,31511100
2017-06-07,65.48,65.82,65.08,65.71,22301800
2017-06-08,65.08,65.60,64.67,65.59,24588300
2017-06-09,63.61,65.20,62.04,65.16,49187400
2017-06-12,63.12,63.26,61.63,62.64,47761700
2017-06-13,63.91,64.06,63.28,63.34,25258600
2017-06-14,63.56,64.31,62.80,64.14,25510700
2017-06-15,63.23,63.51,62.23,62.66,26068700
2017-06-16,63.32,63.34,62.61,63.07,48345100
2017-06-19,64.10,64.17,63.63,63.77,23798300
2017-06-20,63.24,64.10,63.20,64.06,21512200
2017-06-21,63.56,63.88,63.26,63.51,19891100
2017-06-22,63.55,63.85,63.06,63.81,22965700
2017-06-23,64.41,64.45,63.25,63.40,27617300
2017-06-26,63.80,64.86,63.72,64.58,19607000
2017-06-27,62.60,63.48,62.58,63.42,25215100
2017-06-28,63.14,63.17,62.22,62.60,25806200
2017-06-29,61.95,62.86,61.59,62.76,28918700
2017-06-30,62.35,62.76,62.18,62.21,24161100
2017-07-03,61.66,62.96,61.53,62.71,16165500
2017-07-05,62.49,62.81,61.71,61.74,21176300
2017-07-06,62.02,62.21,61.62,61.75,21117600
2017-07-07,62.83,63.17,62.14,62.14,16878300
2017-07-10,63.30,63.54,62.59,62.83,15014500
2017-07-11,63.31,63.93,63.09,63.32,17460000
2017-07-12,64.36,64.48,63.82,63.94,17750900
2017-07-13,64.92,65.16,64.50,64.67,20269800
2017-07-14,65.83,66.28,65.09,65.34,25868100
2017-07-17,66.35,66.44,65.78,65.85,21803900
2017-07-18,66.30,66.38,65.72,66.11,26435300
2017-07-19,66.81,66.97,66.44,66.48,22416200
2017-07-20,67.14,67.21,66.28,67.10,42361000
2017-07-21,66.75,67.20,66.19,66.44,46717100
2017-07-24,66.57,66.71,66.15,66.51,21394800
2017-07-25,67.11,67.22,66.48,66.76,22018700
2017-07-26,66.98,67.28,66.76,67.24,16252200
2017-07-27,66.18,67.32,65.42,66.72,36844200
2017-07-28,66.07,66.31,65.62,65.73,18306700
2017-07-31,65.76,66.43,65.50,66.30,23600100
2017-08-01,65.65,66.41,65.57,66.12,22132300
2017-08-02,65.36,65.63,64.62,65.62,26499200
2017-08-03,65.26,65.52,64.99,65.30,18214400
2017-08-04,65.74,66.07,65.34,65.49,22579000
2017-08-07,65.49,65.94,65.36,65.85,18705700
2017-08-08,65.84,66.15,64.90,65.21,22044600
2017-08-09,65.55,65.59,65.17,65.35,22213400
2017-08-10,64.59,65.30,64.54,65.04,24734500
2017-08-11,65.58,65.76,64.48,64.77,21443700
2017-08-14,66.57,66.68,65.99,66.09,20096600
2017-08-15,66.58,66.92,66.42,66.92,19181400
2017-08-16,66.97,67.38,66.54,66.69,18150400
2017-08-17,65.84,67.17,65.84,66.91,22977500
2017-08-18,65.92,66.24,65.41,65.72,18761500
2017-08-21,65.61,65.91,65.20,65.90,17734800
2017-08-22,66.53,66.60,65.79,65.79,14343700
2017-08-23,66.13,66.52,65.96,66.35,13766500
2017-08-24,66.10,66.26,65.54,66.15,17098300
2017-08-25,66.22,66.70,65.91,66.26,12794300
2017-08-28,66.23,66.47,65.97,66.44,14569700
2017-08-29,66.43,66.53,65.52,65.70,11478400
2017-08-30,67.30,67.48,66.23,66.39,16897800
2017-08-31,67.99,68.17,67.11,67.32,27652800
2017-09-01,67.24,67.97,66.97,67.94,21736200
2017-09-05,66.94,67.19,66.37,66.69,21556000
2017-09-06,66.75,67.33,66.70,67.06,16535800
2017-09-07,67.60,67.84,66.93,67.00,17471200
2017-09-08,67.27,67.69,67.15,67.59,14703800
2017-09-11,67.98,68.15,67.57,67.57,17910400
2017-09-12,67.91,68.42,67.63,67.98,14394900
2017-09-13,68.39,68.41,67.79,68.14,13380800
2017-09-14,67.99,68.65,67.77,68.20,15733900
2017-09-15,68.48,68.56,67.36,68.05,38578400
2017-09-18,68.35,69.08,68.24,68.41,23307000
2017-09-19,68.60,68.85,68.21,68.39,16093300
2017-09-20,68.15,68.70,67.57,68.52,21587900
2017-09-21,67.48,68.42,67.39,68.30,19186100
2017-09-22,67.67,67.76,67.16,67.28,14111400
2017-09-25,66.62,67.52,66.31,67.37,24149200
2017-09-26,66.62,67.12,66.37,66.99,18019600
2017-09-27,67.16,67.45,66.54,66.88,19565100
2017-09-28,67.17,67.27,66.67,66.87,10883800
2017-09-29,67.74,67.78,67.18,67.24,17079100
2017-10-02,67.85,68.21,67.57,67.94,15304800
2017-10-03,67.53,68.09,67.47,67.90,12190400
2017-10-04,67.92,67.95,67.03,67.37,13317700
2017-10-05,69.08,69.22,68.17,68.40,21195300
2017-10-06,69.11,69.14,68.69,68.81,13959800
2017-10-09,69.38,69.61,68.98,69.08,11386500
2017-10-10,69.38,69.68,69.24,69.41,13944500
2017-10-11,69.49,69.53,69.07,69.44,15388900
2017-10-12,70.13,70.28,69.45,69.56,16876500
2017-10-13,70.47,70.81,70.28,70.56,15335700
2017-10-16,70.61,70.76,70.34,70.40,12380100
2017-10-17,70.56,70.58,70.25,70.45,16824000
2017-10-18,70.58,70.79,70.36,70.63,13300700
2017-10-19,70.85,70.87,70.34,70.54,15092800
2017-10-20,71.67,71.81,71.13,71.22,22866400
2017-10-23,71.68,72.15,71.62,71.83,20627200
2017-10-24,71.71,72.02,71.35,71.75,17517200
2017-10-25,71.50,71.93,70.94,71.46,20410800
2017-10-26,71.62,72.22,71.61,72.02,32120700
2017-10-27,76.21,78.39,76.03,76.72,71066700
2017-10-30,76.29,76.69,75.58,76.11,31756700
2017-10-31,75.64,76.71,75.58,76.71,27086600
2017-11-01,75.64,76.17,75.37,76.10,22307400
2017-11-02,76.43,76.80,75.59,75.80,23992900
2017-11-03,76.51,76.88,75.84,76.46,17633500
2017-11-06,76.81,77.02,76.46,76.57,19860900
2017-11-07,76.63,77.20,76.32,77.09,17939700
2017-11-08,76.90,76.94,76.23,76.51,18034200
2017-11-09,76.47,76.63,75.39,76.49,21178400
2017-11-10,76.27,76.48,75.69,76.20,19397800
2017-11-13,76.32,76.33,75.90,76.08,14196900
2017-11-14,76.43,76.48,75.46,75.93,18801300
2017-11-15,75.84,76.49,75.57,76.29,19383100
2017-11-16,76.04,76.24,75.80,75.95,20962800
2017-11-17,75.31,75.97,75.16,75.97,22079000
2017-11-20,75.43,75.48,75.17,75.31,16315000
2017-11-21,76.51,76.62,75.62,75.62,21237500
2017-11-22,75.96,76.68,75.89,76.61,20553100
2017-11-24,76.09,76.25,75.65,75.87,7425600
2017-11-27,76.65,76.75,76.13,76.14,18265200
2017-11-28,77.57,77.74,76.79,76.83,21926000
2017-11-29,76.17,77.61,76.02,77.42,27381100
2017-11-30,76.93,77.25,76.17,76.32,33054600
2017-12-01,77.01,77.51,76.06,76.40,29532100
2017-12-04,74.10,77.16,73.75,77.15,39094900
2017-12-05,74.57,75.56,74.01,74.34,26152300
2017-12-06,75.65,75.98,74.42,74.53,26162100
2017-12-07,75.39,75.67,74.94,75.44,23184500
2017-12-08,76.92,77.30,76.16,76.43,24489100
2017-12-11,77.89,78.02,76.88,77.03,22857900
2017-12-12,78.21,78.64,77.76,77.97,23924100
2017-12-13,78.00,78.60,77.84,78.36,22062700
2017-12-14,77.40,78.48,77.25,78.08,19306000
2017-12-15,79.37,79.59,77.57,77.92,53936700
2017-12-18,78.95,79.97,78.81,79.62,22283800
2017-12-19,78.44,78.92,77.93,78.92,23524800
2017-12-20,78.16,78.87,77.42,78.78,23674900
2017-12-21,78.14,78.69,78.05,78.64,17990700
2017-12-22,78.15,78.26,77.61,78.05,14145800
2017-12-26,78.05,78.17,77.71,77.97,9891200
2017-12-27,78.33,78.58,77.88,78.28,14678000
2017-12-28,78.34,78.53,78.19,78.51,10594300
2017-12-29,78.18,78.64,78.14,78.26,18717400
2018-01-02,78.55,78.88,78.14,78.72,22483800
2018-01-03,78.92,79.06,78.57,78.65,26061400
2018-01-04,79.61,80.11,79.12,79.14,21912000
2018-01-05,80.60,80.80,79.90,80.11,23407100
2018-01-08,80.68,80.96,80.06,80.61,22113000
2018-01-09,80.63,81.09,80.30,81.02,19484300
2018-01-10,80.26,80.60,79.89,80.30,18652200
2018-01-11,80.50,80.54,79.73,80.54,17808900
2018-01-12,81.89,82.05,80.84,81.04,24271500
2018-01-16,80.75,82.98,80.43,82.34,36599700
2018-01-17,82.38,82.51,81.11,81.41,25621200
2018-01-18,82.34,82.87,81.94,82.07,24159700
2018-01-19,82.25,82.81,81.94,82.38,36875000
2018-01-22,83.72,83.73,82.02,82.25,23601600
2018-01-23,83.99,84.36,83.66,83.99,23412800
2018-01-24,83.92,85.39,83.70,84.58,33277500
2018-01-25,84.38,85.21,84.02,84.51,26383200
2018-01-26,85.96,85.96,84.61,85.10,29172200
2018-01-29,85.84,87.23,85.65,86.95,31569900
2018-01-30,84.76,85.60,84.17,85.27,38635100
2018-01-31,86.83,87.19,85.46,85.68,48756300
2018-02-01,86.15,87.80,85.53,86.63,47227900
2018-02-02,83.88,85.88,83.62,85.58,47867800
2018-02-05,80.43,85.21,80.43,82.77,51031500
2018-02-06,83.47,83.61,77.91,79.41,67998600
2018-02-07,81.90,83.87,81.52,82.70,41107600
2018-02-08,77.69,82.14,77.46,81.99,55628700
2018-02-09,80.59,81.28,76.61,78.87,63499100
2018-02-12,81.46,82.05,80.36,81.10,35720300
2018-02-13,82.10,82.25,80.24,81.28,26407700
2018-02-14,83.38,83.55,81.18,81.27,34960900
2018-02-15,85.08,85.14,83.21,83.75,27823900
2018-02-16,84.48,85.85,84.29,84.89,30596900
2018-02-20,85.14,85.45,83.57,84.00,30911700
2018-02-21,84.01,85.73,84.01,85.38,26922500
2018-02-22,84.23,85.15,83.89,84.52,24392800
2018-02-23,86.37,86.38,84.81,85.95,26329200
2018-02-26,87.62,87.64,86.54,86.68,30199800
2018-02-27,86.50,88.00,86.50,87.91,25869100
2018-02-28,86.10,87.88,85.97,87.08,31167300
2018-03-01,85.26,86.84,84.33,86.30,37135600
2018-03-02,85.44,85.53,83.43,84.09,32830400
2018-03-05,85.98,86.56,84.71,84.79,23901600
2018-03-06,85.69,86.76,85.34,86.62,22175800
2018-03-07,86.18,86.26,84.87,85.54,26716100
2018-03-08,86.71,87.32,86.10,86.56,25887800
2018-03-09,88.64,88.64,87.23,87.50,36937300
2018-03-12,88.86,89.26,88.19,88.61,26073700
2018-03-13,86.69,89.29,86.29,89.07,35387800
2018-03-14,86.17,87.61,85.85,87.34,32132000
2018-03-15,86.48,86.85,85.24,85.88,27611000
2018-03-16,86.86,87.58,86.24,86.94,49081300
2018-03-19,85.29,86.22,84.58,86.07,33344100
2018-03-20,85.51,86.10,85.39,85.44,23075200
2018-03-21,84.92,86.36,84.67,85.33,24457100
2018-03-22,82.45,84.25,82.33,83.81,38604700
2018-03-23,80.05,83.06,79.96,82.18,44068900
2018-03-26,86.11,86.31,83.01,83.20,56396800
2018-03-27,82.15,87.36,81.27,87.18,56569000
2018-03-28,82.08,83.77,81.60,82.47,52501100
2018-03-29,83.81,84.74,81.17,82.81,45867500
2018-04-02,81.28,83.45,80.35,83.07,48515400
2018-04-03,82.37,82.69,80.70,82.25,37213800
2018-04-04,84.78,85.17,80.56,80.67,35560000
2018-04-05,84.83,85.46,83.93,84.88,29771900
2018-04-06,82.85,84.90,82.16,84.01,38026000
2018-04-09,83.35,85.55,83.21,83.59,31533900
2018-04-10,85.28,85.65,84.15,84.83,26812000
2018-04-11,84.35,85.66,84.00,84.49,24872100
2018-04-12,85.93,86.46,84.87,84.87,26758900
2018-04-13,85.47,86.48,84.88,86.36,23346100
2018-04-16,86.47,86.92,85.78,86.38,20288100
2018-04-17,88.21,88.64,87.12,87.23,26771000
2018-04-18,88.55,88.81,87.71,88.35,21043300
2018-04-19,88.25,89.13,87.54,88.55,23552500
2018-04-20,87.23,88.25,86.36,88.07,31154400
2018-04-23,87.55,88.42,86.89,87.91,22331800
2018-04-24,85.50,88.58,84.85,88.37,34524800
2018-04-25,84.76,85.67,82.90,85.67,33729300
2018-04-26,86.55,87.37,85.49,85.90,42529000
2018-04-27,87.98,89.89,86.23,89.62,48272800
2018-04-30,85.87,88.52,85.53,88.45,41523600
2018-05-01,87.23,87.50,85.20,85.59,31408900
2018-05-02,85.86,87.39,85.57,87.22,27471000
2018-05-03,86.38,87.17,84.89,85.36,31142500
2018-05-04,87.38,87.57,85.32,85.69,22531300
2018-05-07,88.35,88.80,87.32,87.39,24242000
2018-05-08,87.97,88.30,87.29,88.01,23484600
2018-05-09,89.01,89.04,87.28,88.16,27327400
2018-05-10,89.90,89.94,89.11,89.49,22388100
2018-05-11,89.71,89.87,89.10,89.80,16778300
2018-05-14,90.01,90.62,89.35,89.91,19454100
2018-05-15,89.36,89.85,88.46,89.29,24594000
2018-05-16,89.59,89.82,89.10,89.79,17384700
2018-05-17,88.70,89.95,88.37,89.23,17246700
2018-05-18,88.86,89.39,88.54,88.54,17865800
2018-05-21,90.01,90.38,89.27,89.45,19422500
2018-05-22,89.91,90.53,89.64,90.08,15441200
2018-05-23,90.98,91.05,88.83,89.19,21251200
2018-05-24,90.66,91.24,89.28,91.05,26649300
2018-05-25,90.71,91.28,90.25,90.65,18363900
2018-05-29,90.38,91.19,89.67,90.23,28671000
2018-05-30,91.25,91.53,90.29,90.66,22158500
2018-05-31,91.15,92.21,90.94,91.57,34140900
2018-06-01,92.95,93.01,91.45,91.56,28655600
2018-06-04,93.76,93.94,93.00,93.38,27281600
2018-06-05,94.24,94.37,93.63,94.06,23514400
2018-06-06,94.52,94.62,93.97,94.51,21122900
2018-06-07,93.03,94.70,92.57,94.66,28232200
2018-06-08,93.72,94.02,92.72,93.23,22165100
2018-06-11,93.19,93.69,92.84,93.15,23490900
2018-06-12,93.43,93.56,92.91,93.23,18325200
2018-06-13,93.00,94.07,92.74,93.81,29492900
2018-06-14,93.53,94.09,93.14,93.74,25691800
2018-06-15,92.34,93.63,92.28,93.61,65738600
2018-06-18,93.01,93.24,91.69,92.23,23586000
2018-06-19,93.01,93.14,91.76,91.90,28653100
2018-06-20,93.94,94.54,93.25,93.48,26180800
2018-06-21,93.27,94.49,93.03,94.14,23198200
2018-06-22,92.60,92.93,91.88,92.60,38923100
2018-06-25,90.74,92.32,89.73,92.22,35433300
2018-06-26,91.37,92.29,91.07,91.13,26897200
2018-06-27,89.95,92.24,89.82,91.83,31298400
2018-06-28,90.96,91.40,89.69,89.80,26650700
2018-06-29,90.94,92.14,90.68,91.23,28053200
2018-07-02,92.23,92.28,90.38,90.47,19564500
2018-07-03,91.34,92.80,91.24,92.66,14670300
2018-07-05,92.00,92.15,91.33,91.76,18977400
2018-07-06,93.29,93.54,91.92,92.12,19234600
2018-07-09,93.93,94.29,93.37,93.74,18212000
2018-07-10,94.18,94.53,93.94,94.06,19293100
2018-07-11,94.05,94.38,93.23,93.28,19644600
2018-07-12,96.08,96.29,94.74,94.77,24335900
2018-07-13,97.23,97.38,95.99,96.25,24635200
2018-07-16,96.75,97.59,96.39,97.20,21786900
2018-07-17,97.71,98.21,96.20,96.47,25901700
2018-07-18,96.94,97.80,96.57,97.70,29493900
2018-07-19,96.28,97.12,95.81,96.77,40171600
2018-07-20,98.00,99.78,97.83,99.67,56004000
2018-07-23,99.57,99.73,97.87,98.03,29707000
2018-07-24,99.28,100.35,98.92,100.12,26316600
2018-07-25,102.21,102.50,99.23,99.56,30702100
2018-07-26,101.09,102.36,100.98,102.12,31372100
2018-07-27,99.30,101.61,97.88,101.61,37005300
2018-07-30,97.17,99.16,96.61,98.85,34668300
2018-07-31,97.83,98.42,97.18,98.21,27655200
2018-08-01,98.01,98.17,97.22,97.78,23628700
2018-08-02,99.20,99.68,96.68,97.20,26104300
2018-08-03,99.63,99.64,98.51,99.41,18659600
2018-08-06,99.72,99.98,99.19,99.71,20265900
2018-08-07,100.41,100.61,99.75,100.11,16080200
2018-08-08,100.97,101.21,100.30,100.82,15487500
2018-08-09,101.14,101.59,101.07,101.17,13677200
2018-08-10,100.52,101.16,99.95,100.91,18183700
2018-08-13,99.79,101.05,99.69,100.74,18472500
2018-08-14,101.04,101.21,99.63,100.11,16788300
2018-08-15,99.67,100.90,98.89,100.43,29982800
2018-08-16,99.65,100.78,99.33,100.26,21384300
2018-08-17,99.59,99.89,98.77,99.39,18061500
2018-08-20,98.93,99.89,98.57,99.53,17914200
2018-08-21,98.11,99.38,97.99,98.98,22881900
2018-08-22,99.11,99.37,97.93,97.99,18000600
2018-08-23,99.57,100.15,98.93,99.19,18167700
2018-08-24,100.35,100.50,99.57,99.68,17234000
2018-08-27,101.46,101.50,100.45,101.16,19662300
2018-08-28,102.07,102.30,101.64,101.78,19151500
2018-08-29,103.70,103.71,102.08,102.25,20818000
2018-08-30,103.64,104.25,103.17,103.38,22798700
2018-08-31,103.99,104.41,103.24,103.40,23222700
2018-09-04,103.42,103.65,102.04,102.62,22634600
2018-09-05,100.43,103.15,100.07,102.77,32872400
2018-09-06,100.67,100.90,99.53,100.21,23477600
2018-09-07,100.18,100.65,99.27,100.19,22498600
2018-09-10,101.26,101.50,100.31,100.76,20727900
2018-09-11,102.98,103.30,100.80,100.81,24301800
2018-09-12,103.42,103.55,102.30,103.16,18891100
2018-09-13,104.53,105.29,103.79,103.79,26055600
2018-09-14,104.95,105.29,104.09,104.94,19122300
2018-09-17,103.81,105.26,103.55,105.25,20736500
2018-09-18,104.80,105.26,103.42,103.86,22170900
2018-09-19,103.41,104.91,102.80,104.66,21728400
2018-09-20,105.14,105.35,103.62,103.94,23714500
2018-09-21,105.78,106.73,105.08,105.54,71229700
2018-09-24,106.16,106.37,103.89,104.64,27334500
2018-09-25,105.95,106.55,105.30,106.28,22668000
2018-09-26,105.52,106.52,105.29,105.97,19352000
2018-09-27,105.91,106.38,105.72,106.26,19091300
2018-09-28,105.88,106.06,105.24,105.71,21647800
2018-10-01,107.03,107.09,106.21,106.23,18883100
2018-10-02,106.60,107.24,105.94,106.74,20787200
2018-10-03,106.62,107.55,106.40,106.85,16648000
2018-10-04,104.42,106.24,103.34,106.10,34821700
2018-10-05,103.80,104.77,102.42,104.27,29068900
2018-10-08,102.62,103.71,101.22,103.37,29640600
2018-10-09,103.92,104.68,102.57,102.89,26198600
2018-10-10,98.28,103.22,97.94,102.98,61376300
2018-10-11,98.05,100.84,96.46,97.53,63904300
2018-10-12,101.43,102.98,99.17,100.92,47742100
2018-10-15,99.61,101.35,99.01,100.82,32068100
2018-10-16,102.76,103.14,100.86,101.41,31610200
2018-10-17,102.49,103.51,101.42,103.39,26548200
2018-10-18,100.44,102.32,99.82,101.92,32506200
2018-10-19,100.59,102.63,100.18,100.84,32785500
2018-10-22,101.49,102.33,100.20,101.20,26545600
2018-10-23,100.07,100.88,97.31,99.77,43770400
2018-10-24,94.72,100.43,94.05,100.36,63897800
2018-10-25,100.26,101.16,98.27,98.64,61646800
2018-10-26,99.02,100.68,96.98,97.84,55523100
2018-10-29,96.14,100.63,94.08,100.08,55162000
2018-10-30,96.03,96.63,92.68,95.96,65350900
2018-10-31,98.88,100.11,97.56,97.61,51062400
2018-11-01,98.06,99.35,97.69,99.10,33384200
2018-11-02,98.28,99.35,97.19,98.57,37680200
2018-11-05,99.53,99.74,98.04,98.47,27922100
2018-11-06,99.72,100.76,98.39,99.41,24340200
2018-11-07,103.65,103.91,101.28,101.31,37901700
2018-11-08,103.45,103.88,102.67,103.50,25644100
2018-11-09,101.43,103.17,100.68,102.62,32039200
2018-11-12,98.93,101.80,98.22,101.30,33621800
2018-11-13,99.00,100.67,98.72,99.56,35374600
2018-11-14,97.60,100.65,97.13,100.51,39495100
2018-11-15,99.74,100.23,96.61,97.61,38505200
2018-11-16,100.68,101.23,99.30,99.56,33502100
2018-11-19,97.27,100.93,96.28,100.66,44773900
2018-11-20,94.56,95.74,92.37,94.65,64052500
2018-11-21,95.87,97.09,95.06,96.32,28130600
2018-11-23,95.83,96.52,94.83,94.99,13823100
2018-11-26,98.99,99.14,97.23,97.43,32336200
2018-11-27,99.61,99.79,97.96,98.80,29124500
2018-11-28,103.31,103.51,100.28,100.31,46788500
2018-11-29,102.45,103.31,101.37,102.58,28123200
2018-11-30,103.10,103.17,101.68,102.92,33665600
2018-12-03,104.22,105.45,102.95,105.06,34732800
2018-12-04,100.90,104.73,100.61,104.08,45197000
2018-12-06,101.52,101.57,97.62,98.39,49107400
2018-12-07,97.46,101.76,96.97,100.77,45044900
2018-12-10,100.03,100.39,96.59,97.44,40801500
2018-12-11,100.96,103.16,99.89,102.09,42381900
2018-12-12,101.42,103.45,101.38,103.10,36183000
2018-12-13,101.76,103.08,101.00,101.88,31333400
2018-12-14,98.58,101.58,98.09,100.65,47043100
2018-12-17,95.66,98.37,94.56,98.00,56957300
2018-12-18,96.67,97.17,95.32,96.46,49319200
2018-12-19,96.41,99.37,94.23,96.37,68198200
2018-12-20,94.38,96.98,91.84,95.81,70334200
2018-12-21,91.33,95.76,90.61,94.49,111242100
2018-12-24,87.52,91.09,87.38,90.82,43935200
2018-12-26,93.50,93.62,87.36,88.46,51634800
2018-12-27,94.07,94.08,89.63,92.32,49498500
2018-12-28,93.34,95.22,92.53,94.92,38196300
2018-12-31,94.43,95.21,93.38,94.17,33173800
2019-01-02,94.02,94.60,91.99,92.56,35329300
2019-01-03,90.56,93.15,90.37,93.07,42579100
2019-01-04,94.77,95.31,91.98,92.71,44060600
2019-01-07,94.89,96.02,93.89,94.50,35656100
2019-01-08,95.58,96.67,94.56,95.80,31514400
2019-01-09,96.94,97.51,95.99,96.56,32280800
2019-01-10,96.32,96.46,95.19,95.97,30067600
2019-01-11,95.58,96.17,94.50,95.94,28314200
2019-01-14,94.88,95.64,94.15,94.74,28437100
2019-01-15,97.63,97.67,94.72,95.31,31587600
2019-01-16,97.98,98.80,97.59,97.87,29853900
2019-01-17,98.66,99.14,97.40,97.62,28393000
2019-01-18,100.14,100.32,98.47,99.91,37427600
2019-01-22,98.26,99.58,97.49,99.25,32371300
2019-01-23,99.21,99.52,97.94,98.66,25874300
2019-01-24,98.74,99.48,97.94,99.35,23164800
2019-01-25,99.64,100.30,98.74,99.71,31225600
2019-01-28,97.70,99.00,97.31,98.80,29476700
2019-01-29,95.71,97.60,94.99,97.51,31490500
2019-01-30,98.91,98.91,97.00,97.27,49471900
2019-01-31,97.09,97.83,95.93,96.51,55636400
2019-02-01,95.56,96.79,95.16,96.49,35535700
2019-02-04,98.31,98.37,95.55,95.64,31315100
2019-02-05,99.69,99.73,98.52,98.61,27325400
2019-02-06,98.58,99.48,98.12,99.48,20609800
2019-02-07,97.87,98.17,96.96,97.80,29760700
2019-02-08,98.25,98.35,96.94,97.06,21461100
2019-02-11,97.86,99.09,97.60,98.74,18914100
2019-02-12,99.38,99.61,98.07,98.68,25056600
2019-02-13,99.31,100.21,99.21,99.95,18394900
2019-02-14,99.39,99.75,98.24,98.84,21784700
2019-02-15,100.62,100.69,99.82,100.33,26606900
2019-02-19,100.57,101.03,100.21,100.22,18038500
2019-02-20,100.05,100.79,99.24,100.71,21607700
2019-02-21,102.16,102.22,99.79,99.81,29063200
2019-02-22,103.61,103.83,102.54,102.76,27763200
2019-02-25,104.19,104.74,103.89,104.35,23750600
2019-02-26,104.91,105.73,103.80,103.89,21536700
2019-02-27,104.74,104.91,103.53,104.29,21487100
2019-02-28,104.60,105.40,104.32,104.61,29083900
2019-03-01,105.07,105.53,104.27,105.41,23501200
2019-03-04,104.82,105.74,103.46,105.53,26608000
2019-03-05,104.30,104.94,103.86,104.81,19538300
2019-03-06,104.34,105.19,104.04,104.46,17687000
2019-03-07,103.07,104.16,102.59,104.02,25339000
2019-03-08,103.19,103.37,101.59,101.92,22818400
2019-03-11,105.35,105.46,103.62,103.63,26491600
2019-03-12,106.09,106.43,105.18,105.34,26132700
2019-03-13,106.91,107.38,106.24,106.57,35513800
2019-03-14,106.99,107.56,106.75,106.95,30763400
2019-03-15,108.23,109.48,106.99,107.70,54681100
2019-03-18,109.78,109.81,108.36,108.47,31207600
2019-03-19,109.85,110.59,109.24,110.26,37588700
2019-03-20,109.73,110.88,108.97,109.61,28113300
2019-03-21,112.25,112.81,109.33,109.38,29854400
2019-03-22,109.29,111.66,109.28,111.58,33624500
2019-03-25,109.86,110.19,108.61,108.83,27067100
2019-03-26,110.09,110.84,109.11,110.76,26097700
2019-03-27,109.03,110.37,107.86,110.07,22733400
2019-03-28,109.18,109.79,108.43,109.66,18334800
2019-03-29,110.12,110.48,109.21,110.24,25399800
2019-04-01,111.13,111.22,110.27,111.07,22789100
2019-04-02,111.29,111.56,110.66,111.17,18142300
2019-04-03,112.02,112.45,111.25,111.92,22860700
2019-04-04,111.45,112.26,110.53,112.14,20112800
2019-04-05,111.94,112.26,111.46,111.48,15826200
2019-04-08,111.98,112.06,110.78,111.87,15116200
2019-04-09,111.37,111.62,110.72,110.77,17612000
2019-04-10,112.22,112.37,111.62,111.82,16477200
2019-04-11,112.35,112.84,111.97,112.55,14209100
2019-04-12,112.93,112.96,112.39,112.64,19745100
2019-04-15,113.03,113.52,112.58,112.92,15792600
2019-04-16,112.77,113.59,112.14,113.58,14071800
2019-04-17,113.70,113.77,112.55,113.20,19300900
2019-04-18,115.19,115.33,113.26,114.09,27991000
2019-04-22,115.56,115.78,114.45,114.49,15648700
2019-04-23,117.13,117.26,115.62,115.87,24025500
2019-04-24,116.72,117.51,116.27,117.45,31257000
2019-04-25,120.59,122.66,120.29,121.44,38033900
2019-04-26,121.28,121.87,120.47,121.10,23654900
2019-04-29,121.17,121.55,120.78,121.29,16324200
2019-04-30,121.94,122.04,120.81,121.21,24166500
2019-05-01,119.40,121.99,119.24,121.88,26821700
2019-05-02,117.84,119.52,117.20,119.50,27350200
2019-05-03,120.36,120.85,118.82,118.92,24911100
2019-05-06,119.66,120.04,117.75,118.01,24239800
2019-05-07,117.20,118.75,115.99,118.08,36017700
2019-05-08,117.19,117.99,116.48,117.13,28419000
2019-05-09,117.18,117.45,115.38,116.05,27235800
2019-05-10,118.70,119.45,115.61,116.63,30915100
2019-05-13,115.17,117.23,114.88,115.88,33944900
2019-05-14,116.46,117.54,115.50,115.66,25266300
2019-05-15,118.10,118.75,115.93,116.45,24722700
2019-05-16,120.83,121.25,118.52,118.79,30112200
2019-05-17,120.02,122.26,119.88,120.25,25770500
2019-05-20,118.29,119.57,117.86,118.57,23706900
2019-05-21,118.93,119.52,118.63,119.42,15293300
2019-05-22,119.65,120.18,118.57,118.67,15396500
2019-05-23,118.25,118.36,116.90,118.27,23603800
2019-05-24,118.31,119.41,118.06,118.94,14123400
2019-05-28,118.23,119.96,118.13,119.00,23128400
2019-05-29,117.09,117.51,116.25,117.50,22763100
2019-05-30,117.83,117.86,116.94,117.39,16829600
2019-05-31,115.91,116.79,115.57,116.43,26646800
2019-06-03,112.31,116.56,111.53,116.07,37983600
2019-06-04,115.42,115.53,113.07,113.66,29382600
2019-06-05,117.92,117.96,116.41,117.10,24926100
2019-06-06,119.79,119.93,117.71,118.50,21459000
2019-06-07,123.14,123.94,120.20,121.07,33885600
2019-06-10,124.27,125.66,123.71,124.08,26477100
2019-06-11,123.80,125.81,123.03,125.47,23913700
2019-06-12,123.23,123.68,122.50,123.14,17092500
2019-06-13,124.01,124.64,123.29,123.69,17200800
2019-06-14,124.13,125.38,123.37,123.95,17821700
2019-06-17,124.50,125.33,124.20,124.30,14517800
2019-06-18,126.67,126.74,125.18,125.76,25934500
2019-06-19,127.17,127.39,125.40,126.52,23744400
2019-06-20,128.35,129.01,127.19,128.81,33042600
2019-06-21,128.36,129.08,127.89,128.00,36727900
2019-06-24,129.12,129.71,128.39,128.39,20628800
2019-06-25,125.05,128.95,124.39,128.63,33327400
2019-06-26,125.52,127.21,125.21,125.91,23657700
2019-06-27,125.72,126.25,125.12,125.71,16557500
2019-06-28,125.54,126.14,124.79,126.12,30043000
2019-07-01,127.16,128.11,126.49,128.05,22613500
2019-07-02,128.00,128.01,126.84,127.57,15237800
2019-07-03,128.82,129.09,127.73,128.21,13629300
2019-07-05,128.45,128.70,127.19,127.40,18141100
2019-07-08,128.36,128.49,126.87,127.83,16779700
2019-07-09,127.89,128.36,127.27,127.46,19953100
2019-07-10,129.19,129.87,128.41,128.51,24204400
2019-07-11,129.71,130.47,129.21,129.52,22327900
2019-07-12,130.17,130.39,129.34,130.13,18936800
2019-07-15,130.17,130.77,129.76,130.68,16651500
2019-07-16,128.47,130.31,127.94,130.23,22726100
2019-07-17,127.71,129.26,127.66,129.05,20211000
2019-07-18,127.85,128.04,126.21,127.03,30381800
2019-07-19,128.04,131.83,127.88,131.41,48992400
2019-07-22,129.73,130.45,128.70,128.78,25074900
2019-07-23,130.54,131.20,129.36,130.98,18034600
2019-07-24,131.88,131.90,130.13,130.17,20738300
2019-07-25,131.38,131.78,130.57,131.61,18356900
2019-07-26,132.46,132.78,131.49,131.55,19037600
2019-07-29,132.17,132.62,130.61,132.61,16605900
2019-07-30,131.53,132.35,131.02,131.34,16846500
2019-07-31,127.71,131.66,126.59,131.51,38598800
2019-08-01,129.39,132.09,128.33,128.39,40557500
2019-08-02,128.30,129.63,126.76,129.41,30791600
2019-08-05,123.90,125.52,122.56,124.93,42749600
2019-08-06,126.23,127.16,124.84,125.39,32696700
2019-08-07,126.78,127.13,123.55,125.38,33414500
2019-08-08,130.16,130.26,127.39,128.02,27496500
2019-08-09,129.06,130.62,127.89,129.90,23466700
2019-08-12,127.26,129.20,126.74,128.46,20484300
2019-08-13,129.89,130.08,126.52,127.50,25154600
2019-08-14,125.98,128.75,125.69,128.22,32527300
2019-08-15,125.70,126.55,124.35,126.37,28074400
2019-08-16,128.00,128.31,126.68,126.83,24449100
2019-08-19,130.15,130.28,128.72,129.62,24355700
2019-08-20,129.07,130.43,129.05,129.96,21170800
2019-08-21,130.50,131.16,129.76,130.28,14970300
2019-08-22,129.55,130.89,128.15,130.38,18697000
2019-08-23,125.43,130.09,124.87,129.00,38508600
2019-08-26,127.36,127.47,125.91,126.93,20312600
2019-08-27,127.64,128.56,126.62,128.25,23102100
2019-08-28,127.47,127.65,125.58,126.83,17393300
2019-08-29,129.87,130.17,128.74,129.06,20168700
2019-08-30,129.63,130.87,128.13,130.84,23940100
2019-09-03,127.92,129.01,127.60,128.45,18869300
2019-09-04,129.41,129.47,128.33,129.10,17995900
2019-09-05,131.69,132.00,130.48,130.80,26101800
2019-09-06,130.80,131.81,129.95,131.67,20824500
2019-09-09,129.31,131.41,128.31,131.26,25773900
2019-09-10,127.96,128.72,126.48,128.63,28903400
2019-09-11,127.99,128.13,127.02,127.80,24726100
2019-09-12,129.31,130.16,128.70,129.62,27010000
2019-09-13,129.12,129.82,128.42,129.55,23363100
2019-09-16,128.19,128.54,127.56,127.72,16731400
2019-09-17,129.19,129.31,128.28,128.78,17814200
2019-09-18,130.25,130.39,128.38,129.16,23982100
2019-09-19,132.65,133.87,131.71,131.92,35772100
2019-09-20,131.11,133.19,130.00,132.59,39167300
2019-09-23,130.83,131.29,130.17,130.92,17139300
2019-09-24,129.18,132.29,128.71,131.98,29773200
2019-09-25,131.04,131.60,127.91,129.29,21382000
2019-09-26,131.21,131.81,130.17,131.11,17456600
2019-09-27,129.51,131.98,128.49,131.78,22477700
2019-09-30,130.73,130.91,129.55,129.81,17280900
2019-10-01,128.89,131.88,128.82,131.32,21466600
2019-10-02,126.61,128.23,125.60,128.12,30521700
2019-10-03,128.14,128.59,125.27,126.89,24132900
2019-10-04,129.87,130.00,128.28,128.59,22897700
2019-10-07,128.93,129.93,128.84,128.95,15303700
2019-10-08,127.57,129.54,127.52,128.90,25550500
2019-10-09,129.99,130.42,128.79,129.25,19749900
2019-10-10,130.80,131.33,130.00,130.22,17654600
2019-10-11,131.34,132.61,131.17,131.75,25446000
2019-10-14,131.22,131.91,131.19,131.35,13304300
2019-10-15,133.12,133.32,131.46,131.70,19695700
2019-10-16,132.03,132.57,131.20,132.38,20751600
2019-10-17,131.35,132.98,130.72,132.53,21460600
2019-10-18,129.21,131.64,128.41,131.42,32273500
2019-10-21,130.17,130.23,128.83,130.18,20078200
2019-10-22,128.23,131.65,128.12,130.67,27431000
2019-10-23,129.05,129.24,127.51,128.71,29844600
2019-10-24,131.59,132.04,130.39,131.07,37029300
2019-10-25,132.33,132.71,130.89,131.02,25959700
2019-10-28,135.58,136.97,134.94,135.78,35280100
2019-10-29,134.30,135.87,134.13,135.48,20589500
2019-10-30,135.98,136.34,134.26,134.95,18496600
2019-10-31,134.81,136.28,134.45,136.25,24605100
2019-11-01,135.14,135.80,134.43,135.65,33128400
2019-11-04,135.92,136.34,135.55,136.18,16912000
2019-11-05,135.84,136.36,135.32,136.31,18250200
2019-11-06,135.46,135.89,134.65,135.75,16575800
2019-11-07,135.65,136.23,135.19,135.25,17786700
2019-11-08,137.25,137.27,135.18,135.38,16732700
2019-11-11,137.39,137.68,136.09,136.66,14362600
2019-11-12,138.29,138.76,137.34,137.55,18641600
2019-11-13,138.52,138.66,137.55,137.98,16919200
2019-11-14,139.22,139.55,138.22,138.24,19729800
2019-11-15,141.02,141.03,139.42,140.04,23485700
2019-11-18,141.36,141.56,140.09,141.11,21534000
2019-11-19,141.41,142.30,141.23,141.87,23935700
2019-11-20,141.17,142.32,140.07,141.82,25696800
2019-11-21,141.03,141.34,140.11,140.96,18576100
2019-11-22,141.14,141.81,140.41,141.59,15901800
2019-11-25,142.68,142.80,141.45,141.52,22420900
2019-11-26,143.44,143.81,142.77,142.81,24620100
2019-11-27,143.71,143.88,142.96,143.72,15184400
2019-11-29,142.83,143.69,142.73,143.51,11977300
2019-12-02,141.10,143.25,139.94,143.23,27418400
2019-12-03,140.87,140.99,138.36,139.16,24066000
2019-12-04,141.38,141.69,140.77,141.66,17574700
2019-12-05,141.46,141.83,141.03,141.57,17869100
2019-12-06,143.18,143.29,141.78,142.46,16403500
2019-12-09,142.81,143.61,142.38,142.53,16687400
2019-12-10,142.59,143.31,142.24,142.74,16476100
2019-12-11,143.13,143.29,141.84,142.98,18856600
2019-12-12,144.58,144.77,142.49,143.08,24612100
2019-12-13,145.80,146.14,144.19,144.35,23845400
2019-12-16,146.74,147.09,146.07,146.35,24144200
2019-12-17,145.95,146.91,145.72,146.67,25425600
2019-12-18,145.65,146.69,145.47,145.58,24129200
2019-12-19,146.91,146.97,145.06,145.30,24958900
2019-12-20,148.52,149.53,147.46,148.46,53477500
2019-12-23,148.52,149.19,148.38,149.19,17718200
2019-12-24,148.49,148.80,148.24,148.58,8989200
2019-12-26,149.70,149.76,148.51,148.66,14520600
2019-12-27,149.98,150.53,149.28,150.44,18412800
2019-12-30,148.69,150.03,147.87,150.01,16348400
2019-12-31,148.79,148.86,147.61,147.91,18369400
2020-01-02,151.54,151.65,149.38,149.81,22622100
2020-01-03,149.66,150.91,149.13,149.37,21116200
2020-01-06,150.04,150.11,147.67,148.20,20813700
2020-01-07,148.68,150.65,148.43,150.32,21634100
2020-01-08,151.04,151.71,149.03,149.95,27746500
2020-01-09,152.93,153.05,151.93,152.70,21385000
2020-01-10,152.22,154.00,152.07,153.62,20725900
2020-01-13,154.05,154.08,152.15,152.62,21626500
2020-01-14,152.97,154.36,152.58,154.16,23477400
2020-01-15,153.96,154.68,153.38,153.43,21417900
2020-01-16,156.78,156.85,154.76,155.06,23865400
2020-01-17,157.66,158.01,156.08,157.96,34371700
2020-01-21,157.09,158.69,157.03,157.26,29517200
2020-01-22,156.34,158.03,156.32,157.94,24138800
2020-01-23,157.30,157.38,155.93,156.80,19680800
2020-01-24,155.71,158.06,155.16,158.04,24918100
2020-01-27,153.11,154.15,151.15,152.04,32078100
2020-01-28,156.11,156.39,153.86,154.53,24899900
2020-01-29,158.54,159.21,156.33,158.36,34754500
2020-01-30,163.02,164.22,161.14,164.22,51597500
2020-01-31,160.61,162.66,160.00,162.48,36142700
2020-02-03,164.53,164.64,160.77,160.80,30107000
2020-02-04,169.94,170.43,166.35,167.13,36433300
2020-02-05,169.73,173.79,168.33,173.63,39186300
2020-02-06,173.25,173.43,169.89,170.74,27751400
2020-02-07,173.50,175.14,172.17,172.52,33529100
2020-02-10,178.04,178.17,172.90,173.21,35844300
2020-02-11,174.02,179.92,173.13,179.88,53159900
2020-02-12,174.27,175.35,171.57,175.09,47062900
2020-02-13,173.33,175.71,172.54,172.74,35295800
2020-02-14,174.88,174.93,172.33,172.90,23149500
2020-02-18,176.65,177.09,175.02,175.12,27792200
2020-02-19,177.18,178.03,176.41,177.92,29997500
2020-02-20,174.47,177.15,171.33,176.87,36862400
2020-02-21,168.96,173.60,167.69,173.29,48572600
2020-02-24,161.67,165.14,154.43,158.72,68311100
2020-02-25,159.01,165.41,158.61,164.81,68073300
2020-02-26,160.99,163.92,159.14,160.56,56206100
2020-02-27,149.65,158.02,149.46,154.51,93174900
2020-02-28,153.27,154.88,143.80,144.19,97012700
2020-03-02,163.47,163.59,153.56,156.40,71030800
2020-03-03,155.64,165.56,153.51,164.43,71677000
2020-03-04,161.35,161.49,156.69,159.40,49814400
2020-03-05,157.30,161.66,156.75,157.10,47817300
2020-03-06,152.86,154.31,147.59,153.84,72821100
2020-03-09,142.50,149.24,141.91,142.86,70419300
2020-03-10,152.24,152.35,144.35,149.63,65354400
2020-03-11,145.35,149.20,143.00,148.66,56371600
2020-03-12,131.56,145.19,131.11,137.46,93226400
2020-03-13,150.26,153.18,133.14,139.55,92727400
2020-03-16,128.12,141.30,127.72,132.45,87905900
2020-03-17,138.67,139.55,127.72,132.45,81059800
2020-03-18,132.83,138.13,127.74,130.56,81593200
2020-03-19,135.01,142.05,131.50,135.07,85922700
2020-03-20,129.94,139.17,128.53,138.13,84866200
2020-03-23,128.65,132.99,125.37,129.62,78975200
2020-03-24,140.34,141.53,133.65,136.00,82516700
2020-03-25,139.00,146.01,136.65,140.88,75638200
2020-03-26,147.69,148.21,140.37,140.40,64568100
2020-03-27,141.63,146.54,141.15,143.57,57042300
2020-03-30,151.59,151.94,141.92,144.22,63420300
2020-03-31,149.21,155.89,148.12,150.80,77927200
2020-04-01,143.91,149.24,142.69,144.75,57969900
2020-04-02,146.89,147.10,142.25,143.67,49630700
2020-04-03,145.53,148.89,143.98,146.74,41243300
2020-04-06,156.36,157.52,149.08,151.67,67111700
2020-04-07,154.67,160.83,154.46,160.44,62769000
2020-04-08,156.22,157.68,154.68,156.74,48318200
2020-04-09,156.23,158.34,154.52,157.39,51385100
2020-04-13,156.58,156.64,153.55,155.49,41905300
2020-04-14,164.33,164.38,158.94,159.89,52874300
2020-04-15,162.61,164.21,160.11,161.97,40940800
2020-04-16,167.49,167.72,163.58,164.90,50479600
2020-04-17,168.97,170.29,166.39,169.82,52765600
2020-04-20,165.62,169.11,165.55,167.10,36669600
2020-04-21,158.77,164.30,157.15,164.14,56203700
2020-04-22,164.16,164.62,161.61,162.15,34620200
2020-04-23,162.18,165.62,161.69,164.72,32790800
2020-04-24,165.14,165.15,161.50,162.78,34277600
2020-04-27,164.66,167.36,163.95,167.07,33194400
2020-04-28,160.65,166.20,160.26,166.12,34392700
2020-04-29,167.86,168.10,162.61,163.88,51286600
2020-04-30,169.55,170.67,166.73,170.29,53875900
2020-05-01,165.16,169.01,164.63,166.32,39370500
2020-05-04,169.20,169.35,164.43,165.08,30372900
2020-05-05,171.01,173.75,170.20,170.88,36839200
2020-05-06,172.70,174.27,171.84,172.26,32139300
2020-05-07,173.70,174.60,172.73,174.24,28316000
2020-05-08,174.72,175.02,173.47,175.00,30877800
2020-05-11,176.67,177.40,172.99,173.27,30892700
2020-05-12,172.67,176.95,172.47,176.73,32038200
2020-05-13,170.06,174.12,167.02,172.71,44711500
2020-05-14,170.79,170.95,166.21,167.97,41873900
2020-05-15,173.28,176.97,167.45,169.40,46610400
2020-05-18,174.94,176.16,174.04,175.73,35264500
2020-05-19,173.73,176.54,173.59,175.05,26799100
2020-05-20,176.14,176.32,174.51,175.33,31261300
2020-05-21,174.02,177.10,173.89,175.89,29119500
2020-05-22,174.10,175.00,173.18,173.79,20826900
2020-05-26,172.26,176.93,171.81,176.78,36073600
2020-05-27,172.48,172.66,167.54,170.96,39517100
2020-05-28,172.10,174.70,171.13,171.47,33810200
2020-05-29,173.85,174.82,171.16,173.36,42130400
2020-06-01,173.45,173.61,172.15,173.18,22622400
2020-06-02,175.43,175.51,172.05,174.80,30794600
2020-06-03,175.85,176.40,174.16,175.34,27311000
2020-06-04,173.54,176.31,172.95,174.85,28761800
2020-06-05,177.60,178.10,172.67,173.25,39893600
2020-06-08,178.70,178.88,174.98,176.40,33211600
2020-06-09,180.06,180.92,177.65,178.36,29783900
2020-06-10,186.74,188.34,181.21,181.33,43872300
2020-06-11,176.72,185.72,176.53,183.22,52854700
2020-06-12,178.11,181.89,175.68,180.77,43373600
2020-06-15,179.25,181.03,174.57,175.11,32770200
2020-06-16,183.64,185.55,181.64,183.00,42556700
2020-06-17,184.28,186.25,183.76,185.03,25687800
2020-06-18,186.25,186.41,184.05,184.05,23061600
2020-06-19,185.14,189.07,184.40,188.40,44441100
2020-06-22,190.28,190.46,185.22,185.75,32818900
2020-06-23,191.55,193.49,191.10,191.72,30917400
2020-06-24,187.69,192.82,186.48,191.26,36740600
2020-06-25,190.06,190.32,185.44,187.65,27803900
2020-06-26,186.26,189.64,184.88,189.49,54675800
2020-06-29,188.26,188.35,183.62,185.74,26701600
2020-06-30,193.07,193.92,187.60,187.73,34310300
2020-07-01,194.20,195.77,191.42,192.72,32061200
2020-07-02,195.68,197.35,194.49,195.13,29315800
2020-07-06,199.89,200.30,197.42,198.12,31897600
2020-07-07,197.57,203.66,197.32,199.66,33600700
2020-07-08,201.91,202.32,197.99,199.30,33600000
2020-07-09,203.33,205.28,200.62,205.23,33121700
2020-07-10,202.71,203.10,200.25,202.66,26177600
2020-07-13,196.45,204.73,195.91,203.48,38135600
2020-07-14,197.66,198.14,191.67,195.56,37591800
2020-07-15,197.37,200.49,194.51,198.81,32179400
2020-07-16,193.46,195.15,191.93,194.86,29940700
2020-07-17,192.47,194.52,191.06,193.98,31635300
2020-07-20,200.75,201.41,192.60,194.49,36884800
2020-07-21,198.04,202.97,197.36,202.70,37990400
2020-07-22,200.89,201.41,197.70,198.47,49605700
2020-07-23,192.15,200.10,191.78,196.56,67457000
2020-07-24,190.97,192.45,187.38,190.14,39827000
2020-07-27,193.39,193.51,190.56,191.14,30160900
2020-07-28,191.66,194.20,191.39,193.17,23251400
2020-07-29,193.59,194.15,191.65,192.11,19632600
2020-07-30,193.44,193.97,189.33,190.69,25079600
2020-07-31,194.49,194.58,188.80,193.92,51044000
2020-08-03,205.43,206.48,199.65,200.67,78983000
2020-08-04,202.35,203.75,199.52,203.18,49280100
2020-08-05,202.02,203.97,200.72,203.88,28806400
2020-08-06,205.25,205.27,200.70,201.45,32656800
2020-08-07,201.58,204.64,200.11,203.83,27820400
2020-08-10,197.57,201.01,195.77,200.81,36716500
2020-08-11,192.95,197.00,192.72,196.53,36446500
2020-08-12,198.46,199.49,194.25,194.76,28013100
2020-08-13,198.00,200.51,197.47,198.70,22588900
2020-08-14,198.18,198.84,196.87,198.05,17958900
2020-08-17,199.49,200.36,198.20,198.85,20184800
2020-08-18,200.64,201.47,198.48,199.73,21336200
2020-08-19,199.42,201.71,199.00,201.13,27627600
2020-08-20,204.07,204.47,198.67,199.27,26981500
2020-08-21,202.58,205.65,202.42,203.38,36249300
2020-08-24,203.22,204.96,202.02,204.27,25460100
2020-08-25,205.86,206.00,202.66,202.66,23043700
2020-08-26,210.31,211.21,206.71,207.20,39600800
2020-08-27,215.48,219.82,208.65,211.97,57602200
2020-08-28,217.69,219.34,215.48,217.00,26292900
2020-08-31,214.48,217.49,213.32,215.88,28774200
2020-09-01,216.13,216.31,213.43,214.46,25725500
2020-09-02,220.30,221.45,216.21,216.80,34080800
2020-09-03,206.65,218.07,204.43,218.04,58400300
2020-09-04,203.75,207.66,195.14,204.56,59664100
2020-09-08,192.73,199.74,192.29,196.38,52924300
2020-09-09,200.94,204.31,196.57,197.43,45679000
2020-09-10,195.31,204.22,194.11,202.94,35461500
2020-09-11,194.03,198.41,191.38,197.05,33620100
2020-09-14,195.35,198.95,194.03,194.23,30375800
2020-09-15,198.55,199.50,196.79,198.21,21823900
2020-09-16,195.00,200.33,194.61,200.30,26328100
2020-09-17,192.97,194.32,190.16,190.25,34011300
2020-09-18,190.57,193.67,186.63,192.86,55225300
2020-09-21,192.62,192.78,186.76,187.53,39839700
2020-09-22,197.26,197.90,192.18,195.01,33517100
2020-09-23,190.76,197.90,190.23,197.71,30803800
2020-09-24,193.23,195.50,189.44,190.06,31202500
2020-09-25,197.64,198.80,192.62,193.58,29437300
2020-09-28,199.18,202.15,197.87,200.55,32004900
2020-09-29,197.10,199.78,196.68,199.09,24221900
2020-09-30,200.02,201.59,196.42,197.55,33829100
2020-10-01,202.05,203.50,200.97,203.03,27158400
2020-10-02,196.09,200.65,195.47,197.81,33154800
2020-10-05,200.07,200.10,196.84,197.07,21331600
2020-10-06,195.82,199.88,194.78,198.59,28554300
2020-10-07,199.55,199.81,196.59,196.91,25681100
2020-10-08,200.26,200.84,198.11,200.20,19925800
2020-10-09,205.24,205.28,200.88,200.88,26458000
2020-10-12,210.55,212.89,206.19,208.07,40461400
2020-10-13,211.94,214.17,209.63,211.81,28950800
2020-10-14,210.04,213.23,208.39,212.07,23421700
2020-10-15,208.90,209.56,205.43,206.46,22733100
2020-10-16,208.90,211.40,208.57,209.36,26057900
2020-10-19,203.72,211.41,203.25,209.62,27625800
2020-10-20,204.13,206.72,202.65,205.23,22753500
2020-10-21,204.27,206.29,202.68,202.68,22724900
2020-10-22,204.36,205.47,201.33,203.45,22351500
2020-10-23,205.63,205.68,202.72,204.49,18879600
2020-10-26,199.79,205.74,197.90,203.37,37111600
2020-10-27,202.80,204.15,200.02,201.22,36700300
2020-10-28,192.75,198.61,192.20,197.49,51195600
2020-10-29,194.69,197.20,193.41,194.07,31432600
2020-10-30,192.55,194.28,189.84,193.53,36953700
2020-11-02,192.42,195.22,190.31,194.28,30842200
2020-11-03,196.32,197.92,193.17,193.90,27512000
2020-11-04,205.79,207.62,202.01,203.53,42311800
2020-11-05,212.35,213.14,210.31,211.16,36080100
2020-11-06,212.76,213.37,207.35,211.37,25231900
2020-11-09,207.69,216.94,207.20,213.44,44395000
2020-11-10,200.67,205.89,199.44,203.99,44045100
2020-11-11,205.94,207.36,201.80,201.98,29440800
2020-11-12,204.88,208.37,203.95,206.57,21593900
2020-11-13,205.90,206.77,203.67,205.76,18621100
2020-11-16,206.59,207.07,204.01,204.34,24953300
2020-11-17,203.95,207.01,203.59,205.51,24154100
2020-11-18,201.26,205.16,201.12,203.71,28372800
2020-11-19,202.54,203.12,200.17,201.55,24792700
2020-11-20,200.60,203.37,200.23,202.33,22843100
2020-11-23,200.34,202.42,198.48,201.14,25683500
2020-11-24,203.91,204.29,199.15,199.84,33979700
2020-11-25,203.92,205.28,202.58,205.11,21012900
2020-11-27,205.22,206.21,204.09,204.86,14512200
2020-11-30,204.11,204.77,201.03,204.14,33064800
2020-12-01,206.15,207.21,203.43,204.53,30904500
2020-12-02,205.35,205.45,202.90,204.89,23724500
2020-12-03,204.28,206.32,203.71,204.63,25120900
2020-12-04,204.39,205.36,203.27,204.26,24666000
2020-12-07,204.32,205.52,203.08,204.40,24620000
2020-12-08,205.96,206.86,202.99,204.02,23284100
2020-12-09,201.95,205.22,201.39,205.15,32440600
2020-12-10,200.73,203.17,200.58,201.92,26733300
2020-12-11,203.34,203.40,199.38,200.28,30979400
2020-12-14,204.24,206.15,202.98,203.19,28798400
2020-12-15,204.17,205.40,202.37,205.16,27000600
2020-12-16,209.08,209.87,204.73,204.76,35023300
2020-12-17,209.21,210.62,207.78,209.64,32515800
2020-12-18,208.42,209.47,205.97,208.42,63354900
2020-12-21,212.24,213.58,207.17,207.43,37181900
2020-12-22,213.52,215.14,211.53,212.33,22612200
2020-12-23,210.74,213.16,210.53,212.73,18699600
2020-12-24,212.39,213.21,210.91,211.12,10550600
2020-12-28,214.50,215.52,212.65,214.01,17933500
2020-12-29,213.72,216.61,213.18,215.78,17403200
2020-12-30,211.37,215.14,211.17,214.75,20272300
2020-12-31,212.08,212.63,209.46,211.39,20942100
2021-01-04,207.57,212.63,204.82,212.18,37130100
2021-01-05,207.77,208.36,205.67,207.16,23823000
2021-01-06,202.38,206.42,202.08,202.30,35930700
2021-01-07,208.14,209.14,203.77,204.09,27694500
2021-01-08,209.41,210.32,206.94,208.51,22956200
2021-01-11,207.37,208.73,206.65,208.31,23031300
2021-01-12,204.93,207.00,203.40,206.43,23249300
2021-01-13,206.28,206.68,203.98,204.07,20087100
2021-01-14,203.11,207.35,202.85,205.87,29480800
2021-01-15,202.76,204.53,202.17,203.59,31746500
2021-01-19,206.37,206.89,202.74,203.81,30480900
2021-01-20,213.91,215.29,207.18,207.57,37777300
2021-01-21,214.51,215.77,212.08,214.25,30709400
2021-01-22,215.44,219.37,215.30,216.52,30172700
2021-01-25,218.85,219.09,213.79,218.46,33152100
2021-01-26,221.52,223.29,219.38,221.08,49169600
2021-01-27,222.07,229.26,219.44,226.93,69870600
2021-01-28,227.82,231.35,224.16,224.65,49111200
2021-01-29,221.17,226.95,220.59,225.01,42503100
2021-02-01,228.50,231.22,221.62,224.13,33314200
2021-02-02,228.37,231.04,227.59,230.08,25916300
2021-02-03,231.70,233.69,228.13,228.43,27158100
2021-02-04,230.75,231.93,229.19,231.37,25296100
2021-02-05,230.94,231.97,229.24,230.96,18054800
2021-02-08,231.19,232.35,229.61,231.84,22211900
2021-02-09,232.43,233.38,230.15,230.62,23565000
2021-02-10,231.53,234.48,229.69,233.61,22186700
2021-02-11,233.12,233.75,230.89,233.40,15751100
2021-02-12,233.60,233.89,231.44,232.58,16561100
2021-02-16,232.37,234.68,231.62,233.63,26728500
2021-02-17,233.38,233.48,230.26,230.63,21653500
2021-02-18,232.99,233.12,230.19,231.09,16925600
2021-02-19,230.29,233.05,229.54,232.95,25262600
2021-02-22,224.12,227.39,222.10,226.90,36446900
2021-02-23,222.93,224.42,218.59,220.12,30228700
2021-02-24,224.16,224.78,218.85,219.82,26339700
2021-02-25,218.84,224.19,217.78,221.80,39542200
2021-02-26,222.08,224.94,219.37,221.27,37819200
2021-03-01,226.44,226.95,222.82,225.45,25324000
2021-03-02,223.51,226.78,223.11,226.51,22812500
2021-03-03,217.48,223.23,217.19,221.87,34029500
2021-03-04,216.68,222.19,214.32,216.69,44727800
2021-03-05,221.34,222.93,216.42,219.35,41872800
2021-03-08,217.31,223.03,217.07,221.12,35267400
2021-03-09,223.42,224.95,221.40,222.56,33080500
2021-03-10,222.12,226.50,221.76,226.50,29746800
2021-03-11,226.62,228.57,223.93,224.55,29907600
2021-03-12,225.30,225.37,222.89,223.64,22653700
2021-03-15,224.40,224.77,221.54,224.55,26034900
2021-03-16,227.18,229.42,225.48,225.81,28092200
2021-03-17,226.54,227.98,222.89,225.69,29562100
2021-03-18,220.50,223.81,220.12,222.25,34833000
2021-03-19,220.14,222.17,219.19,220.78,46430700
2021-03-22,225.53,226.40,219.94,220.07,30127000
2021-03-23,227.05,230.37,226.56,226.97,31638400
2021-03-24,225.03,227.45,224.89,227.31,25620100
2021-03-25,222.04,226.44,221.31,224.87,34061900
2021-03-26,226.00,226.22,221.29,221.29,25479900
2021-03-29,224.82,226.31,221.60,226.11,25227500
2021-03-30,221.58,223.49,220.86,223.18,24792000
2021-03-31,225.32,228.50,222.09,222.59,43623500
2021-04-01,231.61,232.08,227.50,227.90,30338000
2021-04-05,238.03,238.88,231.95,232.00,36910600
2021-04-06,236.88,238.35,235.94,236.64,22931900
2021-04-07,238.83,239.81,236.24,236.83,22719800
2021-04-08,242.03,242.88,240.83,241.57,23625200
2021-04-09,244.51,244.65,241.25,241.66,24326800
2021-04-12,244.57,246.25,243.34,243.42,27148700
2021-04-13,247.04,247.70,245.45,245.86,23837500
2021-04-14,244.26,247.36,243.85,246.07,23070900
2021-04-15,248.00,248.41,246.31,246.50,25627500
2021-04-16,249.19,249.43,246.18,247.97,24878600
2021-04-19,247.27,249.89,246.40,248.66,23209300
2021-04-20,246.82,248.67,245.46,246.40,19722900
2021-04-21,249.03,249.13,245.85,247.47,24030400
2021-04-22,245.77,250.18,244.31,248.68,25606200
2021-04-23,249.58,249.92,245.87,246.45,21462600
2021-04-26,249.96,250.81,248.64,250.06,19763300
2021-04-27,250.36,251.53,248.59,249.99,31014200
2021-04-28,243.28,245.17,241.74,244.73,46903100
2021-04-29,241.32,244.75,237.97,244.14,40589000
2021-04-30,241.01,241.87,238.54,238.67,30945100
2021-05-03,240.70,243.08,239.99,242.17,19626600
2021-05-04,236.81,240.08,234.87,239.85,32756100
2021-05-05,235.55,238.44,234.93,238.02,21901300
2021-05-06,238.66,238.79,233.85,235.53,26491100
2021-05-07,241.27,243.03,240.04,240.98,27032900
2021-05-10,236.23,240.58,236.17,239.75,29299900
2021-05-11,235.32,235.67,231.82,233.71,33641600
2021-05-12,228.41,233.55,227.52,231.44,36684400
2021-05-13,232.26,234.72,230.72,231.09,29624300
2021-05-14,237.15,238.14,234.61,234.70,23901100
2021-05-17,234.32,235.66,232.73,235.62,24970200
2021-05-18,232.31,235.49,232.14,235.36,20168000
2021-05-19,232.88,232.99,228.55,229.23,25739800
2021-05-20,236.10,237.51,233.59,233.69,21800700
2021-05-21,234.85,237.87,234.43,237.15,21863100
2021-05-24,240.22,240.58,237.09,237.36,21411500
2021-05-25,241.12,242.11,240.26,241.17,17704300
2021-05-26,240.90,242.29,240.19,240.84,17771600
2021-05-27,238.81,240.89,238.75,240.59,24426200
2021-05-28,239.17,241.47,239.05,240.43,18270200
2021-06-01,236.98,240.71,236.56,240.65,23213300
2021-06-02,236.89,238.77,235.49,237.68,19406700
2021-06-03,235.36,235.97,232.77,234.89,25307700
2021-06-04,240.23,241.05,237.09,237.33,25281100
2021-06-07,243.12,243.39,239.29,239.45,23079200
2021-06-08,241.94,245.23,241.88,244.42,22455000
2021-06-09,242.91,244.77,242.55,243.12,17937600
2021-06-10,246.41,246.62,242.99,243.58,24563600
2021-06-11,247.03,247.61,245.81,247.13,18999700
2021-06-14,248.95,249.00,245.99,247.04,19150500
2021-06-15,247.48,249.04,246.83,248.83,18038900
2021-06-16,246.54,249.61,243.71,248.48,27220000
2021-06-17,249.91,250.73,245.23,245.29,27565500
2021-06-18,248.51,251.26,247.85,248.70,37202200
2021-06-21,251.57,252.42,247.06,248.88,26696100
2021-06-22,254.33,254.60,251.35,251.66,24694100
2021-06-23,254.10,255.59,253.30,254.79,19518700
2021-06-24,255.46,256.57,254.29,254.95,21446900
2021-06-25,253.86,256.00,253.61,255.02,25611100
2021-06-28,257.41,257.58,254.71,254.98,19590000
2021-06-29,259.97,260.21,256.70,257.55,19937800
2021-06-30,259.49,259.93,258.25,259.29,21656500
2021-07-01,260.16,260.39,258.25,258.26,16725300
2021-07-02,265.96,266.29,261.03,261.33,26458000
2021-07-06,265.97,267.61,262.75,266.32,31565600
2021-07-07,268.14,268.87,265.48,267.64,23260000
2021-07-08,265.74,266.99,263.30,265.24,24618600
2021-07-09,266.24,266.34,263.73,264.11,23916700
2021-07-12,265.64,267.99,264.93,267.41,18931700
2021-07-13,269.15,270.94,265.71,265.83,26120100
2021-07-14,270.61,271.72,268.74,270.46,23113700
2021-07-15,269.20,270.61,268.05,270.13,22604200
2021-07-16,268.93,272.14,267.69,270.19,26186800
2021-07-19,265.35,268.56,262.89,267.19,32935600
2021-07-20,267.56,269.14,264.63,266.32,26259700
2021-07-21,269.55,269.67,265.61,267.16,24364300
2021-07-22,274.09,274.36,271.49,271.89,23384100
2021-07-23,277.47,277.78,274.44,275.27,22768100
2021-07-26,276.88,277.49,274.57,276.83,23176100
2021-07-27,274.47,277.39,271.04,277.24,33604100
2021-07-28,274.17,277.93,271.88,276.82,33566900
2021-07-29,274.44,276.47,274.03,274.19,18168300
2021-07-30,272.91,274.59,271.96,273.16,20944800
2021-08-02,272.83,274.70,271.79,274.30,16267400
2021-08-03,275.03,275.14,272.04,273.40,17879000
2021-08-04,274.45,275.48,272.66,274.17,16191300
2021-08-05,277.33,277.43,274.05,274.80,13900200
2021-08-06,277.27,277.31,275.51,276.36,16589300
2021-08-09,276.19,279.27,275.69,277.55,16117600
2021-08-10,274.38,277.07,273.19,276.64,18616600
2021-08-11,274.87,276.51,273.82,275.12,13955900
2021-08-12,277.61,277.76,274.28,274.56,14561300
2021-08-13,280.52,280.57,277.12,277.29,18249000
2021-08-16,282.20,282.41,277.81,280.84,22507600
2021-08-17,280.74,281.07,278.82,280.08,20075300
2021-08-18,279.02,282.95,278.58,280.28,21813000
2021-08-19,284.82,285.49,277.02,277.06,29850500
2021-08-20,292.10,293.52,286.06,287.65,40817600
2021-08-23,292.38,293.10,289.69,291.04,22830200
2021-08-24,290.43,293.34,289.84,292.74,18175800
2021-08-25,289.85,292.32,288.32,292.05,20006100
2021-08-26,287.04,290.25,286.91,288.87,17666100
2021-08-27,287.65,288.75,284.88,286.95,22605700
2021-08-30,291.36,291.97,288.94,288.99,16348100
2021-08-31,289.72,292.24,289.36,292.16,26285300
2021-09-01,289.67,292.90,289.35,290.67,18983800
2021-09-02,289.02,291.14,288.09,290.03,16285600
2021-09-03,289.01,290.41,288.17,288.87,14747900
2021-09-07,288.09,288.96,286.19,288.89,17180400
2021-09-08,288.12,288.50,285.49,287.71,15046800
2021-09-09,285.28,289.97,285.04,288.71,19927000
2021-09-10,283.80,287.84,283.48,286.40,19633400
2021-09-13,285.03,286.52,282.24,285.57,23652900
2021-09-14,287.72,289.25,286.09,287.50,21853400
2021-09-15,292.54,293.02,289.66,291.05,28356300
2021-09-16,292.93,293.01,288.65,291.53,19550800
2021-09-17,287.79,292.24,287.47,291.92,41372500
2021-09-20,282.45,286.69,277.86,284.40,38278700
2021-09-21,282.93,285.56,282.23,283.78,22364100
2021-09-22,286.56,288.13,282.65,284.78,26626300
2021-09-23,287.50,288.78,285.55,286.81,18604600
2021-09-24,287.29,287.73,284.97,286.22,14999000
2021-09-27,282.32,284.53,281.14,284.21,23571700
2021-09-28,272.10,279.07,271.36,278.13,43186200
2021-09-29,272.56,275.22,271.61,273.62,26353700
2021-09-30,270.57,276.24,270.28,274.20,32343600
2021-10-01,277.46,278.30,269.96,270.76,30086300
2021-10-04,271.71,276.16,268.96,275.83,31350700
2021-10-05,277.13,278.70,272.61,272.61,24993000
2021-10-06,281.31,281.80,274.01,274.27,28002600
2021-10-07,282.98,284.69,282.08,283.29,20430500
2021-10-08,282.98,284.69,281.93,284.29,17685700
2021-10-11,282.38,285.97,280.96,281.12,19298600
2021-10-12,281.08,283.54,280.58,283.45,17974100
2021-10-13,284.38,285.31,281.67,283.03,23416300
2021-10-14,290.56,291.06,285.84,287.16,27262900
2021-10-15,291.96,292.19,288.42,290.16,25384800
2021-10-18,294.91,295.80,290.50,291.34,22729300
2021-10-19,295.82,296.84,294.85,295.93,17682100
2021-10-20,295.03,297.23,293.78,296.76,16537100
2021-10-21,298.24,298.49,294.02,294.80,16918100
2021-10-22,296.71,298.56,295.40,297.90,17449300
2021-10-25,295.72,296.94,294.12,296.90,17554500
2021-10-26,297.62,299.82,296.17,298.48,28107300
2021-10-27,310.16,312.97,303.27,303.27,52588700
2021-10-28,311.29,311.79,308.42,311.27,26297900
2021-10-29,318.26,318.63,310.86,311.08,34766000
2021-11-01,316.11,318.14,313.23,318.02,27073200
2021-11-02,319.71,320.02,316.71,317.01,26487100
2021-11-03,320.55,321.41,317.33,320.45,21500100
2021-11-04,322.89,322.99,316.24,319.48,23992200
2021-11-05,322.53,325.15,320.95,324.88,22570100
2021-11-08,323.42,324.05,320.97,323.72,20897000
2021-11-09,322.42,325.08,321.06,323.53,21307400
2021-11-10,317.48,321.15,316.63,321.10,25500900
2021-11-11,319.04,320.33,317.20,317.91,16849800
2021-11-12,323.16,323.65,320.35,320.47,23831000
2021-11-15,322.54,324.27,320.58,323.95,16723000
2021-11-16,325.84,326.95,322.00,322.16,20886800
2021-11-17,326.06,329.01,324.98,325.89,19053400
2021-11-18,328.13,329.26,324.14,325.15,22463500
2021-11-19,329.89,331.81,329.02,329.44,21963400
2021-11-22,326.74,336.20,326.47,331.35,31031100
2021-11-23,324.67,326.38,320.71,324.07,30427600
2021-11-24,324.89,325.14,321.05,323.33,21661300
2021-11-26,316.98,324.91,315.48,321.47,24217200
2021-11-29,323.66,325.97,321.85,322.04,28563500
2021-11-30,317.86,324.77,316.32,322.40,42885600
2021-12-01,317.37,326.21,316.70,322.22,33337600
2021-12-02,316.80,320.65,315.17,317.58,30766000
2021-12-03,310.57,319.89,305.78,319.20,41779300
2021-12-06,313.63,314.84,306.93,311.47,30032600
2021-12-07,322.02,322.87,317.39,318.87,31021900
2021-12-08,322.07,322.58,318.06,322.39,24761000
2021-12-09,320.27,323.53,319.33,321.53,22214200
2021-12-10,329.35,329.79,321.89,322.08,38095700
2021-12-13,326.33,330.55,326.02,327.56,28899400
2021-12-14,315.69,321.75,311.63,320.39,44438700
2021-12-15,321.76,322.28,312.00,315.95,35381100
2021-12-16,312.39,323.79,310.58,322.78,35034800
2021-12-17,311.33,312.41,305.03,308.52,47750300
2021-12-20,307.59,310.37,305.34,307.72,28326500
2021-12-21,314.68,315.11,307.48,310.84,24740600
2021-12-22,320.37,320.76,313.20,315.65,24831500
2021-12-23,321.80,323.43,319.91,319.93,19617800
2021-12-27,329.26,329.29,322.51,322.54,19947000
2021-12-28,328.11,330.57,327.21,329.93,15661500
2021-12-29,328.78,331.04,326.60,328.15,15042000
2021-12-30,326.25,329.91,325.77,328.74,15994500
2021-12-31,323.37,326.29,322.91,325.47,18000800
2022-01-03,321.86,324.98,317.08,322.43,28865100
2022-01-04,316.34,322.29,313.56,321.93,32674300
2022-01-05,304.19,313.51,303.81,313.31,40054300
2022-01-06,301.79,306.42,299.49,301.09,39646100
2022-01-07,301.94,304.31,298.15,302.05,32720000
2022-01-10,302.17,302.60,292.95,297.57,44289500
2022-01-11,302.85,304.42,297.95,301.31,29386800
2022-01-12,306.01,310.95,304.87,307.36,34372200
2022-01-13,293.06,308.52,292.29,308.13,45366000
2022-01-14,298.25,298.85,292.05,292.53,39846400
2022-01-18,290.99,297.87,290.12,292.36,42333200
2022-01-19,291.65,301.82,291.04,294.49,45933900
2022-01-20,289.98,299.65,289.54,297.17,35380700
2022-01-21,284.63,292.40,284.22,291.03,57984400
2022-01-24,284.95,285.67,265.42,280.95,85731500
2022-01-25,277.38,283.63,274.19,280.29,72848600
2022-01-26,285.28,296.62,281.74,296.13,90428900
2022-01-27,288.29,295.46,286.45,291.00,53481300
2022-01-28,296.39,296.60,283.11,288.67,49743700
2022-01-31,299.00,300.35,294.57,297.05,46444500
2022-02-01,296.87,298.67,293.38,298.45,40950400
2022-02-02,301.39,302.98,296.98,297.70,36636000
2022-02-03,289.65,299.24,288.41,297.57,43730000
2022-02-04,294.16,296.91,288.42,288.65,35096500
2022-02-07,289.36,295.98,288.35,294.38,28533300
2022-02-08,292.83,293.79,288.40,289.65,32421200
2022-02-09,299.22,299.92,295.55,297.93,31284700
2022-02-10,290.73,297.21,289.12,292.33,45386200
2022-02-11,283.68,292.57,282.89,291.51,39175600
2022-02-14,283.64,285.33,280.13,282.45,36359500
2022-02-15,288.90,289.21,285.58,288.45,27058300
2022-02-16,288.56,289.88,282.95,287.47,29982100
2022-02-17,280.11,285.96,279.41,285.53,32461600
2022-02-18,277.41,283.13,275.85,282.35,34264000
2022-02-22,277.21,280.89,274.11,274.59,41736100
2022-02-23,270.03,281.04,269.87,279.58,37811200
2022-02-24,283.83,284.38,261.60,262.56,56989700
2022-02-25,286.45,286.76,281.00,284.36,32546700
2022-02-28,287.88,288.21,282.30,283.56,34627500
2022-03-01,284.18,289.01,281.48,285.57,31217800
2022-03-02,289.22,290.46,282.97,284.57,31873000
2022-03-03,285.11,292.06,283.31,291.83,27314500
2022-03-04,279.27,284.86,276.68,283.54,32356500
2022-03-07,268.72,279.11,268.36,277.99,43157200
2022-03-08,265.77,273.59,260.14,267.65,48159500
2022-03-09,277.96,279.02,270.52,273.09,35204500
2022-03-10,275.16,276.13,270.33,272.68,30628000
2022-03-11,269.84,278.93,269.22,277.44,27209300
2022-03-14,266.34,274.97,265.74,270.10,30660700
2022-03-15,276.66,277.31,268.55,270.11,34245100
2022-03-16,283.64,283.81,272.86,278.55,37826300
2022-03-17,284.44,284.81,278.80,282.58,30816600
2022-03-18,289.46,290.00,282.04,284.58,43390600
2022-03-21,288.23,289.18,284.13,287.97,28351200
2022-03-22,292.95,293.86,287.86,288.85,27599700
2022-03-23,288.55,292.15,286.84,289.53,25715400
2022-03-24,292.99,293.09,287.42,288.21,24484500
2022-03-25,292.59,294.34,288.36,294.08,22566500
2022-03-28,299.35,299.45,293.21,293.21,29578200
2022-03-29,303.89,304.28,297.76,302.44,30393400
2022-03-30,302.40,304.41,300.20,302.30,28163600
2022-03-31,297.05,303.63,296.64,302.43,33422100
2022-04-01,298.12,298.80,294.38,298.07,27110500
2022-04-04,303.46,303.60,298.40,298.76,24289600
2022-04-05,299.52,303.37,298.55,301.83,23156700
2022-04-06,288.56,295.79,285.87,294.04,40110400
2022-04-07,290.36,292.56,285.52,285.82,31411200
2022-04-08,286.12,290.12,285.46,289.47,24361900
2022-04-11,274.84,281.92,274.59,281.13,34569300
2022-04-12,271.76,280.12,270.24,278.67,30966700
2022-04-13,277.11,278.04,271.02,272.40,21907200
2022-04-14,269.61,277.78,269.12,277.57,28221600
2022-04-18,270.27,272.14,268.17,268.72,20778000
2022-04-19,274.88,275.72,268.24,269.17,22297700
2022-04-20,275.90,279.12,274.95,278.83,22906700
2022-04-21,270.55,282.59,269.83,278.04,29454600
2022-04-22,264.02,272.86,263.39,271.39,29405800
2022-04-25,270.47,270.84,260.88,263.31,35678900
2022-04-26,260.35,268.19,260.14,267.36,46518400
2022-04-27,272.87,280.34,268.96,271.80,63477700
2022-04-28,279.05,280.35,271.18,274.77,33646600
2022-04-29,267.38,279.29,266.40,278.07,37073900
2022-05-02,274.08,274.53,266.13,267.57,35151100
2022-05-03,271.49,273.75,269.92,273.59,25978600
2022-05-04,279.39,280.25,266.62,272.27,33599300
2022-05-05,267.22,275.89,264.32,275.11,43260400
2022-05-06,264.69,269.05,261.36,264.77,37780300
2022-05-09,254.92,262.41,253.70,260.20,47726000
2022-05-10,259.66,263.75,255.39,261.77,39336400
2022-05-11,251.03,261.45,249.83,255.98,48975900
2022-05-12,246.02,250.39,240.89,248.28,51033800
2022-05-13,251.58,253.43,246.02,247.95,34925100
2022-05-16,251.95,256.11,246.44,250.46,32550900
2022-05-17,257.07,258.53,252.87,256.39,28828800
2022-05-18,245.37,254.56,244.10,253.98,31356000
2022-05-19,244.46,248.84,243.24,245.20,32692300
2022-05-20,243.90,249.68,237.99,248.42,39199300
2022-05-23,251.71,252.53,244.74,246.73,33175400
2022-05-24,250.72,252.37,244.81,249.05,29043900
2022-05-25,253.52,255.51,248.31,249.29,28547900
2022-05-26,256.78,257.95,252.47,253.28,25002100
2022-05-27,263.87,263.97,258.39,259.28,26910800
2022-05-31,262.55,265.35,259.71,263.19,37827700
2022-06-01,263.08,268.17,260.78,265.76,25292200
2022-06-02,265.17,265.23,252.63,255.38,44008200
2022-06-03,260.76,264.07,259.21,261.04,28059000
2022-06-06,259.54,264.78,258.06,262.73,22400300
2022-06-07,263.16,263.77,256.82,257.50,22860700
2022-06-08,261.14,263.64,260.37,262.39,17372300
2022-06-09,255.71,263.36,255.56,258.60,26439700
2022-06-10,244.32,251.65,243.87,251.65,31422800
2022-06-13,233.95,240.48,233.25,236.71,46135800
2022-06-14,236.11,237.31,233.23,235.50,28651500
2022-06-15,243.13,246.55,237.97,239.80,33111700
2022-06-16,236.57,238.94,234.69,237.55,33169200
2022-06-17,239.16,241.91,235.66,236.31,43084800
2022-06-21,245.04,246.02,240.96,241.68,29928300
2022-06-22,244.45,248.35,241.79,243.25,25939900
2022-06-23,249.98,250.48,244.93,246.81,25861400
2022-06-24,258.52,258.79,252.75,252.83,33923200
2022-06-27,255.81,259.10,254.25,259.01,24615100
2022-06-28,247.69,257.76,247.53,254.93,27295500
2022-06-29,251.34,252.99,246.99,248.76,20069800
2022-06-30,248.02,250.63,244.23,248.24,31730900
2022-07-01,250.68,250.86,245.88,247.60,22837700
2022-07-05,253.84,253.96,246.01,247.38,22941000
2022-07-06,257.08,258.80,253.40,254.71,23824400
2022-07-07,259.20,259.84,255.93,256.03,20859900
2022-07-08,258.48,258.91,254.26,255.71,19658800
2022-07-11,255.44,257.39,253.19,256.54,19455200
2022-07-12,244.97,256.82,243.40,256.76,35868500
2022-07-13,244.06,244.86,239.60,241.61,29497400
2022-07-14,245.37,246.39,237.51,241.98,25102800
2022-07-15,247.92,251.44,246.04,246.95,29774100
2022-07-18,245.53,251.90,244.62,250.84,20975000
2022-07-19,250.63,250.82,244.98,248.75,25012600
2022-07-20,253.28,255.79,250.03,250.99,22788300
2022-07-21,255.76,255.81,248.22,250.88,22404700
2022-07-22,251.43,256.23,250.19,256.15,21881300
2022-07-25,249.96,252.53,248.01,252.05,21056000
2022-07-26,243.26,250.97,241.01,250.95,39348000
2022-07-27,259.53,260.79,249.98,252.21,45994000
2022-07-28,266.93,268.31,258.69,260.50,33459300
2022-07-29,271.11,272.33,267.15,268.18,32152800
2022-08-01,268.48,271.64,266.38,268.29,21539600
2022-08-02,265.40,268.36,263.04,266.54,22754200
2022-08-03,272.79,273.78,267.13,267.27,23518900
2022-08-04,273.93,274.07,270.56,272.14,18098700
2022-08-05,273.21,273.93,269.13,269.58,16774600
2022-08-08,270.71,276.12,269.74,274.31,18739200
2022-08-09,272.62,273.37,268.09,270.05,23405200
2022-08-10,279.25,279.87,277.10,278.29,24687800
2022-08-11,277.18,281.23,276.69,280.88,20065900
2022-08-12,281.90,281.90,277.10,278.59,22619700
2022-08-15,283.41,284.09,280.16,281.02,18085700
2022-08-16,282.67,283.96,280.46,281.98,18102900
2022-08-17,281.93,283.89,280.14,280.40,18253400
2022-08-18,280.82,282.50,279.76,280.84,17186200
2022-08-19,276.93,279.93,276.36,279.59,20570000
2022-08-22,268.80,273.35,268.28,272.99,25061100
2022-08-23,267.53,269.87,266.52,267.53,17527400
2022-08-24,266.90,268.29,266.24,266.53,18137000
2022-08-25,269.86,270.03,265.67,268.39,16583400
2022-08-26,259.45,271.30,259.34,270.08,27549300
2022-08-29,256.68,258.78,255.34,257.28,20338500
2022-08-30,254.49,258.44,252.26,258.07,22767100
2022-08-31,253.04,258.50,252.91,256.84,24791800
2022-09-01,252.01,252.48,247.18,250.53,23263400
2022-09-02,247.81,256.21,246.27,253.26,22855400
2022-09-06,245.09,249.52,243.82,247.94,21328200
2022-09-07,249.77,250.49,245.06,246.49,24126700
2022-09-08,250.19,252.04,246.58,249.21,20319900
2022-09-09,255.94,256.68,251.90,252.10,22084700
2022-09-12,258.05,258.83,256.61,257.21,18747700
2022-09-13,243.87,252.01,243.48,250.50,33353300
2022-09-14,244.09,246.03,241.81,245.36,23913000
2022-09-15,237.47,243.30,236.15,241.72,31530900
2022-09-16,236.85,237.39,234.26,236.39,39791800
2022-09-19,236.64,237.24,233.09,234.65,26826900
2022-09-20,234.63,235.66,231.92,234.27,26660300
2022-09-21,231.25,239.68,231.20,236.40,28625600
2022-09-22,233.21,236.00,229.91,230.20,31061200
2022-09-23,230.25,233.36,227.62,231.82,34176000
2022-09-26,229.80,233.67,229.26,229.41,27694200
2022-09-27,228.79,234.01,226.94,232.24,27018700
2022-09-28,233.30,234.52,227.16,229.18,29029700
2022-09-29,229.84,232.22,226.85,231.19,27484200
2022-09-30,225.39,232.79,225.23,230.61,35694800
2022-10-03,232.98,233.82,227.10,227.82,28880400
2022-10-04,240.86,242.29,237.08,237.19,34888400
2022-10-05,241.17,242.50,236.23,238.06,20347100
2022-10-06,238.83,242.27,238.15,239.94,20239900
2022-10-07,226.69,233.54,225.65,233.13,37769600
2022-10-10,221.86,227.00,219.42,225.54,29743600
2022-10-11,218.14,221.68,216.89,220.28,30474000
2022-10-12,218.47,220.51,216.74,218.13,21903900
2022-10-13,226.69,228.49,212.07,212.76,42551800
2022-10-14,221.19,229.59,220.98,227.95,30198600
2022-10-17,229.87,231.26,227.56,228.22,28142300
2022-10-18,230.81,236.07,227.78,235.40,26329600
2022-10-19,228.86,231.89,226.74,229.40,19985700
2022-10-20,228.54,233.53,227.30,228.17,21811000
2022-10-21,234.32,235.17,226.94,227.17,26299700
2022-10-24,239.28,239.85,233.52,235.90,24911200
2022-10-25,242.58,242.95,237.91,239.29,34775500
2022-10-26,223.86,230.62,222.64,223.72,82543200
2022-10-27,219.44,226.16,218.50,223.59,40424600
2022-10-28,228.27,228.97,218.76,218.95,40647700
2022-10-31,224.65,227.35,223.70,226.22,28357300
2022-11-01,220.81,228.14,220.00,227.04,30592300
2022-11-02,213.01,223.84,212.95,222.06,38407000
2022-11-03,207.34,213.31,207.08,213.00,36633900
2022-11-04,214.25,214.45,206.55,210.54,36789100
2022-11-07,220.52,221.05,214.15,214.83,33498000
2022-11-08,221.49,224.18,218.56,221.33,28192500
2022-11-09,217.27,221.26,217.10,220.04,27852900
2022-11-10,235.15,235.49,227.42,227.84,46268000
2022-11-11,239.14,240.00,234.13,235.16,34620200
2022-11-14,233.76,236.05,231.50,234.19,31123300
2022-11-15,234.17,239.04,232.29,237.74,31390100
2022-11-16,234.60,236.61,233.33,235.63,24093300
2022-11-17,234.55,236.07,230.62,230.76,23123500
2022-11-18,234.10,236.55,231.98,236.32,27613500
2022-11-21,234.91,237.45,234.07,234.31,26394700
2022-11-22,237.80,238.07,233.61,236.40,19665700
2022-11-23,240.27,240.95,237.06,237.88,19508500
2022-11-25,240.19,241.36,239.45,240.01,9200800
2022-11-28,234.63,239.37,233.69,238.82,24778200
2022-11-29,233.24,235.63,231.18,234.28,17956300
2022-11-30,247.61,247.80,232.78,233.47,47594200
2022-12-01,247.17,248.56,243.52,246.38,26041500
2022-12-02,247.49,248.50,242.32,242.45,21528500
2022-12-05,242.82,246.33,240.74,244.57,23435300
2022-12-06,237.89,244.43,236.59,243.42,22463700
2022-12-07,237.16,238.90,235.06,237.61,20481500
2022-12-08,240.10,241.40,235.89,237.62,22611800
2022-12-09,238.18,240.98,236.96,237.48,20609700
2022-12-12,245.06,245.09,239.88,240.15,30665100
2022-12-13,249.34,256.13,245.60,253.97,42196900
2022-12-14,249.63,254.84,246.81,249.54,35410900
2022-12-15,241.66,246.70,240.04,246.23,35560400
2022-12-16,237.47,242.47,236.32,241.22,86102000
2022-12-19,233.35,237.97,231.67,237.63,29696400
2022-12-20,234.67,235.74,231.38,232.34,25150800
2022-12-21,237.22,238.37,233.02,234.56,23690600
2022-12-22,231.16,234.85,226.97,234.14,28651700
2022-12-23,231.69,231.82,227.04,229.14,21207000
2022-12-27,229.97,231.88,228.87,231.66,16688600
2022-12-28,227.61,232.65,227.26,229.90,17457100
2022-12-29,233.90,234.78,228.70,228.70,19770700
2022-12-30,232.74,232.88,229.68,231.18,21938500
2023-01-03,232.51,238.50,230.39,235.91,25740000
2023-01-04,222.34,226.00,219.29,225.43,50623400
2023-01-05,215.75,220.84,215.22,220.50,39585600
2023-01-06,218.29,219.10,212.88,216.42,43613600
2023-01-09,220.42,224.42,219.73,219.77,27369800
2023-01-10,222.10,224.48,220.62,221.04,27033900
2023-01-11,228.81,228.99,224.29,224.47,28669300
2023-01-12,231.47,232.82,226.67,228.32,27269500
2023-01-13,232.17,232.31,227.99,230.01,21333300
2023-01-17,233.26,233.80,230.09,230.95,29831300
2023-01-18,228.85,235.23,228.57,234.44,30028700
2023-01-19,225.09,228.57,223.87,226.88,28623000
2023-01-20,233.13,233.64,227.59,227.93,35389800
2023-01-23,235.42,237.94,232.58,233.99,31934000
2023-01-24,234.90,236.75,233.35,235.34,40234400
2023-01-25,233.51,236.12,224.09,227.56,66526600
2023-01-26,240.68,240.98,234.86,236.46,33454500
2023-01-27,240.84,242.46,239.55,241.64,26498900
2023-01-30,235.55,238.35,235.05,237.30,25867400
2023-01-31,240.50,240.63,235.78,236.27,26541100
2023-02-01,245.29,247.65,238.23,240.68,31259900
2023-02-02,256.79,256.88,249.66,251.18,39940400
2023-02-03,250.73,256.40,249.51,251.88,29077300
2023-02-06,249.19,250.68,247.26,249.84,22518000
2023-02-07,259.66,260.84,252.41,252.84,50841400
2023-02-08,258.86,268.59,258.35,265.14,54686000
2023-02-09,255.84,265.90,255.05,265.72,42375100
2023-02-10,255.34,256.30,252.97,253.81,25818500
2023-02-13,263.31,266.50,259.27,259.74,44630900
2023-02-14,264.14,266.86,261.33,264.62,37047900
2023-02-15,262.03,263.40,258.97,261.05,28922400
2023-02-16,255.05,259.52,254.81,256.87,29603600
2023-02-17,251.07,253.05,249.07,252.37,30000100
2023-02-21,245.83,248.57,244.78,247.59,28397400
2023-02-22,244.70,247.45,243.56,247.21,22491100
2023-02-23,247.87,249.89,243.70,248.64,29219100
2023-02-24,242.47,244.20,241.38,243.19,24990900
2023-02-27,243.39,245.97,242.64,245.62,21190000
2023-02-28,242.67,244.68,242.00,242.33,22491000
2023-03-01,239.60,244.14,239.13,243.97,27565300
2023-03-02,244.31,244.59,238.96,239.87,24808200
2023-03-03,248.38,248.70,244.58,245.36,30760100
2023-03-06,249.91,253.08,249.05,249.49,24109800
2023-03-07,247.27,250.71,246.53,249.36,21473200
2023-03-08,246.83,247.65,244.02,247.16,17340200
2023-03-09,245.49,252.53,244.77,248.89,26653400
2023-03-10,241.86,245.95,240.90,244.28,28333900
2023-03-13,247.04,250.93,239.08,240.70,33339700
2023-03-14,253.73,254.00,248.93,249.80,33620300
2023-03-15,258.25,259.26,252.19,252.94,46028000
2023-03-16,268.72,269.07,256.15,258.03,54768800
2023-03-17,271.86,275.66,268.84,270.73,69527400
2023-03-20,264.86,269.97,262.54,269.48,43466600
2023-03-21,266.37,267.55,262.22,267.44,34558700
2023-03-22,264.92,273.43,264.81,266.00,34873300
2023-03-23,270.14,273.45,267.75,270.41,36610900
2023-03-24,272.97,273.03,267.83,269.73,28172000
2023-03-27,268.90,273.84,268.06,272.90,26840200
2023-03-28,267.78,268.66,264.68,268.32,21878600
2023-03-29,272.91,273.53,270.87,271.41,25087000
2023-03-30,276.36,276.76,273.86,276.53,25053400
2023-03-31,280.49,281.44,275.34,276.05,32766000
2023-04-03,279.45,280.46,276.26,278.76,24883300
2023-04-04,279.40,282.59,277.93,279.45,25824300
2023-04-05,276.64,279.37,275.26,278.11,22064800
2023-04-06,283.70,284.17,274.39,275.54,29770300
2023-04-10,281.55,281.76,277.00,281.38,23103000
2023-04-11,275.17,278.24,274.01,278.01,27276600
2023-04-12,275.81,279.24,274.33,277.08,27403400
2023-04-13,281.99,282.05,275.50,275.91,24222700
2023-04-14,278.39,280.67,276.01,279.23,20987900
2023-04-17,280.98,283.70,278.41,282.08,23836200
2023-04-18,280.56,283.86,279.24,283.68,20161800
2023-04-19,280.64,281.22,276.84,278.25,17150300
2023-04-20,278.36,281.20,277.36,277.53,23244400
2023-04-21,278.02,278.52,275.40,277.29,21676400
2023-04-24,274.14,277.23,271.17,274.45,26611000
2023-04-25,267.96,273.98,267.91,271.94,45772200
2023-04-26,287.37,291.46,284.80,288.67,64599200
2023-04-27,296.58,296.94,287.26,287.96,46462600
2023-04-28,298.94,300.57,295.10,295.78,36469600
2023-05-01,297.29,300.24,296.89,298.66,21294100
2023-05-02,297.14,300.81,295.68,299.43,26404400
2023-05-03,296.16,300.25,295.86,298.32,22360800
2023-05-04,297.14,299.43,295.18,297.95,22519900
2023-05-05,302.24,303.52,296.03,297.44,28197100
2023-05-08,300.29,301.80,297.80,301.73,21318600
2023-05-09,298.69,301.65,298.02,299.66,21340800
2023-05-10,303.85,304.52,299.34,300.26,30078000
2023-05-11,301.71,302.70,297.97,301.70,31680200
2023-05-12,300.60,302.24,298.30,302.14,19774700
2023-05-15,301.08,301.51,299.26,300.73,16336500
2023-05-16,303.30,305.22,301.44,301.44,26730300
2023-05-17,306.17,306.58,302.99,304.50,24315000
2023-05-18,310.57,311.08,305.89,306.68,27276000
2023-05-19,310.40,310.80,308.48,308.84,27546700
2023-05-22,313.17,314.54,310.08,310.65,24115700
2023-05-23,307.39,314.67,307.38,312.05,30797200
2023-05-24,306.02,308.60,304.81,306.88,23384900
2023-05-25,317.79,318.74,312.02,315.18,43301700
2023-05-26,324.58,325.08,315.80,315.94,36630600
2023-05-30,322.95,327.36,322.27,326.87,29503100
2023-05-31,320.20,327.56,319.16,324.00,45950600
2023-06-01,324.28,325.21,316.62,317.80,26773900
2023-06-02,327.03,329.08,324.25,325.91,25873800
2023-06-05,327.56,330.11,326.31,326.86,21307100
2023-06-06,325.35,327.00,323.88,326.96,20396200
2023-06-07,315.31,326.14,314.45,323.38,40717100
2023-06-08,317.14,318.49,315.28,315.86,23277700
2023-06-09,318.64,321.76,316.32,316.88,22529000
2023-06-12,323.57,323.81,317.05,320.38,24260300
2023-06-13,325.95,328.57,322.15,326.12,22951300
2023-06-14,328.92,330.58,324.51,326.00,26003800
2023-06-15,339.41,341.11,328.79,329.06,38899100
2023-06-16,333.79,342.70,333.42,342.55,46552000
2023-06-20,329.62,333.55,327.48,330.84,26375400
2023-06-21,325.24,329.30,323.78,327.98,25117800
2023-06-22,331.23,331.63,325.02,325.78,23556800
2023-06-23,326.66,329.53,325.13,326.02,23146900
2023-06-26,320.40,327.72,320.29,325.39,21520600
2023-06-27,326.22,327.76,321.08,323.58,24354100
2023-06-28,327.47,329.55,325.48,326.31,20259500
2023-06-29,326.69,327.72,324.32,326.36,16997000
2023-06-30,332.04,334.18,328.79,329.32,26832800
2023-07-03,329.56,332.39,328.17,330.73,12508700
2023-07-05,329.71,333.13,326.38,326.73,18172400
2023-07-06,332.76,334.43,327.13,328.88,28161200
2023-07-07,328.81,333.26,328.59,330.85,21214800
2023-07-10,323.55,326.87,319.42,326.25,32791400
2023-07-11,324.17,324.56,318.84,322.80,26698200
2023-07-12,328.79,333.13,327.30,328.20,29995300
2023-07-13,334.11,335.16,330.56,331.09,20567200
2023-07-14,336.63,342.66,335.72,338.92,28352700
2023-07-17,337.10,338.33,333.66,337.06,20363900
2023-07-18,350.52,357.63,333.63,337.20,64738600
2023-07-19,346.22,353.42,343.65,352.72,39732900
2023-07-20,338.22,349.04,336.75,344.75,33778400
2023-07-21,335.19,341.56,331.35,340.44,69405400
2023-07-24,336.50,338.26,333.77,337.22,26678100
2023-07-25,342.22,343.11,336.46,338.45,41637700
2023-07-26,329.34,336.07,324.80,332.92,58383700
2023-07-27,322.47,332.81,320.84,331.99,39635300
2023-07-28,329.93,331.53,324.86,325.34,28484900
2023-07-31,327.54,329.27,325.04,328.51,25446000
2023-08-01,327.95,330.09,325.37,326.83,18311900
2023-08-02,319.33,325.31,318.22,325.31,27761300
2023-08-03,318.51,321.65,317.82,317.87,18253700
2023-08-04,319.60,326.78,319.08,323.60,23741500
2023-08-07,321.87,322.85,319.35,320.18,17741500
2023-08-08,317.92,320.55,314.94,318.80,22327600
2023-08-09,314.19,318.95,313.04,318.32,22373300
2023-08-10,314.87,320.07,313.17,317.89,20113700
2023-08-11,313.00,314.37,311.25,312.27,24355500
2023-08-14,315.96,315.97,312.09,313.37,18836100
2023-08-15,313.83,316.98,312.89,314.94,16966300
2023-08-16,313.07,317.00,312.48,313.46,20698900
2023-08-17,309.63,314.50,308.97,313.20,21257200
2023-08-18,309.24,311.09,304.42,307.29,24755000
2023-08-21,314.51,315.38,309.78,310.65,24040000
2023-08-22,315.08,318.62,314.10,318.05,16084600
2023-08-23,319.52,321.67,316.06,316.41,21166400
2023-08-24,312.65,325.36,312.64,325.23,23281400
2023-08-25,315.59,317.91,311.50,314.11,21684100
2023-08-28,316.29,318.69,314.36,318.21,14808500
2023-08-29,320.89,321.45,314.51,314.51,19284600
2023-08-30,321.27,322.26,318.98,321.15,15222100
2023-08-31,320.26,323.34,319.30,321.67,26411000
2023-09-01,321.14,324.39,319.30,323.73,14942000
2023-09-05,325.92,327.19,321.14,321.47,18553900
2023-09-06,325.26,326.81,322.62,325.75,17535800
2023-09-07,322.36,325.46,321.50,323.71,18381000
2023-09-08,326.62,328.47,321.92,322.54,19530100
2023-09-11,330.21,330.68,327.75,329.52,16583300
2023-09-12,324.18,329.08,323.89,328.13,17565500
2023-09-13,328.37,329.14,323.59,323.73,16544400
2023-09-14,330.95,333.06,328.87,331.39,20267000
2023-09-15,322.66,329.68,322.11,329.21,37679800
2023-09-18,321.53,322.84,318.89,320.30,16834200
2023-09-19,321.13,321.85,317.08,318.71,16505900
2023-09-20,313.43,322.05,313.17,321.97,21436500
2023-09-21,312.22,317.90,307.79,311.95,35560400
2023-09-22,309.76,314.09,308.91,313.97,21447900
2023-09-25,310.27,310.40,307.79,309.34,17836000
2023-09-26,305.00,308.65,302.92,307.92,26297600
2023-09-27,305.63,307.11,302.60,305.15,19410100
2023-09-28,306.46,308.26,302.37,303.87,19683600
2023-09-29,308.52,312.16,307.77,310.48,24147300
2023-10-02,314.44,314.52,307.97,309.04,20570000
2023-10-03,306.22,314.03,304.09,313.49,21033500
2023-10-04,311.66,312.72,306.81,306.84,20720100
2023-10-05,312.05,312.66,307.69,311.79,16965600
2023-10-06,319.77,321.66,309.06,309.31,25673600
2023-10-09,322.27,322.74,315.78,317.32,19891200
2023-10-10,320.87,323.52,320.17,323.39,20557100
2023-10-11,324.81,325.20,321.61,323.63,20063200
2023-10-12,323.58,325.99,321.20,323.00,19313100
2023-10-13,320.23,326.19,318.89,324.77,21072400
2023-10-16,325.03,328.45,323.03,323.47,22158000
2023-10-17,324.46,325.83,319.92,322.05,18338500
2023-10-18,322.56,327.91,320.79,324.88,23153600
2023-10-19,323.74,329.17,323.34,324.55,25052100
2023-10-20,319.19,324.32,318.00,324.13,25027700
2023-10-23,321.78,325.12,316.97,318.02,24374700
2023-10-24,322.97,324.25,320.10,323.72,31153600
2023-10-25,332.87,338.28,329.89,337.12,55053800
2023-10-26,320.39,333.81,319.46,332.75,37828500
2023-10-27,322.26,329.01,320.88,322.87,29856500
2023-10-30,329.59,331.68,324.24,325.78,22828100
2023-10-31,330.37,331.24,327.03,331.10,20265300
2023-11-01,338.15,339.47,331.88,332.01,28158800
2023-11-02,340.35,340.85,336.88,339.29,24348100
2023-11-03,344.73,346.28,339.38,341.63,23637700
2023-11-06,348.37,349.36,345.26,345.36,23828300
2023-11-07,352.28,354.16,349.45,351.17,25833900
2023-11-08,354.89,355.54,352.30,353.40,26767800
2023-11-09,352.44,356.44,352.11,354.01,24847300
2023-11-10,361.21,361.63,352.81,353.22,28042100
2023-11-13,358.29,360.04,357.53,359.79,19986500
2023-11-14,361.80,363.44,358.94,362.52,27683900
2023-11-15,361.94,365.33,359.44,363.52,26860100
2023-11-16,368.31,368.48,362.44,363.21,27182300
2023-11-17,362.12,366.54,359.33,365.80,40157000
2023-11-20,369.55,370.95,363.25,363.46,52465100
2023-11-21,365.27,368.36,363.36,367.82,28423100
2023-11-22,369.95,371.85,367.13,370.10,23345300
2023-11-24,369.54,370.07,367.30,369.44,10176600
2023-11-27,370.70,372.68,368.34,368.90,22179200
2023-11-28,374.70,374.99,370.26,370.44,20453100
2023-11-29,370.93,376.27,369.55,375.74,28963400
2023-11-30,370.99,372.15,367.62,370.58,30554400
2023-12-01,366.68,370.26,363.55,368.88,33040500
2023-12-04,361.42,361.80,355.31,361.38,32063300
2023-12-05,364.73,365.28,357.98,358.79,23065000
2023-12-06,361.09,366.36,360.34,365.73,21182100
2023-12-07,363.20,363.69,358.66,360.53,23118900
2023-12-08,366.41,366.63,360.53,361.48,20154400
2023-12-11,363.54,363.83,358.45,360.78,27708800
2023-12-12,366.55,366.59,362.72,363.10,24838300
2023-12-13,366.54,369.75,363.02,368.16,30955500
2023-12-14,358.28,365.95,356.52,365.51,43277500
2023-12-15,362.98,364.62,358.62,359.18,78502300
2023-12-18,364.86,365.20,360.97,361.73,21802900
2023-12-19,365.46,365.46,362.11,363.72,20603700
2023-12-20,362.87,368.17,362.79,367.16,26316700
2023-12-21,365.73,366.58,362.31,364.77,17708000
2023-12-22,366.75,367.34,364.92,365.87,17107500
2023-12-26,366.83,369.06,365.69,367.16,12673100
2023-12-27,366.25,367.22,365.02,365.88,14905400
2023-12-28,367.44,368.59,366.34,367.52,14327000
2023-12-29,368.18,369.28,365.67,368.14,18730800
2024-01-02,363.12,368.04,359.10,366.05,25258600
2024-01-03,362.85,365.46,360.81,361.30,23083500
2024-01-04,360.25,365.30,359.50,362.92,20901500
2024-01-05,360.06,364.28,358.84,361.26,21004600
2024-01-08,366.86,367.36,361.30,361.58,23134000
2024-01-09,367.94,368.13,363.43,364.23,20830000
2024-01-10,374.77,376.14,368.45,368.50,25514200
2024-01-11,376.59,382.51,372.43,377.93,27850800
2024-01-12,380.35,380.56,376.61,377.43,21661200
2024-01-16,382.11,385.79,379.52,385.43,27202300
2024-01-17,381.33,381.96,376.77,379.87,22234100
2024-01-18,385.64,385.75,381.97,383.53,23392100
2024-01-19,390.34,390.34,385.27,387.49,29331100
2024-01-22,388.22,392.25,385.36,391.66,27016900
2024-01-23,390.56,391.03,385.70,387.48,20525900
2024-01-24,394.15,397.15,392.08,393.15,24867000
2024-01-25,396.41,398.50,394.12,395.87,21021200
2024-01-26,395.49,397.68,394.02,395.92,17803300
2024-01-29,401.16,401.41,395.88,397.57,24510200
2024-01-30,400.05,404.42,397.95,403.64,33477600
2024-01-31,389.27,406.64,388.91,398.45,47871100
2024-02-01,395.34,399.47,393.40,393.43,30657700
2024-02-02,402.62,404.02,395.12,395.37,28256700
2024-02-05,397.17,402.57,395.55,401.33,25352300
2024-02-06,397.01,399.44,394.49,397.40,18382600
2024-02-07,405.40,405.64,398.88,398.92,22340500
2024-02-08,405.45,406.87,403.91,405.40,21225300
2024-02-09,411.76,412.02,406.41,406.57,22032800
2024-02-12,406.58,411.95,406.08,411.77,21202900
2024-02-13,397.83,401.50,394.96,396.48,27824900
2024-02-14,401.67,402.02,396.85,400.28,20401200
2024-02-15,398.80,401.32,396.57,400.35,21825500
2024-02-16,396.35,400.49,395.74,400.17,22296500
2024-02-20,395.10,396.77,390.41,395.54,24307900
2024-02-21,394.50,394.61,389.64,392.53,18518900
2024-02-22,403.79,404.95,400.77,402.36,27009900
2024-02-23,402.51,407.92,401.16,407.73,16295900
2024-02-26,399.76,404.29,399.58,403.60,16193500
2024-02-27,399.70,400.52,396.14,400.20,14835800
2024-02-28,399.94,401.49,397.58,400.39,13183100
2024-02-29,405.74,406.29,398.17,400.84,31947300
2024-03-01,407.57,407.93,403.04,403.42,17823400
2024-03-04,407.00,409.38,404.45,405.55,17596000
2024-03-05,394.96,406.34,392.99,406.06,26919200
2024-03-06,394.41,397.42,390.78,395.28,22344100
2024-03-07,401.33,401.96,394.56,398.37,18718500
2024-03-08,398.46,402.58,396.61,400.17,18002200
2024-03-11,396.80,397.93,393.60,396.05,16120800
2024-03-12,407.35,407.64,399.02,399.84,22457000
2024-03-13,407.18,410.20,403.59,410.12,17115900
2024-03-14,417.10,419.65,410.01,412.22,34157300
2024-03-15,408.47,414.53,404.91,411.28,45079900
2024-03-18,409.35,412.70,405.88,406.34,20106000
2024-03-19,413.36,413.62,407.62,409.85,19837900
2024-03-20,417.11,417.83,412.63,413.94,17860100
2024-03-21,421.17,422.59,419.00,421.62,21296200
2024-03-22,420.55,421.65,417.94,421.50,17648500
2024-03-25,414.79,419.25,413.56,417.12,18060500
2024-03-26,413.60,417.86,413.31,417.48,16725600
2024-03-27,413.38,416.35,411.01,416.34,16705000
2024-03-28,412.69,413.82,411.12,412.92,21871200
2024-04-01,416.46,419.72,414.16,415.86,16316000
2024-04-02,413.39,414.32,409.86,412.09,17912000
2024-04-03,412.42,415.18,411.09,411.72,16502300
2024-04-04,409.90,420.49,409.60,416.88,19370900
2024-04-05,417.40,418.37,410.33,411.99,16554800
2024-04-08,416.48,419.12,415.22,417.05,14272400
2024-04-09,418.14,419.57,413.57,418.30,12496900
2024-04-10,415.18,415.93,411.69,414.13,16216600
2024-04-11,419.76,421.17,414.30,417.69,17966400
2024-04-12,413.85,417.06,411.76,415.95,19253800
2024-04-15,405.74,418.67,405.54,418.46,20273500
2024-04-16,406.66,410.41,405.83,406.66,16765600
2024-04-17,403.98,410.88,402.50,409.28,15855500
2024-04-18,396.55,404.03,396.24,402.79,21029900
2024-04-19,391.50,397.74,390.18,396.32,30565800
2024-04-22,393.30,395.16,388.19,392.44,20286900
2024-04-23,399.79,400.41,395.36,396.52,15734500
2024-04-24,401.25,404.60,399.01,401.74,15065300
2024-04-25,391.42,392.26,380.62,386.51,40586500
2024-04-26,398.56,405.12,398.01,404.30,29694700
2024-04-29,394.57,398.56,391.57,397.51,19582100
2024-04-30,381.90,394.48,381.74,393.82,28781400
2024-05-01,387.40,394.05,382.86,385.11,23562500
2024-05-02,390.24,392.29,387.12,390.07,17709400
2024-05-03,398.90,399.38,394.19,394.60,17446700
2024-05-06,405.64,406.03,398.61,400.96,16996600
2024-05-07,401.52,406.75,401.28,406.74,20018200
2024-05-08,402.70,404.36,398.95,400.38,11792300
2024-05-09,404.45,404.84,401.29,402.73,14689700
2024-05-10,406.82,407.45,403.94,405.06,13402300
2024-05-13,405.82,410.36,402.98,410.03,15440200
2024-05-14,408.61,409.52,403.69,404.15,15109300
2024-05-15,415.75,416.47,410.04,410.66,22239500
2024-05-16,413.70,418.05,413.07,414.49,17530100
2024-05-17,412.93,415.59,410.79,415.22,15352200
2024-05-20,417.97,419.38,412.71,412.93,16272100
2024-05-21,421.61,425.47,417.49,419.44,21453300
2024-05-22,423.06,424.92,419.73,422.64,18073700
2024-05-23,419.60,426.09,418.05,425.47,17211700
2024-05-24,422.71,423.59,417.06,419.79,11855300
2024-05-28,422.87,423.36,419.21,422.19,15718000
2024-05-29,421.74,423.48,418.32,418.32,15517100
2024-05-30,407.49,416.95,407.06,416.95,28394500
2024-05-31,407.94,409.53,397.50,409.53,47995300
2024-06-03,406.36,409.22,401.84,408.33,17484700
2024-06-04,408.86,409.23,402.58,405.29,14348900
2024-06-05,416.67,416.73,409.09,410.57,16988000
2024-06-06,417.17,417.94,413.29,416.67,14861300
2024-06-07,416.51,418.90,415.67,418.82,13621700
2024-06-10,420.46,420.66,416.55,417.34,13982900
2024-06-11,425.18,425.32,417.88,418.11,14551100
2024-06-12,433.42,435.72,425.75,427.78,22366200
2024-06-13,433.93,435.71,431.76,433.21,15960600
2024-06-14,434.90,435.46,429.15,430.69,13582000
2024-06-17,440.60,443.13,433.09,434.92,20790000
2024-06-18,438.61,442.34,437.18,441.92,17112500
2024-06-20,437.98,438.79,433.63,438.57,19877400
2024-06-21,441.99,442.77,438.78,439.63,34187100
2024-06-24,439.92,444.91,438.68,442.01,15913700
2024-06-25,443.14,443.60,439.01,440.49,16413400
2024-06-26,444.33,445.74,440.43,441.22,16507000
2024-06-27,445.01,448.27,443.94,444.35,14806300
2024-06-28,439.21,447.49,438.68,445.22,28362300
2024-07-01,448.82,449.45,437.94,440.89,17662800
2024-07-02,451.32,451.63,445.26,445.35,13979800
2024-07-03,452.79,453.03,449.95,450.25,9932800
2024-07-05,459.46,460.24,451.02,451.65,16000300
2024-07-08,458.16,459.60,456.41,458.47,12962300
2024-07-09,451.58,459.23,450.07,458.91,17207200
2024-07-10,458.17,458.38,450.91,453.23,18196100
2024-07-11,446.82,456.73,443.73,454.96,23111200
2024-07-12,445.69,448.45,442.84,446.46,16324300
2024-07-15,446.10,449.34,443.61,445.45,14429400
2024-07-16,441.73,446.43,438.92,446.35,17175700
2024-07-17,435.84,437.14,431.57,434.92,21778000
2024-07-18,432.74,436.95,426.88,436.64,20794800
2024-07-19,429.54,433.50,424.52,425.60,20940400
2024-07-22,435.27,436.90,431.31,434.14,15808800
2024-07-23,437.14,440.62,435.42,436.21,13107100
2024-07-24,421.47,433.83,420.18,432.82,26805800
2024-07-25,411.15,422.35,410.28,421.37,29943800
2024-07-26,417.90,421.49,410.04,410.96,23583800
2024-07-29,419.34,424.66,417.34,424.10,15125800
2024-07-30,415.59,421.62,410.13,420.31,32687600
2024-07-31,411.10,414.47,405.07,413.22,42891400
2024-08-01,409.88,420.06,405.93,413.50,30296400
2024-08-02,401.41,407.81,397.34,405.34,29437900
2024-08-05,388.30,394.09,378.90,382.43,40709200
2024-08-06,392.69,398.64,391.60,393.07,24946500
2024-08-07,391.53,402.98,390.58,401.56,20650900
2024-08-08,395.71,398.83,393.01,395.47,20203000
2024-08-09,398.99,400.98,395.29,397.03,19276700
2024-08-12,399.76,401.68,397.24,400.01,16762900
2024-08-13,406.84,407.76,402.48,402.49,19414300
2024-08-14,409.64,410.48,405.31,407.61,18267000
2024-08-15,414.48,414.56,411.16,413.27,20752100
2024-08-16,411.96,414.79,410.81,414.06,22775600
2024-08-19,414.97,415.19,409.98,412.44,15234000
2024-08-20,418.19,419.24,415.08,415.14,16387600
2024-08-21,417.54,419.77,415.16,417.49,16067300
2024-08-22,409.09,420.15,408.16,417.76,19361900
2024-08-23,410.31,412.74,405.68,410.50,18493800
2024-08-26,407.06,410.79,404.94,409.89,13152800
2024-08-27,407.40,407.92,403.87,406.44,13492900
2024-08-28,404.21,408.55,400.98,408.43,14882700
2024-08-29,406.70,415.49,404.21,408.49,17045200
2024-08-30,410.65,411.00,405.72,409.14,24308300
2024-09-03,403.07,413.35,400.70,411.41,20313600
2024-09-04,402.54,404.84,398.08,399.60,15135800
2024-09-05,402.04,406.68,399.81,401.28,14195500
2024-09-06,395.45,404.26,394.57,402.70,19609500
2024-09-09,399.41,402.29,395.90,400.91,15295100
2024-09-10,407.76,409.86,401.36,401.85,19594300
2024-09-11,416.46,417.40,403.21,409.04,19266900
2024-09-12,420.36,420.72,413.22,416.73,17395700
2024-09-13,423.89,425.11,418.84,419.21,15874600
2024-09-16,424.63,426.79,421.56,423.90,13834700
2024-09-17,428.38,434.98,425.55,433.38,18874200
2024-09-18,424.11,429.25,423.72,428.24,18898000
2024-09-19,431.87,434.63,430.11,434.37,21706600
2024-09-20,428.50,432.41,427.47,430.42,55167100
2024-09-23,426.77,429.67,423.70,427.53,15128900
2024-09-24,422.50,426.61,419.47,426.27,17015800
2024-09-25,425.39,426.38,421.91,423.15,13396400
2024-09-26,424.60,428.53,422.46,428.32,14492000
2024-09-27,421.36,425.13,420.82,424.81,14896100
2024-09-30,423.61,423.73,418.75,421.55,16807300
2024-10-01,414.15,421.82,412.30,421.79,19092900
2024-10-02,410.64,416.24,410.23,416.01,16582300
2024-10-03,410.06,413.03,407.85,411.14,13686400
2024-10-04,409.59,413.22,408.52,411.74,19169700
2024-10-07,403.17,410.62,402.64,409.53,20919800
2024-10-08,408.26,409.20,401.82,404.51,19229300
2024-10-09,410.97,413.84,407.86,409.39,14974300
2024-10-10,409.37,410.86,406.72,408.77,13848400
2024-10-11,409.85,410.64,406.82,409.67,14144900
2024-10-14,412.62,417.45,411.03,411.27,16653100
2024-10-15,412.23,415.91,408.80,415.61,18900200
2024-10-16,409.65,409.89,404.10,408.71,15508900
2024-10-17,410.24,415.93,409.13,415.79,14820000
2024-10-18,411.66,413.12,409.79,410.65,17145300
2024-10-21,412.27,412.44,407.32,409.65,14206100
2024-10-22,420.86,423.88,411.54,411.98,25482200
2024-10-23,418.00,424.38,415.96,424.16,19654400
2024-10-24,418.12,419.36,415.83,418.72,13581600
2024-10-25,421.49,425.79,419.94,420.12,16899100
2024-10-28,419.96,425.22,419.67,424.95,14882400
2024-10-29,425.23,426.43,419.18,421.34,17644100
2024-10-30,425.80,431.68,425.38,430.64,29749100
2024-10-31,400.03,409.69,399.98,408.90,53971000
2024-11-01,403.99,409.04,401.16,402.65,24230400
2024-11-04,402.11,404.04,399.26,403.43,19672300
2024-11-05,405.06,408.45,401.73,402.02,17626000
2024-11-06,413.65,413.91,404.14,406.01,26681800
2024-11-07,418.81,420.21,413.35,414.73,19901800
2024-11-08,415.97,419.87,415.22,418.71,16891400
2024-11-11,411.51,418.20,409.53,415.95,24503300
2024-11-12,416.45,417.84,410.71,411.75,19401200
2024-11-13,418.59,422.65,411.71,415.08,21502200
2024-11-14,420.25,421.51,413.47,418.39,30246900
2024-11-15,408.55,416.22,407.21,413.29,28247600
2024-11-18,409.29,411.89,405.69,408.42,24727000
2024-11-19,411.29,411.44,405.15,406.69,18133500
2024-11-20,409.03,410.80,404.19,410.39,19191700
2024-11-21,407.26,414.08,404.72,413.80,20780200
2024-11-22,411.34,411.73,405.48,405.78,24814600
2024-11-25,413.10,415.36,409.22,412.70,27691100
2024-11-26,422.18,423.21,413.16,413.89,23458900
2024-11-27,417.25,421.43,416.29,419.34,18332400
2024-11-29,417.71,419.11,412.13,414.38,16271900
2024-12-02,425.13,427.12,415.59,415.84,20207200
2024-12-03,425.34,426.60,421.93,424.00,18302000
2024-12-04,431.48,433.70,426.75,427.15,26009400
2024-12-05,436.61,438.62,430.25,431.97,21697800
2024-12-06,437.55,440.04,435.77,436.29,18821000
2024-12-09,439.96,442.24,434.52,436.59,19144400
2024-12-10,437.31,443.51,435.60,438.35,18469500
2024-12-11,442.89,444.23,438.02,438.02,19200200
2024-12-12,443.45,449.96,443.01,443.01,20834800
2024-12-13,441.20,445.30,439.53,442.35,20177800
2024-12-16,445.46,446.04,439.23,441.20,23598800
2024-12-17,448.29,449.11,443.46,444.88,22733500
2024-12-18,431.45,446.50,431.08,445.19,24444500
2024-12-19,431.09,437.16,430.39,435.62,22963700
2024-12-20,430.67,437.71,422.81,427.23,64263700
2024-12-23,429.34,431.71,426.95,430.81,19152500
2024-12-24,433.36,433.63,428.29,428.75,7164500
2024-12-26,432.16,434.95,430.70,433.12,8194200
2024-12-27,424.68,429.31,420.56,428.70,18117700
2024-12-30,419.06,421.74,416.17,420.27,13158700
2024-12-31,415.78,420.93,414.95,420.31,13246500
2025-01-02,412.90,420.28,409.22,419.75,16896500
2025-01-03,417.60,418.27,413.84,415.36,16662900
2025-01-06,422.04,428.42,419.70,422.19,20573600
2025-01-07,416.63,424.80,415.09,423.17,18139100
2025-01-08,418.79,421.17,415.82,417.71,15054600
2025-01-10,413.26,418.94,409.38,418.86,20201100
2025-01-13,411.52,412.82,406.69,409.60,17604800
2025-01-14,410.02,414.04,405.14,412.14,16935900
2025-01-15,420.52,422.34,412.59,413.44,19637800
2025-01-16,418.81,423.66,418.63,422.88,15300000
2025-01-17,423.20,428.58,422.36,428.19,26197500
2025-01-21,422.68,425.05,419.82,424.36,26085700
2025-01-22,440.14,441.20,430.08,431.62,27803800
2025-01-23,440.64,440.68,435.50,436.00,18389300
2025-01-24,438.03,440.58,435.41,439.11,15549500
2025-01-27,428.66,429.29,417.75,418.25,35647800
2025-01-28,441.13,442.29,425.52,428.70,23491700
2025-01-29,436.32,440.81,434.42,440.62,23581400
2025-01-30,409.35,417.12,407.55,413.08,54586300
2025-01-31,409.42,414.98,409.28,413.29,34161900
2025-02-03,405.34,409.77,403.11,406.01,25679100
2025-02-04,406.77,408.30,404.18,407.09,20532100
2025-02-05,407.68,408.21,404.83,406.75,16316700
2025-02-06,410.17,412.52,408.38,408.38,16309800
2025-02-07,404.19,412.96,402.56,410.82,22886800
2025-02-10,406.62,409.82,405.34,408.09,20817900
2025-02-11,405.85,406.89,403.74,404.08,18140600
2025-02-12,403.48,405.17,398.88,401.68,19121700
2025-02-13,404.96,405.42,400.84,401.47,23891700
2025-02-14,402.88,403.36,400.37,402.25,22758500
2025-02-18,404.08,405.02,400.98,402.46,21423100
2025-02-19,409.14,409.85,402.11,402.34,24114200
2025-02-20,411.30,414.44,407.75,410.47,23508700
2025-02-21,403.47,413.20,403.16,412.50,27524800
2025-02-24,399.31,404.62,394.69,403.77,26443700
2025-02-25,393.28,397.26,392.10,396.45,29387400
2025-02-26,395.09,398.92,389.68,393.39,19619000
2025-02-27,387.98,401.03,387.62,396.61,21127400
2025-02-28,392.38,393.02,382.08,388.10,32845700
2025-03-03,383.98,394.19,381.68,394.19,23007700
2025-03-04,384.10,388.02,376.58,378.95,29342900
2025-03-05,396.37,397.01,384.30,384.82,23433100
2025-03-06,392.28,397.48,388.12,389.71,23304600
2025-03-07,388.75,390.22,381.07,387.77,22034100
2025-03-10,375.75,381.92,372.84,381.36,32840100
2025-03-11,376.04,381.52,372.54,374.60,30380200
2025-03-12,378.82,380.75,374.55,378.51,24253600
2025-03-13,374.38,380.85,373.07,378.71,20473000
2025-03-14,384.05,385.70,375.11,375.37,19952800
2025-03-17,384.19,388.15,381.10,382.21,22474300
2025-03-18,379.07,382.88,376.68,382.58,19486900
2025-03-19,383.32,385.16,379.54,381.06,19185500
2025-03-20,382.35,387.24,378.83,381.26,18470500
2025-03-21,386.72,387.19,378.36,378.77,39675900
2025-03-24,388.52,390.81,385.29,390.81,21004500
2025-03-25,390.58,391.76,388.08,389.35,15775000
2025-03-26,385.45,390.72,384.06,390.42,16108400
2025-03-27,386.05,387.69,382.91,385.60,13766800
2025-03-28,374.40,384.61,372.56,383.58,21632000
2025-03-31,371.03,372.69,362.98,368.22,35184700
2025-04-01,377.76,378.41,368.90,370.30,19689500
2025-04-02,377.71,380.61,372.25,373.58,16092600
2025-04-03,368.78,373.10,365.06,370.44,30198000
2025-04-04,355.66,370.24,355.31,359.91,49209900
2025-04-07,353.71,366.70,340.79,346.81,50425000
2025-04-08,350.45,369.31,346.19,363.99,35868900
2025-04-09,385.96,388.67,349.00,349.44,50199700
2025-04-10,376.93,379.45,363.53,377.63,38024400
2025-04-11,383.94,385.52,374.49,376.22,23839200
2025-04-14,383.31,390.07,379.75,388.66,19251200
2025-04-15,381.25,387.34,379.70,384.00,17199900
2025-04-16,367.30,377.18,363.73,376.25,21967800
2025-04-17,363.51,369.98,362.63,369.41,21120200
2025-04-21,354.95,360.25,351.54,358.61,20807300
2025-04-22,362.56,363.50,355.68,359.16,19485000
2025-04-23,370.05,375.98,368.69,371.70,20545500
2025-04-24,382.81,383.94,370.84,371.34,22232300
2025-04-25,387.30,387.61,380.14,382.51,18973200
2025-04-28,386.62,388.18,382.15,387.41,16579400
2025-04-29,389.47,390.52,385.85,386.76,14974000
2025-04-30,390.67,392.06,379.98,385.77,36461100
2025-05-01,420.46,431.92,419.97,426.11,58938100
2025-05-02,430.23,434.34,425.00,426.73,30757400
2025-05-05,431.11,434.40,427.10,427.85,20136100
2025-05-06,428.28,432.65,426.17,427.19,15104200
2025-05-07,428.32,433.04,426.11,428.81,23295300
2025-05-08,433.09,438.52,430.61,432.85,23491300
2025-05-09,433.64,435.63,430.82,434.89,15324200
2025-05-12,444.05,444.16,434.68,440.77,22821900
2025-05-13,443.93,445.44,440.19,442.58,23618800
2025-05-14,447.68,448.63,442.94,442.94,19902800
2025-05-15,448.69,451.72,446.02,446.36,21992300
2025-05-16,449.82,449.91,444.34,447.63,23849800
2025-05-19,454.38,455.09,446.39,446.47,21336500
2025-05-20,453.69,453.85,449.87,451.13,15441800
2025-05-21,448.14,453.30,447.39,450.12,19216900
2025-05-22,450.41,455.74,449.46,450.50,18025600
2025-05-23,445.77,449.25,444.52,445.58,16883500
2025-05-27,456.18,456.44,451.66,452.01,20974300
2025-05-28,452.88,457.99,452.46,456.71,17086300
2025-05-29,454.19,457.20,450.85,457.03,13974800
2025-05-30,455.85,457.16,451.08,455.22,34770500
2025-06-02,457.45,457.59,452.42,452.67,16626500
2025-06-03,458.44,459.60,456.35,456.95,15743800
2025-06-04,459.33,461.13,458.49,459.46,14162700
2025-06-05,463.10,465.05,459.49,460.41,20131700
2025-06-06,465.78,468.71,464.19,465.49,15285600
2025-06-09,468.12,468.80,464.03,465.10,16469900
2025-06-10,466.31,468.17,462.39,466.58,15375900
2025-06-11,467.99,470.82,465.06,465.42,16399200
2025-06-12,474.18,475.72,468.89,470.37,18950600
2025-06-13,470.31,474.49,468.13,471.75,16814500
2025-06-16,474.45,475.98,470.35,470.56,15626100
2025-06-17,473.36,474.05,469.44,470.75,15414100
2025-06-18,475.54,476.29,469.82,473.32,17526500
2025-06-20,472.73,478.73,472.20,477.51,37576200
2025-06-23,481.24,482.98,467.88,473.53,24864000
2025-06-24,485.31,487.04,482.04,484.16,22305600
2025-06-25,487.45,489.72,484.60,487.22,17495100
2025-06-26,492.58,493.17,487.99,488.15,21578900
2025-06-27,491.09,494.41,488.20,492.68,34539200
2025-06-30,492.54,495.86,490.48,492.17,28369000
2025-07-01,487.23,493.17,486.17,491.61,19945400
2025-07-02,486.28,488.67,483.92,485.19,16319600
2025-07-03,493.96,495.23,488.61,488.98,13984800
2025-07-07,492.85,493.87,490.38,492.51,13981600
2025-07-08,491.76,493.32,489.27,492.37,11846600
2025-07-09,498.58,501.82,494.85,495.40,18659500
2025-07-10,496.57,499.50,492.88,498.13,16492100
2025-07-11,498.39,500.09,492.93,493.59,16459500
2025-07-14,498.10,499.04,496.13,496.61,12058800
2025-07-15,500.87,503.32,497.87,498.10,14927200
2025-07-16,500.67,501.76,496.98,500.24,15154400
2025-07-17,506.69,508.34,500.67,500.73,17503100
2025-07-18,505.06,509.60,502.46,509.44,21209700
2025-07-21,505.07,507.08,500.60,501.75,14066800
2025-07-22,500.32,506.20,500.32,505.97,13868600
2025-07-23,500.92,501.83,495.80,501.79,16396600
2025-07-24,505.88,508.64,502.33,503.79,16107000
2025-07-25,508.68,513.22,505.36,507.45,19125700
2025-07-28,507.48,509.96,505.13,509.05,14308000
2025-07-29,507.55,512.55,506.55,510.48,16469200
2025-07-30,508.22,510.90,504.45,510.13,26380400
2025-07-31,528.28,550.01,526.69,549.80,51617300
2025-08-01,518.98,530.56,515.76,529.76,28977600
2025-08-04,530.40,532.98,522.96,523.10,25349000
2025-08-05,522.58,532.04,522.08,531.92,19171600
2025-08-06,519.80,526.50,518.90,525.70,21355700
2025-08-07,515.74,522.92,512.48,521.64,16079100
2025-08-08,516.93,519.52,514.33,517.48,15531000
2025-08-11,516.66,522.43,514.63,517.19,20194400
2025-08-12,524.06,525.78,517.58,518.62,18667000
2025-08-13,515.48,527.49,514.29,526.90,19619200
2025-08-14,517.37,520.80,515.05,517.44,20269100
2025-08-15,515.08,520.95,514.00,517.65,25213300
2025-08-18,512.04,517.70,508.99,516.48,23760600
2025-08-19,504.78,510.12,503.57,509.96,21481000
2025-08-20,500.77,506.00,499.50,504.88,27723000
2025-08-21,500.13,503.49,498.62,499.58,18443300
2025-08-22,503.09,506.56,498.31,500.14,24324200
2025-08-25,500.14,504.04,500.01,502.50,21638600
2025-08-26,497.94,500.86,494.44,500.24,30835700
2025-08-27,502.60,503.15,495.82,497.90,17277900
2025-08-28,505.48,506.92,501.37,502.95,18015600
2025-08-29,502.56,505.44,500.37,504.51,20961600
2025-09-02,501.00,501.87,492.76,496.39,18128000
2025-09-03,501.23,503.65,498.22,499.68,16345100
2025-09-04,503.82,504.00,499.04,500.18,15509500
2025-09-05,490.96,507.79,488.35,504.92,31994800
2025-09-08,494.13,497.11,490.99,494.05,16771000
2025-09-09,494.34,498.15,493.64,497.34,14410500
2025-09-10,496.29,499.12,492.67,498.88,21611800
2025-09-11,496.92,499.06,493.82,498.15,18881600
2025-09-12,505.74,508.37,499.74,502.52,23624900
2025-09-15,511.15,511.26,502.86,504.64,17143800
2025-09-16,504.89,513.01,504.45,512.66,19711900
2025-09-17,505.86,507.12,501.80,506.45,15816600
2025-09-18,504.30,508.88,503.52,507.32,18913700
2025-09-19,513.70,515.06,506.15,506.39,52474100
2025-09-22,510.25,513.51,508.36,511.38,20009300
2025-09-23,505.07,510.39,503.17,509.61,19799600
2025-09-24,505.99,508.30,502.78,506.22,13533700
2025-09-25,502.89,505.85,500.92,504.15,15786500
2025-09-26,507.29,509.75,502.49,505.90,16213100
2025-09-29,510.40,512.63,504.73,507.33,17617800
2025-09-30,513.72,513.93,505.50,509.05,19728200
2025-10-01,515.47,516.26,507.51,510.60,22632300
2025-10-02,511.53,517.34,506.51,513.42,21222900
2025-10-03,513.13,516.24,510.80,512.88,15112300
2025-10-06,524.26,526.70,513.97,514.38,21388600
2025-10-07,519.70,525.48,517.18,523.98,14615200
2025-10-08,520.57,522.65,518.82,519.01,13363400
2025-10-09,518.14,520.05,513.18,518.08,18343600
2025-10-10,506.79,519.31,505.47,515.40,24133800
2025-10-13,509.86,512.20,507.50,512.20,14284200
2025-10-14,509.38,511.08,501.87,506.07,14684300
2025-10-15,509.24,512.97,505.84,510.76,14694700
2025-10-16,507.43,512.63,503.98,508.40,15559600
2025-10-17,509.39,511.27,503.17,504.89,19867800
2025-10-20,512.57,514.47,509.24,510.41,14665600
2025-10-21,513.44,514.46,508.85,513.28,15586200
2025-10-22,516.29,520.94,513.49,516.90,18962700
2025-10-23,516.31,519.67,514.38,518.20,14023500
2025-10-24,519.34,521.06,516.46,518.52,15532400
2025-10-27,527.18,530.22,524.69,527.44,18734700
2025-10-28,537.65,549.20,536.36,545.51,29986700
2025-10-29,537.13,541.81,532.35,540.49,36023000
2025-10-30,521.47,530.60,517.86,526.15,41023100
2025-10-31,513.58,525.00,510.90,524.56,34006400
2025-11-03,512.81,520.68,510.39,515.57,22374700
2025-11-04,510.13,511.34,503.70,507.58,20958700
2025-11-05,503.02,510.63,502.45,509.11,23024300
2025-11-06,493.04,501.57,491.76,501.53,27406500
2025-11-07,492.77,495.30,489.22,492.89,24019800
2025-11-10,501.87,502.71,494.73,495.96,26101500
2025-11-11,504.53,505.44,498.25,500.68,17980000
2025-11-12,506.97,507.49,495.05,505.20,26574900
2025-11-13,499.18,509.31,497.20,506.15,25273100
2025-11-14,506.02,507.43,493.38,494.16,28505700
2025-11-17,503.35,507.94,500.79,504.30,19092800
2025-11-18,489.76,498.88,482.81,491.33,33815100
2025-11-19,483.14,491.15,478.89,486.10,23245300
2025-11-20,475.41,490.46,472.50,489.60,26802500
2025-11-21,469.14,475.90,465.32,475.48,31769200
2025-11-24,471.01,473.89,465.07,472.01,34421000
2025-11-25,473.98,476.13,461.96,471.08,28019800
2025-11-26,482.44,485.23,478.17,483.24,25709100
2025-11-28,488.91,489.52,483.58,484.53,14386700
2025-12-01,483.67,486.77,481.59,485.36,23964000
2025-12-02,486.91,490.39,483.25,483.65,19562700
2025-12-03,474.72,481.19,472.20,473.32,34615100
2025-12-04,477.81,478.29,473.49,476.74,22318200
2025-12-05,480.11,480.35,475.86,479.48,22608700
2025-12-08,487.92,489.20,481.33,481.83,21965900
2025-12-09,488.92,489.02,485.42,486.02,14696100
2025-12-10,475.54,481.20,472.09,480.98,35756200
2025-12-11,480.42,482.97,472.86,473.63,24669200
2025-12-12,475.51,479.41,473.34,476.80,21248100
2025-12-15,471.83,477.69,469.54,477.07,23727700
2025-12-16,473.39,474.88,467.91,468.94,20705600
2025-12-17,473.12,476.97,472.01,473.90,24527200
2025-12-18,480.93,486.51,474.88,475.18,28573500
2025-12-19,482.86,484.77,479.45,484.29,70836100
2025-12-22,481.86,485.65,479.65,483.06,16963000
2025-12-23,483.78,484.75,481.68,481.92,14683600
2025-12-24,484.94,486.08,481.77,482.62,5855900
2025-12-26,484.64,485.04,482.90,483.64,8842200
2025-12-29,484.03,485.27,481.13,481.80,10893400
2025-12-30,484.41,486.59,482.44,482.87,13944500
2025-12-31,480.57,485.06,480.25,484.76,15601600
2026-01-02,469.96,481.60,467.20,481.34,25571600
2026-01-05,469.87,473.07,466.54,471.07,25250300
2026-01-06,475.49,475.72,466.79,470.81,23037700
2026-01-07,480.42,486.61,474.94,476.74,25564200
2026-01-08,475.10,479.62,472.86,478.21,18162600
2026-01-09,476.26,476.80,469.22,471.07,18491000
2026-01-12,474.17,477.96,472.68,473.66,23519900
2026-01-13,467.70,472.78,463.01,471.69,28545800
2026-01-14,456.48,465.25,454.29,463.52,28184300
2026-01-15,453.78,461.32,453.03,461.19,23225800
2026-01-16,456.96,460.27,453.60,454.94,34246700
2026-01-20,451.65,453.92,446.45,448.38,26130000
2026-01-21,441.31,449.84,435.91,449.75,37980500
2026-01-22,448.30,449.99,441.90,444.80,25349400
2026-01-23,463.01,468.13,447.69,449.02,38000200
2026-01-26,467.32,471.26,459.09,462.38,29291200
2026-01-27,477.55,479.83,470.18,470.71,29213900
2026-01-28,478.59,480.69,474.99,480.16,36875400
2026-01-29,430.77,439.71,418.37,437.22,128855300
2026-01-30,427.58,436.83,423.76,436.40,58566800
2026-02-02,420.70,428.02,419.59,427.53,42219900
2026-02-03,408.62,419.39,405.98,419.35,61424100
2026-02-04,411.58,417.15,406.66,408.41,45012400
2026-02-05,391.19,405.73,389.85,404.87,66289200
2026-02-06,398.61,399.26,390.44,396.65,53515300
2026-02-09,410.99,412.27,398.34,402.30,45480500
2026-02-10,410.66,421.01,410.10,416.97,44857900
2026-02-11,401.82,413.83,398.48,413.56,42491000
2026-02-12,399.31,403.64,395.50,402.45,40802400
2026-02-13,398.79,402.98,395.54,401.90,34091600
2026-02-17,394.36,398.00,392.04,396.70,32078800
2026-02-18,397.08,400.02,393.82,395.62,23223400
2026-02-19,396.85,402.80,395.07,399.07,28234000
2026-02-20,395.63,398.51,393.57,394.51,34015200
2026-02-23,382.92,393.76,381.55,393.41,43238300
2026-02-24,387.43,387.79,380.17,382.59,33884700
2026-02-25,398.98,399.85,388.59,388.95,43625500
2026-02-26,400.10,405.85,397.13,403.08,34405900
2026-02-27,391.15,395.22,388.31,389.30,51367200
2026-03-02,396.94,399.57,389.05,391.27,35474900
2026-03-03,402.30,405.06,391.09,391.55,38199200
2026-03-04,403.56,409.37,398.69,399.65,35808000
2026-03-05,409.02,409.95,402.77,402.79,39001300
2026-03-06,407.31,411.38,406.86,407.55,31123900
2026-03-09,407.76,408.55,401.87,403.29,30131900
2026-03-10,404.12,408.54,401.30,408.38,31706400
2026-03-11,403.25,407.36,399.97,403.93,25512100
2026-03-12,400.24,404.48,400.09,403.00,27263900
2026-03-13,393.95,403.17,392.66,399.38,26848000
2026-03-16,398.34,399.01,393.20,396.46,27733700
2026-03-17,397.80,402.77,396.14,398.65,26228300
2026-03-18,390.21,396.39,389.42,395.53,25908500
2026-03-19,387.45,390.91,385.50,388.53,25138800
2026-03-20,380.33,385.44,378.59,385.23,50853200
2026-03-23,381.45,385.65,380.14,382.35,29680100
2026-03-24,371.24,380.93,370.35,380.82,42733600
2026-03-25,369.54,375.54,368.14,375.40,31181200
2026-03-26,364.49,373.21,363.72,369.32,36836600
2026-03-27,355.33,360.99,355.07,360.44,37883400
2026-03-30,357.51,363.89,354.84,360.44,44797000
2026-03-31,368.68,371.39,361.60,363.08,45244400
2026-04-01,367.88,372.48,366.71,371.98,29417200
2026-04-02,371.95,372.13,362.68,365.73,24099100
2026-04-06,371.38,372.22,368.01,371.98,16146600
2026-04-07,370.79,370.95,365.08,368.85,21443300
2026-04-08,372.82,383.45,369.91,383.43,33064800
2026-04-09,371.56,371.99,365.57,371.00,30435300
2026-04-10,369.37,374.12,368.54,371.47,28111100
2026-04-13,382.82,382.99,369.52,372.10,35745800
2026-04-14,391.52,393.10,384.96,386.35,37504500
2026-04-15,409.56,412.70,395.13,396.39,45063400
2026-04-16,418.56,419.12,410.48,418.17,41642400
2026-04-17,421.08,429.84,418.99,423.11,48568200
2026-04-20,416.38,421.62,414.62,419.45,27582200
2026-04-21,422.45,425.46,415.52,418.54,32048500
2026-04-22,431.17,431.95,421.96,424.47,29378200
2026-04-23,414.07,421.95,409.75,418.20,38308000
2026-04-24,422.91,423.23,414.12,415.29,27457400
2026-04-27,423.11,425.39,415.39,420.68,30867300
2026-04-28,427.52,428.18,420.20,422.86,30438100
2026-04-29,422.75,425.10,418.59,422.87,38288300
2026-04-30,406.13,412.75,396.40,409.15,70909400
2026-05-01,412.77,415.43,408.78,411.13,31372400
2026-05-04,411.95,419.08,409.14,409.88,28066500
2026-05-05,409.72,415.10,407.15,413.64,25700900
2026-05-06,412.29,416.73,403.47,406.35,30285900
2026-05-07,419.07,426.25,417.07,418.41,34942400
2026-05-08,413.44,416.94,412.33,415.71,33383800
2026-05-11,410.99,411.02,403.86,406.22,35657900
2026-05-12,406.12,413.82,405.00,412.81,38594200
2026-05-13,403.57,404.67,399.41,401.57,29667100
2026-05-14,407.78,410.18,399.26,402.85,27077500
2026-05-15,420.22,426.44,411.24,412.60,50771200
2026-05-18,421.83,423.40,413.93,414.94,32564100
2026-05-19,415.74,430.95,414.81,428.16,33018700
2026-05-20,419.36,420.40,409.64,412.50,27864000
2026-05-21,418.30,425.54,414.93,423.95,31393500
2026-05-22,417.78,423.60,415.55,418.75,22390300
2026-05-26,415.25,418.98,412.24,415.65,30398000
2026-05-27,411.89,415.16,408.81,410.24,28901500
2026-05-28,426.19,428.68,411.89,412.20,47250500
2026-05-29,449.39,449.48,431.55,431.74,79654400
2026-06-01,459.65,465.44,457.41,463.97,53628900
2026-06-02,440.48,452.65,439.60,446.04,37036800
2026-06-03,426.54,439.56,423.45,437.63,39037000
2026-06-04,427.25,435.33,425.61,434.99,26899500
2026-06-05,415.89,428.66,413.62,427.54,34782200
2026-06-08,410.97,416.38,407.79,413.36,32086700
2026-06-09,402.65,411.21,397.73,408.26,35317300
2026-06-10,396.61,404.28,396.41,397.80,32576000
2026-06-11,389.61,396.10,383.28,394.47,47224100
2026-06-12,390.01,391.00,381.55,390.69,34865800
2026-06-15,399.01,401.00,392.11,396.05,32266400
2026-06-16,393.09,396.09,389.96,395.05,31506800
2026-06-17,378.20,389.64,376.61,389.52,41987800
2026-06-18,378.69,380.65,372.58,377.11,59714200
2026-06-22,366.65,380.91,366.38,375.03,45171100
2026-06-23,373.24,376.51,369.97,371.68,40647600
2026-06-24,364.77,378.17,364.09,370.87,44509900
2026-06-25,352.17,363.55,348.54,362.09,66179000
2026-06-26,372.27,375.90,354.76,356.48,186201600
2026-06-29,367.88,379.79,359.22,376.79,51229900
2026-06-30,372.32,373.45,366.76,370.33,44945700
2026-07-01,383.56,388.10,374.19,380.11,48065800
2026-07-02,389.76,391.46,382.98,383.76,42128900
2026-07-06,386.01,388.42,380.50,386.31,34224500
2026-07-07,388.11,394.83,387.49,391.75,29297500
2026-07-08,382.62,384.59,380.61,383.31,25908300
2026-07-09,383.64,383.93,372.65,373.75,31083200
2026-07-10,384.38,391.17,380.78,387.07,24644600
2026-07-13,390.26,392.91,383.43,387.02,28914900
2026-07-14,384.21,387.46,377.94,382.10,27863900
2026-07-15,394.89,398.21,385.67,387.07,36253700
2026-07-16,400.35,405.23,391.31,397.56,37047400
2026-07-17,393.08,397.64,388.66,394.12,33049800
2026-07-20,401.53,402.42,388.92,390.67,27915800
2026-07-21,397.00,400.72,395.58,398.06,24126600
2026-07-22,389.61,400.25,386.23,398.83,28142500
2026-07-23,380.86,391.04,376.68,389.24,30351800
2026-07-24,380.98,388.30,379.93,386.32,27659400
2026-07-27,388.37,393.46,387.26,389.35,27856200
2026-07-28,392.61,399.57,390.56,392.42,32367500
2026-07-29,389.81,400.50,388.01,392.66,47209000
2026-07-30,450.25,457.83,431.63,437.08,110160700
2026-07-31,463.85,465.96,448.49,449.15,60846000
2026-08-03,486.73,490.73,474.11,475.24,66762100
2026-08-04,491.88,498.50,478.27,480.00,50455500
2026-08-05,486.54,497.30,484.77,495.43,33388900
2026-08-06,498.92,500.62,487.60,487.63,36441500
2026-08-07,499.05,504.23,497.79,498.27,28846200
2026-08-10,505.11,512.76,501.33,502.49,31206100
2026-08-11,502.86,504.38,498.61,503.38,23049800
2026-08-12,491.50,500.56,490.60,499.05,29001500
2026-08-13,495.95,500.40,492.08,492.34,23039000
2026-08-14,494.47,499.07,492.99,495.43,16217600
2026-08-17,479.45,491.73,477.51,489.22,29635800
2026-08-18,480.73,483.36,476.25,480.64,24087600
2026-08-19,483.40,488.38,478.46,479.17,19961900
2026-08-20,481.15,484.16,479.50,483.30,20020800
2026-08-21,483.24,486.36,478.53,479.88,22510800
2026-08-24,487.31,490.61,481.86,483.21,17216300
